experiment_id,patient_id,timestamp,heart_rate,lung_volume,t_htu,h_htu,t_bmpA,p_bmpA,t_bmpB,p_bmpB,t_bmpC,p_bmpC,o2,co2,imu_x,imu_y,imu_z,ppg_ir,ppg_red,bmi_gyro_x,bmi_gyro_y,bmi_gyro_z,ppg_spo2,hrv_sdnn,bat_state,source
5acf237f-7b18-41f8-b081-ee95f05ce947,c9549b4e-052f-421d-b8f7-e4aa2078007e,2026-05-16T13:48:22.298Z,0,,29.276748657226562,31.60528564453125,29.107894897460938,100732.1875,29.067047119140625,100598.203125,42.92176818847656,100475.203125,20.91431999206543,0,0.486572265625,-0.85498046875,0.006103515625,0,0,-16.78466796875,0.6103515625,-5.7373046875,0,0,"0",full
5acf237f-7b18-41f8-b081-ee95f05ce947,c9549b4e-052f-421d-b8f7-e4aa2078007e,2026-05-16T13:48:22.372Z,0,,29.276748657226562,31.60528564453125,29.107498168945312,100732.265625,29.06683349609375,100598.40625,42.92230224609375,100475.265625,20.91431999206543,0,0.540771484375,-0.964111328125,0.043212890625,0,0,4.0283203125,-1.220703125,-14.22119140625,0,0,"0",full
5acf237f-7b18-41f8-b081-ee95f05ce947,c9549b4e-052f-421d-b8f7-e4aa2078007e,2026-05-16T13:48:22.373Z,0,,29.276748657226562,31.6129150390625,29.107498168945312,100732.265625,29.066314697265625,100598.40625,42.92289733886719,100475.28125,20.91431999206543,0,0.540771484375,-0.964111328125,0.043212890625,0,0,4.0283203125,-1.220703125,-14.22119140625,0,0,"0",full
5acf237f-7b18-41f8-b081-ee95f05ce947,c9549b4e-052f-421d-b8f7-e4aa2078007e,2026-05-16T13:48:22.454Z,0,,29.276748657226562,31.6129150390625,29.107498168945312,100732.265625,29.066314697265625,100598.40625,42.92225646972656,100475.328125,20.91431999206543,0,0.540771484375,-0.964111328125,0.043212890625,0,0,4.0283203125,-1.220703125,-14.22119140625,0,0,"0",full
5acf237f-7b18-41f8-b081-ee95f05ce947,c9549b4e-052f-421d-b8f7-e4aa2078007e,2026-05-16T13:48:22.486Z,0,,29.276748657226562,31.6129150390625,29.109634399414062,100732.171875,29.067230224609375,100598.4375,42.92266845703125,100475.328125,20.91431999206543,0,0.40576171875,-0.73779296875,0.03515625,0,0,1.46484375,-12.5732421875,-4.94384765625,0,0,"0",full
5acf237f-7b18-41f8-b081-ee95f05ce947,c9549b4e-052f-421d-b8f7-e4aa2078007e,2026-05-16T13:48:22.554Z,0,,29.276748657226562,31.6129150390625,29.109634399414062,100732.171875,29.067230224609375,100598.4375,42.92524719238281,100475.4375,20.91431999206543,0,0.40576171875,-0.73779296875,0.03515625,0,0,1.46484375,-12.5732421875,-4.94384765625,0,0,"0",full
5acf237f-7b18-41f8-b081-ee95f05ce947,c9549b4e-052f-421d-b8f7-e4aa2078007e,2026-05-16T13:48:22.615Z,0,,29.276748657226562,31.6129150390625,29.110214233398438,100732.078125,29.0694580078125,100598.5625,42.92388916015625,100475.4375,20.91431999206543,0,0.437255859375,-0.9658203125,0.13916015625,0,0,3.84521484375,15.869140625,-24.0478515625,0,0,"0",full
5acf237f-7b18-41f8-b081-ee95f05ce947,c9549b4e-052f-421d-b8f7-e4aa2078007e,2026-05-16T13:48:22.625Z,0,,29.276748657226562,31.65106201171875,29.109024047851562,100732.046875,29.0694580078125,100598.5625,42.92388916015625,100475.4375,20.91431999206543,0,0.4287109375,-0.943115234375,0.091796875,0,0,4.69970703125,14.46533203125,-20.20263671875,0,0,"0",full
5acf237f-7b18-41f8-b081-ee95f05ce947,c9549b4e-052f-421d-b8f7-e4aa2078007e,2026-05-16T13:48:22.726Z,0,,29.276748657226562,31.65106201171875,29.109024047851562,100732.046875,29.0694580078125,100598.5625,42.92327880859375,100475.46875,20.91431999206543,0,0.4287109375,-0.943115234375,0.091796875,0,0,4.69970703125,14.46533203125,-20.20263671875,0,0,"0",full
5acf237f-7b18-41f8-b081-ee95f05ce947,c9549b4e-052f-421d-b8f7-e4aa2078007e,2026-05-16T13:48:22.764Z,0,,29.276748657226562,31.65106201171875,29.107742309570312,100731.875,29.067779541015625,100598.578125,42.92327880859375,100475.46875,20.91431999206543,0,0.31494140625,-0.834716796875,0.060546875,0,0,-0.30517578125,5.55419921875,7.4462890625,0,0,"0",full
5acf237f-7b18-41f8-b081-ee95f05ce947,c9549b4e-052f-421d-b8f7-e4aa2078007e,2026-05-16T13:48:22.832Z,0,,29.276748657226562,31.65106201171875,29.107742309570312,100731.875,29.067779541015625,100598.578125,42.92335510253906,100475.46875,20.91431999206543,0,0.31494140625,-0.834716796875,0.060546875,0,0,-0.30517578125,5.55419921875,7.4462890625,0,0,"0",full
5acf237f-7b18-41f8-b081-ee95f05ce947,c9549b4e-052f-421d-b8f7-e4aa2078007e,2026-05-16T13:48:22.892Z,0,,29.276748657226562,31.65106201171875,29.10870361328125,100731.65625,29.066085815429688,100598.578125,42.92372131347656,100475.5,20.91431999206543,0,0.40087890625,-0.951416015625,0.02734375,0,0,2.3193359375,28.076171875,2.62451171875,0,0,"0",full
5acf237f-7b18-41f8-b081-ee95f05ce947,c9549b4e-052f-421d-b8f7-e4aa2078007e,2026-05-16T13:48:22.907Z,0,,29.266021728515625,31.6434326171875,29.10870361328125,100731.65625,29.0657958984375,100598.5625,42.92372131347656,100475.5,20.91431999206543,0,0.40087890625,-0.951416015625,0.02734375,0,0,2.3193359375,28.076171875,2.62451171875,0,0,"0",full
5acf237f-7b18-41f8-b081-ee95f05ce947,c9549b4e-052f-421d-b8f7-e4aa2078007e,2026-05-16T13:48:22.981Z,0,,29.266021728515625,31.6434326171875,29.10870361328125,100731.65625,29.0657958984375,100598.5625,42.92425537109375,100475.453125,20.91431999206543,0,0.40087890625,-0.951416015625,0.02734375,0,0,2.3193359375,28.076171875,2.62451171875,0,0,"0",full
5acf237f-7b18-41f8-b081-ee95f05ce947,c9549b4e-052f-421d-b8f7-e4aa2078007e,2026-05-16T13:48:23.011Z,0,,29.266021728515625,31.6434326171875,29.1116943359375,100731.453125,29.068328857421875,100598.53125,42.92425537109375,100475.453125,20.91431999206543,0,0.3681640625,-0.84228515625,-0.043701171875,0,0,-30.8837890625,21.30126953125,17.27294921875,0,0,"0",full
5acf237f-7b18-41f8-b081-ee95f05ce947,c9549b4e-052f-421d-b8f7-e4aa2078007e,2026-05-16T13:48:23.101Z,0,,29.266021728515625,31.6434326171875,29.1116943359375,100731.453125,29.068328857421875,100598.53125,42.92430114746094,100475.5,20.91431999206543,0,0.3681640625,-0.84228515625,-0.043701171875,0,0,-30.8837890625,21.30126953125,17.27294921875,0,0,"0",full
5acf237f-7b18-41f8-b081-ee95f05ce947,c9549b4e-052f-421d-b8f7-e4aa2078007e,2026-05-16T13:48:23.146Z,0,,29.266021728515625,31.6434326171875,29.10845947265625,100731.359375,29.066879272460938,100598.59375,42.925262451171875,100475.59375,20.91431999206543,0,0.464599609375,-0.814453125,0.033203125,0,0,-7.87353515625,19.4091796875,6.103515625,0,0,"0",full
5acf237f-7b18-41f8-b081-ee95f05ce947,c9549b4e-052f-421d-b8f7-e4aa2078007e,2026-05-16T13:48:23.161Z,0,,29.276748657226562,31.68157958984375,29.108566284179688,100731.375,29.066879272460938,100598.59375,42.925262451171875,100475.59375,20.91431999206543,0,0.464599609375,-0.814453125,0.033203125,0,0,-7.87353515625,19.4091796875,6.103515625,0,0,"0",full
5acf237f-7b18-41f8-b081-ee95f05ce947,c9549b4e-052f-421d-b8f7-e4aa2078007e,2026-05-16T13:48:23.267Z,0,,29.276748657226562,31.68157958984375,29.108566284179688,100731.375,29.066879272460938,100598.59375,42.92488098144531,100475.625,20.91431999206543,0,0.464599609375,-0.814453125,0.033203125,0,0,-7.87353515625,19.4091796875,6.103515625,0,0,"0",full
5acf237f-7b18-41f8-b081-ee95f05ce947,c9549b4e-052f-421d-b8f7-e4aa2078007e,2026-05-16T13:48:23.297Z,0,,29.276748657226562,31.68157958984375,29.107986450195312,100731.46875,29.068649291992188,100598.71875,42.92488098144531,100475.625,20.91431999206543,0,0.447265625,-0.847900390625,0.016357421875,0,0,-8.48388671875,28.13720703125,-1.46484375,0,0,"0",full
5acf237f-7b18-41f8-b081-ee95f05ce947,c9549b4e-052f-421d-b8f7-e4aa2078007e,2026-05-16T13:48:23.372Z,0,,29.276748657226562,31.68157958984375,29.107986450195312,100731.46875,29.068649291992188,100598.71875,42.92333984375,100475.6875,20.91431999206543,0,0.447265625,-0.847900390625,0.016357421875,0,0,-8.48388671875,28.13720703125,-1.46484375,0,0,"0",full
5acf237f-7b18-41f8-b081-ee95f05ce947,c9549b4e-052f-421d-b8f7-e4aa2078007e,2026-05-16T13:48:23.432Z,0,,29.276748657226562,31.68157958984375,29.10943603515625,100731.59375,29.071365356445312,100598.796875,42.92237854003906,100475.71875,20.91431999206543,0,0.436279296875,-0.898681640625,0.0830078125,0,0,-24.10888671875,30.3955078125,-1.220703125,0,0,"0",full
5acf237f-7b18-41f8-b081-ee95f05ce947,c9549b4e-052f-421d-b8f7-e4aa2078007e,2026-05-16T13:48:23.446Z,0,,29.276748657226562,31.6739501953125,29.10943603515625,100731.59375,29.071365356445312,100598.796875,42.92237854003906,100475.71875,20.91431999206543,0,0.48779296875,-0.90185546875,0.076904296875,0,0,-28.62548828125,26.67236328125,-0.8544921875,0,0,"0",full
5acf237f-7b18-41f8-b081-ee95f05ce947,c9549b4e-052f-421d-b8f7-e4aa2078007e,2026-05-16T13:48:23.551Z,0,,29.276748657226562,31.6739501953125,29.10943603515625,100731.59375,29.071365356445312,100598.796875,42.92173767089844,100475.75,20.91431999206543,0,0.48779296875,-0.90185546875,0.076904296875,0,0,-28.62548828125,26.67236328125,-0.8544921875,0,0,"0",full
5acf237f-7b18-41f8-b081-ee95f05ce947,c9549b4e-052f-421d-b8f7-e4aa2078007e,2026-05-16T13:48:23.581Z,0,,29.276748657226562,31.6739501953125,29.108078002929688,100731.671875,29.07000732421875,100598.90625,42.92173767089844,100475.75,20.91431999206543,0,0.451416015625,-0.867431640625,0.0322265625,0,0,-34.36279296875,51.08642578125,-10.498046875,0,0,"0",full
5acf237f-7b18-41f8-b081-ee95f05ce947,c9549b4e-052f-421d-b8f7-e4aa2078007e,2026-05-16T13:48:23.643Z,0,,29.276748657226562,31.6739501953125,29.108078002929688,100731.671875,29.07000732421875,100598.90625,42.92103576660156,100475.78125,20.91431999206543,0,0.451416015625,-0.867431640625,0.0322265625,0,0,-34.36279296875,51.08642578125,-10.498046875,0,0,"0",full
5acf237f-7b18-41f8-b081-ee95f05ce947,c9549b4e-052f-421d-b8f7-e4aa2078007e,2026-05-16T13:48:23.703Z,0,,29.276748657226562,31.6739501953125,29.105804443359375,100731.796875,29.068527221679688,100598.96875,42.92002868652344,100475.78125,20.91431999206543,0,0.468505859375,-0.908935546875,0.193603515625,0,0,-14.892578125,47.79052734375,-2.3193359375,0,0,"0",full
5acf237f-7b18-41f8-b081-ee95f05ce947,c9549b4e-052f-421d-b8f7-e4aa2078007e,2026-05-16T13:48:23.732Z,0,,29.266021728515625,31.7044677734375,29.10675048828125,100731.8125,29.06817626953125,100598.9375,42.9189453125,100475.765625,20.91431999206543,0,0.468505859375,-0.908935546875,0.193603515625,0,0,-14.892578125,47.79052734375,-2.3193359375,0,0,"0",full
5acf237f-7b18-41f8-b081-ee95f05ce947,c9549b4e-052f-421d-b8f7-e4aa2078007e,2026-05-16T13:48:23.808Z,0,,29.266021728515625,31.7044677734375,29.10675048828125,100731.8125,29.06817626953125,100598.9375,42.91471862792969,100475.796875,20.91431999206543,0,0.468505859375,-0.908935546875,0.193603515625,0,0,-14.892578125,47.79052734375,-2.3193359375,0,0,"0",full
5acf237f-7b18-41f8-b081-ee95f05ce947,c9549b4e-052f-421d-b8f7-e4aa2078007e,2026-05-16T13:48:23.832Z,0,,29.266021728515625,31.7044677734375,29.108154296875,100731.84375,29.067031860351562,100599.03125,42.91407775878906,100475.796875,20.91431999206543,0,0.43701171875,-0.85302734375,0.116943359375,0,0,-7.99560546875,50.78125,-4.21142578125,0,0,"0",full
5acf237f-7b18-41f8-b081-ee95f05ce947,c9549b4e-052f-421d-b8f7-e4aa2078007e,2026-05-16T13:48:23.913Z,0,,29.266021728515625,31.7044677734375,29.108154296875,100731.84375,29.067031860351562,100599.03125,42.915435791015625,100475.828125,20.91431999206543,0,0.43701171875,-0.85302734375,0.116943359375,0,0,-7.99560546875,50.78125,-4.21142578125,0,0,"0",full
5acf237f-7b18-41f8-b081-ee95f05ce947,c9549b4e-052f-421d-b8f7-e4aa2078007e,2026-05-16T13:48:23.973Z,0,,29.266021728515625,31.7044677734375,29.110275268554688,100731.84375,29.064605712890625,100599,42.915313720703125,100475.84375,20.91431999206543,0,0.47802734375,-0.854736328125,0.14501953125,0,0,-7.568359375,22.88818359375,-1.89208984375,0,0,"0",full
5acf237f-7b18-41f8-b081-ee95f05ce947,c9549b4e-052f-421d-b8f7-e4aa2078007e,2026-05-16T13:48:23.990Z,0,,29.266021728515625,31.7197265625,29.110275268554688,100731.84375,29.064605712890625,100599,42.915313720703125,100475.84375,20.91431999206543,0,0.505126953125,-0.856689453125,0.118408203125,0,0,-8.056640625,21.42333984375,-1.0986328125,0,0,"0",full
5acf237f-7b18-41f8-b081-ee95f05ce947,c9549b4e-052f-421d-b8f7-e4aa2078007e,2026-05-16T13:48:24.093Z,0,,29.266021728515625,31.7197265625,29.110275268554688,100731.84375,29.064605712890625,100599,42.91184997558594,100475.890625,20.91431999206543,0,0.505126953125,-0.856689453125,0.118408203125,0,0,-8.056640625,21.42333984375,-1.0986328125,0,0,"0",full
5acf237f-7b18-41f8-b081-ee95f05ce947,c9549b4e-052f-421d-b8f7-e4aa2078007e,2026-05-16T13:48:24.122Z,0,,29.266021728515625,31.7197265625,29.110061645507812,100731.78125,29.068267822265625,100599.03125,42.91184997558594,100475.890625,20.91431999206543,0,0.472900390625,-0.826904296875,-0.0078125,0,0,-10.31494140625,42.90771484375,2.5634765625,0,0,"0",full
5acf237f-7b18-41f8-b081-ee95f05ce947,c9549b4e-052f-421d-b8f7-e4aa2078007e,2026-05-16T13:48:24.184Z,0,,29.266021728515625,31.7197265625,29.110061645507812,100731.78125,29.068267822265625,100599.03125,42.909088134765625,100475.921875,20.91431999206543,0,0.472900390625,-0.826904296875,-0.0078125,0,0,-10.31494140625,42.90771484375,2.5634765625,0,0,"0",full
5acf237f-7b18-41f8-b081-ee95f05ce947,c9549b4e-052f-421d-b8f7-e4aa2078007e,2026-05-16T13:48:24.241Z,0,,29.266021728515625,31.7197265625,29.110122680664062,100731.375,29.067428588867188,100599.03125,42.907562255859375,100475.90625,20.91431999206543,0,0.413818359375,-0.864501953125,-0.175048828125,0,0,-12.51220703125,111.63330078125,-19.47021484375,0,0,"0",full
5acf237f-7b18-41f8-b081-ee95f05ce947,c9549b4e-052f-421d-b8f7-e4aa2078007e,2026-05-16T13:48:24.279Z,0,,29.276748657226562,31.7349853515625,29.1097412109375,100731.3125,29.067428588867188,100599.03125,42.907562255859375,100475.90625,20.91431999206543,0,0.39697265625,-0.865966796875,-0.189208984375,0,0,-14.95361328125,118.34716796875,-13.85498046875,0,0,"0",full
5acf237f-7b18-41f8-b081-ee95f05ce947,c9549b4e-052f-421d-b8f7-e4aa2078007e,2026-05-16T13:48:24.350Z,0,,29.276748657226562,31.7349853515625,29.1097412109375,100731.3125,29.067428588867188,100599.03125,42.907867431640625,100475.984375,20.91431999206543,0,0.39697265625,-0.865966796875,-0.189208984375,0,0,-14.95361328125,118.34716796875,-13.85498046875,0,0,"0",full
5acf237f-7b18-41f8-b081-ee95f05ce947,c9549b4e-052f-421d-b8f7-e4aa2078007e,2026-05-16T13:48:24.407Z,0,,29.276748657226562,31.7349853515625,29.107742309570312,100730.953125,29.064849853515625,100599.015625,42.907867431640625,100475.984375,20.91431999206543,0,0.334228515625,-0.903564453125,-0.0263671875,0,0,-18.798828125,122.00927734375,-8.23974609375,0,0,"0",full
5acf237f-7b18-41f8-b081-ee95f05ce947,c9549b4e-052f-421d-b8f7-e4aa2078007e,2026-05-16T13:48:24.469Z,0,,29.276748657226562,31.7349853515625,29.107742309570312,100730.953125,29.064849853515625,100599.015625,42.9078369140625,100476.0625,20.91431999206543,0,0.334228515625,-0.903564453125,-0.0263671875,0,0,-18.798828125,122.00927734375,-8.23974609375,0,0,"0",full
5acf237f-7b18-41f8-b081-ee95f05ce947,c9549b4e-052f-421d-b8f7-e4aa2078007e,2026-05-16T13:48:24.514Z,0,,29.276748657226562,31.7349853515625,29.10821533203125,100730.140625,29.06494140625,100599.171875,42.90757751464844,100476.15625,20.91431999206543,0,0.212646484375,-0.9833984375,-0.104736328125,0,0,-45.47119140625,54.13818359375,-28.99169921875,0,0,"0",full
5acf237f-7b18-41f8-b081-ee95f05ce947,c9549b4e-052f-421d-b8f7-e4aa2078007e,2026-05-16T13:48:24.530Z,0,,29.276748657226562,31.78839111328125,29.10821533203125,100730.140625,29.064224243164062,100599.203125,42.90757751464844,100476.15625,20.91431999206543,0,0.212646484375,-0.9833984375,-0.104736328125,0,0,-45.47119140625,54.13818359375,-28.99169921875,0,0,"0",full
5acf237f-7b18-41f8-b081-ee95f05ce947,c9549b4e-052f-421d-b8f7-e4aa2078007e,2026-05-16T13:48:24.632Z,0,,29.276748657226562,31.78839111328125,29.10821533203125,100730.140625,29.064224243164062,100599.203125,42.90702819824219,100476.3125,20.91431999206543,0,0.212646484375,-0.9833984375,-0.104736328125,0,0,-45.47119140625,54.13818359375,-28.99169921875,0,0,"0",full
5acf237f-7b18-41f8-b081-ee95f05ce947,c9549b4e-052f-421d-b8f7-e4aa2078007e,2026-05-16T13:48:24.661Z,0,,29.276748657226562,31.78839111328125,29.106842041015625,100729.921875,29.064468383789062,100599.46875,42.90702819824219,100476.3125,20.91431999206543,0,-0.0048828125,-0.96826171875,-0.138916015625,0,0,14.2822265625,56.45751953125,-39.12353515625,0,0,"0",full
5acf237f-7b18-41f8-b081-ee95f05ce947,c9549b4e-052f-421d-b8f7-e4aa2078007e,2026-05-16T13:48:24.726Z,0,,29.276748657226562,31.78839111328125,29.106842041015625,100729.921875,29.064468383789062,100599.46875,42.9071044921875,100476.453125,20.91431999206543,0,-0.0048828125,-0.96826171875,-0.138916015625,0,0,14.2822265625,56.45751953125,-39.12353515625,0,0,"0",full
5acf237f-7b18-41f8-b081-ee95f05ce947,c9549b4e-052f-421d-b8f7-e4aa2078007e,2026-05-16T13:48:24.793Z,0,,29.276748657226562,31.78839111328125,29.106613159179688,100729.96875,29.064697265625,100599.78125,42.90760803222656,100476.578125,20.91431999206543,0,0.057861328125,-0.989990234375,-0.199462890625,0,0,14.5263671875,82.82470703125,-30.029296875,0,0,"0",full
5acf237f-7b18-41f8-b081-ee95f05ce947,c9549b4e-052f-421d-b8f7-e4aa2078007e,2026-05-16T13:48:24.831Z,0,,29.276748657226562,31.8265380859375,29.106063842773438,100730.046875,29.064697265625,100599.78125,42.90760803222656,100476.578125,20.91431999206543,0,0.0869140625,-0.988525390625,-0.225341796875,0,0,12.14599609375,83.740234375,-27.40478515625,0,0,"0",full
5acf237f-7b18-41f8-b081-ee95f05ce947,c9549b4e-052f-421d-b8f7-e4aa2078007e,2026-05-16T13:48:24.907Z,0,,29.276748657226562,31.8265380859375,29.106063842773438,100730.046875,29.064697265625,100599.78125,42.90525817871094,100476.78125,20.91431999206543,0,0.0869140625,-0.988525390625,-0.225341796875,0,0,12.14599609375,83.740234375,-27.40478515625,0,0,"0",full
5acf237f-7b18-41f8-b081-ee95f05ce947,c9549b4e-052f-421d-b8f7-e4aa2078007e,2026-05-16T13:48:25.066Z,0,,29.276748657226562,31.8265380859375,29.107345581054688,100730.25,29.06378173828125,100600,42.90525817871094,100476.78125,20.91431999206543,0,-0.0048828125,-0.964111328125,-0.1513671875,0,0,-3.173828125,75.1953125,-11.04736328125,0,0,"0",full
5acf237f-7b18-41f8-b081-ee95f05ce947,c9549b4e-052f-421d-b8f7-e4aa2078007e,2026-05-16T13:48:25.067Z,0,,29.276748657226562,31.8265380859375,29.107345581054688,100730.25,29.06378173828125,100600,42.90333557128906,100476.96875,20.91431999206543,0,-0.0048828125,-0.964111328125,-0.1513671875,0,0,-3.173828125,75.1953125,-11.04736328125,0,0,"0",full
5acf237f-7b18-41f8-b081-ee95f05ce947,c9549b4e-052f-421d-b8f7-e4aa2078007e,2026-05-16T13:48:25.099Z,0,,29.276748657226562,31.8265380859375,29.106231689453125,100730.90625,29.0628662109375,100600.296875,42.90364074707031,100477.046875,20.91431999206543,0,0.07177734375,-1.04638671875,-0.111572265625,0,0,-6.89697265625,66.34521484375,-4.0283203125,0,0,"0",full
5acf237f-7b18-41f8-b081-ee95f05ce947,c9549b4e-052f-421d-b8f7-e4aa2078007e,2026-05-16T13:48:25.173Z,0,,29.28746795654297,31.83416748046875,29.106231689453125,100730.90625,29.063140869140625,100600.328125,42.905731201171875,100477.234375,20.91431999206543,0,0.034912109375,-1.017333984375,-0.101806640625,0,0,-8.4228515625,63.41552734375,-2.8076171875,0,0,"0",full
5acf237f-7b18-41f8-b081-ee95f05ce947,c9549b4e-052f-421d-b8f7-e4aa2078007e,2026-05-16T13:48:25.215Z,0,,29.28746795654297,31.83416748046875,29.10772705078125,100731.328125,29.063217163085938,100600.4375,42.90461730957031,100477.234375,20.91431999206543,0,0.01611328125,-0.99072265625,-0.0703125,0,0,-12.20703125,45.41015625,0.732421875,0,0,"0",full
5acf237f-7b18-41f8-b081-ee95f05ce947,c9549b4e-052f-421d-b8f7-e4aa2078007e,2026-05-16T13:48:25.291Z,0,,29.28746795654297,31.83416748046875,29.10772705078125,100731.328125,29.063217163085938,100600.4375,42.904876708984375,100477.359375,20.91431999206543,0,0.01611328125,-0.99072265625,-0.0703125,0,0,-12.20703125,45.41015625,0.732421875,0,0,"0",full
5acf237f-7b18-41f8-b081-ee95f05ce947,c9549b4e-052f-421d-b8f7-e4aa2078007e,2026-05-16T13:48:25.324Z,0,,29.28746795654297,31.83416748046875,29.107940673828125,100731.703125,29.062820434570312,100600.65625,42.903167724609375,100477.46875,20.91431999206543,0,-0.007568359375,-0.991455078125,-0.0341796875,0,0,-11.77978515625,26.91650390625,2.0751953125,0,0,"0",full
5acf237f-7b18-41f8-b081-ee95f05ce947,c9549b4e-052f-421d-b8f7-e4aa2078007e,2026-05-16T13:48:25.350Z,0,,29.276748657226562,31.83416748046875,29.106781005859375,100731.765625,29.062393188476562,100600.703125,42.903167724609375,100477.46875,20.91431999206543,0,-0.007568359375,-0.991455078125,-0.0341796875,0,0,-11.77978515625,26.91650390625,2.0751953125,0,0,"0",full
5acf237f-7b18-41f8-b081-ee95f05ce947,c9549b4e-052f-421d-b8f7-e4aa2078007e,2026-05-16T13:48:25.443Z,0,,29.276748657226562,31.83416748046875,29.106781005859375,100731.765625,29.062393188476562,100600.703125,42.90338134765625,100477.640625,20.91431999206543,0,-0.007568359375,-0.991455078125,-0.0341796875,0,0,-11.77978515625,26.91650390625,2.0751953125,0,0,"0",full
5acf237f-7b18-41f8-b081-ee95f05ce947,c9549b4e-052f-421d-b8f7-e4aa2078007e,2026-05-16T13:48:25.476Z,0,,29.276748657226562,31.83416748046875,29.107070922851562,100731.984375,29.064285278320312,100600.75,42.90338134765625,100477.640625,20.91431999206543,0,-0.016357421875,-0.999755859375,-0.037109375,0,0,-5.55419921875,22.03369140625,1.03759765625,0,0,"0",full
5acf237f-7b18-41f8-b081-ee95f05ce947,c9549b4e-052f-421d-b8f7-e4aa2078007e,2026-05-16T13:48:25.551Z,0,,29.276748657226562,31.83416748046875,29.107070922851562,100731.984375,29.064285278320312,100600.75,42.90321350097656,100477.75,20.91431999206543,0,-0.016357421875,-0.999755859375,-0.037109375,0,0,-5.55419921875,22.03369140625,1.03759765625,0,0,"0",full
5acf237f-7b18-41f8-b081-ee95f05ce947,c9549b4e-052f-421d-b8f7-e4aa2078007e,2026-05-16T13:48:25.607Z,0,,29.276748657226562,31.83416748046875,29.10833740234375,100732.21875,29.061233520507812,100600.984375,42.903961181640625,100477.78125,20.91431999206543,0,-0.1044921875,-1.019287109375,-0.0537109375,0,0,-3.41796875,33.3251953125,-5.55419921875,0,0,"0",full
5acf237f-7b18-41f8-b081-ee95f05ce947,c9549b4e-052f-421d-b8f7-e4aa2078007e,2026-05-16T13:48:25.623Z,0,,29.276748657226562,31.84942626953125,29.10833740234375,100732.21875,29.061233520507812,100600.984375,42.90434265136719,100477.8125,20.94264030456543,0,-0.05615234375,-1.009521484375,-0.012451171875,0,0,-3.72314453125,31.18896484375,-4.82177734375,0,0,"0",full
5acf237f-7b18-41f8-b081-ee95f05ce947,c9549b4e-052f-421d-b8f7-e4aa2078007e,2026-05-16T13:48:25.728Z,0,,29.276748657226562,31.84942626953125,29.10833740234375,100732.21875,29.061233520507812,100600.984375,42.902587890625,100477.9375,20.94264030456543,0,-0.05615234375,-1.009521484375,-0.012451171875,0,0,-3.72314453125,31.18896484375,-4.82177734375,0,0,"0",full
5acf237f-7b18-41f8-b081-ee95f05ce947,c9549b4e-052f-421d-b8f7-e4aa2078007e,2026-05-16T13:48:25.729Z,0,,29.276748657226562,31.84942626953125,29.108184814453125,100732.3125,29.0631103515625,100601.09375,42.902587890625,100477.9375,20.94264030456543,0,-0.135009765625,-0.930419921875,0.118408203125,0,0,-9.1552734375,2.01416015625,6.9580078125,0,0,"0",full
5acf237f-7b18-41f8-b081-ee95f05ce947,c9549b4e-052f-421d-b8f7-e4aa2078007e,2026-05-16T13:48:25.832Z,0,,29.276748657226562,31.84942626953125,29.108184814453125,100732.3125,29.0631103515625,100601.09375,42.90174865722656,100478.109375,20.94264030456543,0,-0.135009765625,-0.930419921875,0.118408203125,0,0,-9.1552734375,2.01416015625,6.9580078125,0,0,"0",full
5acf237f-7b18-41f8-b081-ee95f05ce947,c9549b4e-052f-421d-b8f7-e4aa2078007e,2026-05-16T13:48:25.891Z,0,,29.276748657226562,31.84942626953125,29.107421875,100732.390625,29.06475830078125,100601.28125,42.900848388671875,100478.1875,20.94264030456543,0,-0.0498046875,-1.023193359375,-0.071533203125,0,0,-13.3056640625,9.33837890625,-4.5166015625,0,0,"0",full
5acf237f-7b18-41f8-b081-ee95f05ce947,c9549b4e-052f-421d-b8f7-e4aa2078007e,2026-05-16T13:48:25.907Z,0,,29.276748657226562,31.87994384765625,29.106948852539062,100732.421875,29.0653076171875,100601.375,42.900848388671875,100478.1875,20.91431999206543,0,-0.001953125,-1.013671875,-0.01171875,0,0,-12.75634765625,8.72802734375,-5.67626953125,0,0,"0",full
5acf237f-7b18-41f8-b081-ee95f05ce947,c9549b4e-052f-421d-b8f7-e4aa2078007e,2026-05-16T13:48:25.983Z,0,,29.276748657226562,31.87994384765625,29.106948852539062,100732.421875,29.0653076171875,100601.375,42.902130126953125,100478.28125,20.91431999206543,0,-0.001953125,-1.013671875,-0.01171875,0,0,-12.75634765625,8.72802734375,-5.67626953125,0,0,"0",full
5acf237f-7b18-41f8-b081-ee95f05ce947,c9549b4e-052f-421d-b8f7-e4aa2078007e,2026-05-16T13:48:26.010Z,0,,29.276748657226562,31.87994384765625,29.109130859375,100732.4375,29.063705444335938,100601.515625,42.902130126953125,100478.28125,20.91431999206543,0,-0.04638671875,-0.987548828125,0.029052734375,0,0,-3.60107421875,2.25830078125,-2.5634765625,0,0,"0",full
5acf237f-7b18-41f8-b081-ee95f05ce947,c9549b4e-052f-421d-b8f7-e4aa2078007e,2026-05-16T13:48:26.086Z,0,,29.276748657226562,31.87994384765625,29.109130859375,100732.4375,29.063705444335938,100601.515625,42.90043640136719,100478.390625,20.91431999206543,0,-0.04638671875,-0.987548828125,0.029052734375,0,0,-3.60107421875,2.25830078125,-2.5634765625,0,0,"0",full
5acf237f-7b18-41f8-b081-ee95f05ce947,c9549b4e-052f-421d-b8f7-e4aa2078007e,2026-05-16T13:48:26.147Z,0,,29.276748657226562,31.87994384765625,29.107437133789062,100732.609375,29.062118530273438,100601.75,42.89967346191406,100478.46875,20.91431999206543,0,-0.107666015625,-1.0126953125,-0.063232421875,0,0,-10.7421875,-10.6201171875,0.1220703125,0,0,"0",full
5acf237f-7b18-41f8-b081-ee95f05ce947,c9549b4e-052f-421d-b8f7-e4aa2078007e,2026-05-16T13:48:26.162Z,0,,29.276748657226562,31.91046142578125,29.107437133789062,100732.609375,29.062118530273438,100601.75,42.89967346191406,100478.46875,20.94264030456543,0,-0.107666015625,-1.0126953125,-0.063232421875,0,0,-10.7421875,-10.6201171875,0.1220703125,0,0,"0",full
5acf237f-7b18-41f8-b081-ee95f05ce947,c9549b4e-052f-421d-b8f7-e4aa2078007e,2026-05-16T13:48:26.268Z,0,,29.276748657226562,31.91046142578125,29.107437133789062,100732.609375,29.062118530273438,100601.75,42.90179443359375,100478.625,20.94264030456543,0,-0.107666015625,-1.0126953125,-0.063232421875,0,0,-10.7421875,-10.6201171875,0.1220703125,0,0,"0",full
5acf237f-7b18-41f8-b081-ee95f05ce947,c9549b4e-052f-421d-b8f7-e4aa2078007e,2026-05-16T13:48:26.299Z,0,,29.276748657226562,31.91046142578125,29.107498168945312,100732.75,29.061248779296875,100601.859375,42.90179443359375,100478.625,20.94264030456543,0,-0.11572265625,-1.04248046875,-0.078369140625,0,0,-4.33349609375,-0.91552734375,-1.28173828125,0,0,"0",full
5acf237f-7b18-41f8-b081-ee95f05ce947,c9549b4e-052f-421d-b8f7-e4aa2078007e,2026-05-16T13:48:26.371Z,0,,29.276748657226562,31.91046142578125,29.107498168945312,100732.75,29.061248779296875,100601.859375,42.90093994140625,100478.75,20.94264030456543,0,-0.11572265625,-1.04248046875,-0.078369140625,0,0,-4.33349609375,-0.91552734375,-1.28173828125,0,0,"0",full
5acf237f-7b18-41f8-b081-ee95f05ce947,c9549b4e-052f-421d-b8f7-e4aa2078007e,2026-05-16T13:48:26.431Z,0,,29.276748657226562,31.91046142578125,29.107635498046875,100732.890625,29.061569213867188,100601.953125,42.89988708496094,100478.765625,20.94264030456543,0,0.004150390625,-1.08447265625,-0.007080078125,0,0,-2.13623046875,-5.79833984375,-1.8310546875,0,0,"0",full
5acf237f-7b18-41f8-b081-ee95f05ce947,c9549b4e-052f-421d-b8f7-e4aa2078007e,2026-05-16T13:48:26.459Z,0,,29.28746795654297,31.91046142578125,29.107635498046875,100732.890625,29.061569213867188,100601.953125,42.900177001953125,100478.78125,20.94264030456543,0,-0.08935546875,-0.927001953125,0.075927734375,0,0,-0.91552734375,-7.32421875,-2.86865234375,0,0,"0",full
5acf237f-7b18-41f8-b081-ee95f05ce947,c9549b4e-052f-421d-b8f7-e4aa2078007e,2026-05-16T13:48:26.531Z,0,,29.28746795654297,31.91046142578125,29.107635498046875,100732.890625,29.061569213867188,100601.953125,42.899505615234375,100478.796875,20.94264030456543,0,-0.08935546875,-0.927001953125,0.075927734375,0,0,-0.91552734375,-7.32421875,-2.86865234375,0,0,"0",full
5acf237f-7b18-41f8-b081-ee95f05ce947,c9549b4e-052f-421d-b8f7-e4aa2078007e,2026-05-16T13:48:26.569Z,0,,29.28746795654297,31.91046142578125,29.10968017578125,100732.984375,29.062835693359375,100602.03125,42.90028381347656,100478.78125,20.94264030456543,0,-0.1591796875,-1.032958984375,0.08251953125,0,0,1.64794921875,-13.671875,2.38037109375,0,0,"0",full
5acf237f-7b18-41f8-b081-ee95f05ce947,c9549b4e-052f-421d-b8f7-e4aa2078007e,2026-05-16T13:48:26.645Z,0,,29.28746795654297,31.91046142578125,29.10968017578125,100732.984375,29.062835693359375,100602.03125,42.89884948730469,100478.859375,20.94264030456543,0,-0.1591796875,-1.032958984375,0.08251953125,0,0,1.64794921875,-13.671875,2.38037109375,0,0,"0",full
5acf237f-7b18-41f8-b081-ee95f05ce947,c9549b4e-052f-421d-b8f7-e4aa2078007e,2026-05-16T13:48:26.685Z,0,,29.28746795654297,31.91046142578125,29.10955810546875,100733.078125,29.062149047851562,100602.078125,42.89788818359375,100478.921875,20.94264030456543,0,-0.10595703125,-0.9462890625,-0.00439453125,0,0,8.6669921875,-17.51708984375,-2.5634765625,0,0,"0",full
5acf237f-7b18-41f8-b081-ee95f05ce947,c9549b4e-052f-421d-b8f7-e4aa2078007e,2026-05-16T13:48:26.701Z,0,,29.276748657226562,31.9180908203125,29.10955810546875,100733.078125,29.062454223632812,100602.0625,42.89788818359375,100478.921875,20.94264030456543,0,-0.10595703125,-0.9462890625,-0.00439453125,0,0,8.6669921875,-17.51708984375,-2.5634765625,0,0,"0",full
5acf237f-7b18-41f8-b081-ee95f05ce947,c9549b4e-052f-421d-b8f7-e4aa2078007e,2026-05-16T13:48:26.811Z,0,,29.276748657226562,31.9180908203125,29.10955810546875,100733.078125,29.062454223632812,100602.0625,42.89747619628906,100478.953125,20.94264030456543,0,-0.10595703125,-0.9462890625,-0.00439453125,0,0,8.6669921875,-17.51708984375,-2.5634765625,0,0,"0",full
5acf237f-7b18-41f8-b081-ee95f05ce947,c9549b4e-052f-421d-b8f7-e4aa2078007e,2026-05-16T13:48:26.866Z,0,,29.276748657226562,31.9180908203125,29.105300903320312,100733.203125,29.062713623046875,100602.140625,42.89747619628906,100478.953125,20.94264030456543,0,-0.179931640625,-0.976318359375,-0.049560546875,0,0,16.66259765625,-0.30517578125,-15.56396484375,0,0,"0",full
5acf237f-7b18-41f8-b081-ee95f05ce947,c9549b4e-052f-421d-b8f7-e4aa2078007e,2026-05-16T13:48:26.913Z,0,,29.276748657226562,31.9180908203125,29.105300903320312,100733.203125,29.062713623046875,100602.140625,42.89643859863281,100479.078125,20.94264030456543,0,-0.179931640625,-0.976318359375,-0.049560546875,0,0,16.66259765625,-0.30517578125,-15.56396484375,0,0,"0",full
5acf237f-7b18-41f8-b081-ee95f05ce947,c9549b4e-052f-421d-b8f7-e4aa2078007e,2026-05-16T13:48:26.973Z,0,,29.276748657226562,31.9180908203125,29.107620239257812,100733.25,29.062026977539062,100602.265625,42.89738464355469,100479.09375,20.94264030456543,0,-0.223876953125,-1.00244140625,-0.076416015625,0,0,21.66748046875,-6.28662109375,-28.38134765625,0,0,"0",full
5acf237f-7b18-41f8-b081-ee95f05ce947,c9549b4e-052f-421d-b8f7-e4aa2078007e,2026-05-16T13:48:26.985Z,0,,29.266021728515625,31.9486083984375,29.107620239257812,100733.25,29.062026977539062,100602.265625,42.896636962890625,100479.09375,20.94264030456543,0,-0.223876953125,-1.00244140625,-0.076416015625,0,0,21.66748046875,-6.28662109375,-28.38134765625,0,0,"0",full
5acf237f-7b18-41f8-b081-ee95f05ce947,c9549b4e-052f-421d-b8f7-e4aa2078007e,2026-05-16T13:48:27.061Z,0,,29.266021728515625,31.9486083984375,29.107620239257812,100733.25,29.062026977539062,100602.265625,42.89537048339844,100479.15625,20.94264030456543,0,-0.223876953125,-1.00244140625,-0.076416015625,0,0,21.66748046875,-6.28662109375,-28.38134765625,0,0,"0",full
5acf237f-7b18-41f8-b081-ee95f05ce947,c9549b4e-052f-421d-b8f7-e4aa2078007e,2026-05-16T13:48:27.090Z,0,,29.266021728515625,31.9486083984375,29.107925415039062,100733.265625,29.061660766601562,100602.3125,42.89537048339844,100479.15625,20.94264030456543,0,-0.27978515625,-0.92236328125,-0.157470703125,0,0,19.775390625,3.47900390625,22.705078125,0,0,"0",full
5acf237f-7b18-41f8-b081-ee95f05ce947,c9549b4e-052f-421d-b8f7-e4aa2078007e,2026-05-16T13:48:27.181Z,0,,29.266021728515625,31.9486083984375,29.107925415039062,100733.265625,29.061660766601562,100602.3125,42.89491271972656,100479.28125,20.94264030456543,0,-0.27978515625,-0.92236328125,-0.157470703125,0,0,19.775390625,3.47900390625,22.705078125,0,0,"0",full
5acf237f-7b18-41f8-b081-ee95f05ce947,c9549b4e-052f-421d-b8f7-e4aa2078007e,2026-05-16T13:48:27.240Z,0,,29.266021728515625,31.9486083984375,29.107666015625,100733.125,29.063095092773438,100602.515625,42.89595031738281,100479.34375,20.94264030456543,0,-0.343017578125,-1.04248046875,-0.166259765625,0,0,46.2646484375,-7.38525390625,-32.77587890625,0,0,"0",full
5acf237f-7b18-41f8-b081-ee95f05ce947,c9549b4e-052f-421d-b8f7-e4aa2078007e,2026-05-16T13:48:27.271Z,0,,29.28746795654297,31.92572021484375,29.107666015625,100733.125,29.063095092773438,100602.515625,42.89595031738281,100479.34375,20.94264030456543,0,-0.468994140625,-1.07763671875,-0.121337890625,0,0,58.349609375,-4.21142578125,-47.8515625,0,0,"0",full
5acf237f-7b18-41f8-b081-ee95f05ce947,c9549b4e-052f-421d-b8f7-e4aa2078007e,2026-05-16T13:48:27.346Z,0,,29.28746795654297,31.92572021484375,29.107666015625,100733.125,29.063095092773438,100602.515625,42.894073486328125,100479.5,20.94264030456543,0,-0.468994140625,-1.07763671875,-0.121337890625,0,0,58.349609375,-4.21142578125,-47.8515625,0,0,"0",full
5acf237f-7b18-41f8-b081-ee95f05ce947,c9549b4e-052f-421d-b8f7-e4aa2078007e,2026-05-16T13:48:27.374Z,0,,29.28746795654297,31.92572021484375,29.106552124023438,100733.015625,29.060958862304688,100602.65625,42.894073486328125,100479.5,20.94264030456543,0,-0.273681640625,-0.907958984375,-0.26220703125,0,0,24.169921875,7.568359375,-5.43212890625,0,0,"0",full
5acf237f-7b18-41f8-b081-ee95f05ce947,c9549b4e-052f-421d-b8f7-e4aa2078007e,2026-05-16T13:48:27.451Z,0,,29.28746795654297,31.92572021484375,29.106552124023438,100733.015625,29.060958862304688,100602.65625,42.894378662109375,100479.609375,20.94264030456543,0,-0.273681640625,-0.907958984375,-0.26220703125,0,0,24.169921875,7.568359375,-5.43212890625,0,0,"0",full
5acf237f-7b18-41f8-b081-ee95f05ce947,c9549b4e-052f-421d-b8f7-e4aa2078007e,2026-05-16T13:48:27.511Z,0,,29.28746795654297,31.92572021484375,29.106307983398438,100732.90625,29.059967041015625,100602.78125,42.894744873046875,100479.65625,20.94264030456543,0,-0.3671875,-0.7958984375,-0.241943359375,0,0,-25.634765625,10.92529296875,29.23583984375,0,0,"0",full
5acf237f-7b18-41f8-b081-ee95f05ce947,c9549b4e-052f-421d-b8f7-e4aa2078007e,2026-05-16T13:48:27.525Z,0,,29.28746795654297,31.9486083984375,29.106307983398438,100732.90625,29.059051513671875,100602.8125,42.894744873046875,100479.65625,20.94264030456543,0,-0.3671875,-0.7958984375,-0.241943359375,0,0,-25.634765625,10.92529296875,29.23583984375,0,0,"0",full
5acf237f-7b18-41f8-b081-ee95f05ce947,c9549b4e-052f-421d-b8f7-e4aa2078007e,2026-05-16T13:48:27.632Z,0,,29.28746795654297,31.9486083984375,29.106307983398438,100732.90625,29.059051513671875,100602.8125,42.89385986328125,100479.75,20.94264030456543,0,-0.3671875,-0.7958984375,-0.241943359375,0,0,-25.634765625,10.92529296875,29.23583984375,0,0,"0",full
5acf237f-7b18-41f8-b081-ee95f05ce947,c9549b4e-052f-421d-b8f7-e4aa2078007e,2026-05-16T13:48:27.658Z,0,,29.28746795654297,31.9486083984375,29.107315063476562,100732.953125,29.059127807617188,100603.015625,42.89385986328125,100479.75,20.94264030456543,0,-0.345703125,-0.872314453125,-0.179931640625,0,0,-23.13232421875,47.54638671875,-38.330078125,0,0,"0",full
5acf237f-7b18-41f8-b081-ee95f05ce947,c9549b4e-052f-421d-b8f7-e4aa2078007e,2026-05-16T13:48:27.722Z,0,,29.28746795654297,31.9486083984375,29.107315063476562,100732.953125,29.059127807617188,100603.015625,42.89225769042969,100480,20.94264030456543,0,-0.345703125,-0.872314453125,-0.179931640625,0,0,-23.13232421875,47.54638671875,-38.330078125,0,0,"0",full
5acf237f-7b18-41f8-b081-ee95f05ce947,c9549b4e-052f-421d-b8f7-e4aa2078007e,2026-05-16T13:48:27.780Z,0,,29.28746795654297,31.9486083984375,29.105178833007812,100733.171875,29.061874389648438,100603.234375,42.89466857910156,100480.09375,20.94264030456543,0,-0.433837890625,-0.900390625,-0.108154296875,0,0,-18.24951171875,52.30712890625,19.83642578125,0,0,"0",full
5acf237f-7b18-41f8-b081-ee95f05ce947,c9549b4e-052f-421d-b8f7-e4aa2078007e,2026-05-16T13:48:27.811Z,0,,29.276748657226562,31.94097900390625,29.105178833007812,100733.171875,29.061874389648438,100603.234375,42.89447021484375,100480.109375,20.94264030456543,0,-0.433837890625,-0.900390625,-0.108154296875,0,0,-18.24951171875,52.30712890625,19.83642578125,0,0,"0",full
5acf237f-7b18-41f8-b081-ee95f05ce947,c9549b4e-052f-421d-b8f7-e4aa2078007e,2026-05-16T13:48:27.902Z,0,,29.276748657226562,31.94097900390625,29.105178833007812,100733.171875,29.061874389648438,100603.234375,42.89453125,100480.171875,20.94264030456543,0,-0.433837890625,-0.900390625,-0.108154296875,0,0,-18.24951171875,52.30712890625,19.83642578125,0,0,"0",full
5acf237f-7b18-41f8-b081-ee95f05ce947,c9549b4e-052f-421d-b8f7-e4aa2078007e,2026-05-16T13:48:28.006Z,0,,29.276748657226562,31.94097900390625,29.10528564453125,100733.078125,29.059967041015625,100603.265625,42.89045715332031,100480.171875,20.94264030456543,0,-0.448486328125,-0.94970703125,0.115478515625,0,0,-57.43408203125,-86.36474609375,-4.82177734375,0,0,"0",full
5acf237f-7b18-41f8-b081-ee95f05ce947,c9549b4e-052f-421d-b8f7-e4aa2078007e,2026-05-16T13:48:28.052Z,0,,29.276748657226562,31.94097900390625,29.104995727539062,100730.453125,29.058761596679688,100603.25,42.88978576660156,100480.125,20.94264030456543,0,-0.267578125,-0.870361328125,0.250732421875,0,0,-56.15234375,-66.34521484375,22.4609375,0,0,"0",full
5acf237f-7b18-41f8-b081-ee95f05ce947,c9549b4e-052f-421d-b8f7-e4aa2078007e,2026-05-16T13:48:28.066Z,0,,29.276748657226562,31.97149658203125,29.104995727539062,100730.453125,29.05902099609375,100603.25,42.88978576660156,100480.125,20.91431999206543,0,-0.35888671875,-0.9677734375,0.341796875,0,0,-56.57958984375,-65.61279296875,36.865234375,0,0,"0",full
5acf237f-7b18-41f8-b081-ee95f05ce947,c9549b4e-052f-421d-b8f7-e4aa2078007e,2026-05-16T13:48:28.171Z,0,,29.276748657226562,31.97149658203125,29.104995727539062,100730.453125,29.05902099609375,100603.25,42.88908386230469,100480.1875,20.91431999206543,0,-0.35888671875,-0.9677734375,0.341796875,0,0,-56.57958984375,-65.61279296875,36.865234375,0,0,"0",full
5acf237f-7b18-41f8-b081-ee95f05ce947,c9549b4e-052f-421d-b8f7-e4aa2078007e,2026-05-16T13:48:28.200Z,0,,29.276748657226562,31.97149658203125,29.106765747070312,100726.125,29.062484741210938,100603.359375,42.88908386230469,100480.1875,20.91431999206543,0,-0.37646484375,-0.881103515625,0.123291015625,0,0,-9.09423828125,-21.97265625,15.44189453125,0,0,"0",full
5acf237f-7b18-41f8-b081-ee95f05ce947,c9549b4e-052f-421d-b8f7-e4aa2078007e,2026-05-16T13:48:28.266Z,0,,29.276748657226562,31.97149658203125,29.106765747070312,100726.125,29.062484741210938,100603.359375,42.88786315917969,100480.109375,20.91431999206543,0,-0.37646484375,-0.881103515625,0.123291015625,0,0,-9.09423828125,-21.97265625,15.44189453125,0,0,"0",full
5acf237f-7b18-41f8-b081-ee95f05ce947,c9549b4e-052f-421d-b8f7-e4aa2078007e,2026-05-16T13:48:28.321Z,0,,29.276748657226562,31.97149658203125,29.106796264648438,100715.640625,29.059600830078125,100603.125,42.88664245605469,100480.125,20.91431999206543,0,-0.2802734375,-1.05419921875,0.20263671875,0,0,-33.5693359375,17.27294921875,13.24462890625,0,0,"0",full
5acf237f-7b18-41f8-b081-ee95f05ce947,c9549b4e-052f-421d-b8f7-e4aa2078007e,2026-05-16T13:48:28.352Z,0,,29.28746795654297,32.330078125,29.106796264648438,100715.640625,29.059600830078125,100603.125,42.885498046875,100480.125,20.91431999206543,0,-0.2802734375,-1.05419921875,0.20263671875,0,0,-33.5693359375,17.27294921875,13.24462890625,0,0,"0",full
5acf237f-7b18-41f8-b081-ee95f05ce947,c9549b4e-052f-421d-b8f7-e4aa2078007e,2026-05-16T13:48:28.441Z,0,,29.28746795654297,32.330078125,29.106796264648438,100715.640625,29.059600830078125,100603.125,42.88581848144531,100480.109375,20.91431999206543,0,-0.2802734375,-1.05419921875,0.20263671875,0,0,-33.5693359375,17.27294921875,13.24462890625,0,0,"0",full
5acf237f-7b18-41f8-b081-ee95f05ce947,c9549b4e-052f-421d-b8f7-e4aa2078007e,2026-05-16T13:48:28.471Z,0,,29.28746795654297,32.330078125,29.107559204101562,100706.296875,29.060653686523438,100602.78125,42.88581848144531,100480.109375,20.91431999206543,0,-0.29150390625,-0.91455078125,0.18798828125,0,0,-0.732421875,-20.5078125,-1.64794921875,0,0,"0",full
5acf237f-7b18-41f8-b081-ee95f05ce947,c9549b4e-052f-421d-b8f7-e4aa2078007e,2026-05-16T13:48:28.547Z,0,,29.28746795654297,32.330078125,29.107559204101562,100706.296875,29.060653686523438,100602.78125,42.88531494140625,100480.171875,20.91431999206543,0,-0.29150390625,-0.91455078125,0.18798828125,0,0,-0.732421875,-20.5078125,-1.64794921875,0,0,"0",full
5acf237f-7b18-41f8-b081-ee95f05ce947,c9549b4e-052f-421d-b8f7-e4aa2078007e,2026-05-16T13:48:28.606Z,0,,29.28746795654297,32.330078125,29.103805541992188,100693.515625,29.061050415039062,100601.828125,42.882415771484375,100480.1875,20.91431999206543,0,-0.40185546875,-0.861083984375,0.2841796875,0,0,-8.056640625,-1.953125,-19.34814453125,0,0,"0",full
5acf237f-7b18-41f8-b081-ee95f05ce947,c9549b4e-052f-421d-b8f7-e4aa2078007e,2026-05-16T13:48:28.623Z,0,,29.276748657226562,33.16168212890625,29.103805541992188,100693.515625,29.061050415039062,100601.828125,42.882415771484375,100480.1875,20.94264030456543,0,-0.40185546875,-0.861083984375,0.2841796875,0,0,-8.056640625,-1.953125,-19.34814453125,0,0,"0",full
5acf237f-7b18-41f8-b081-ee95f05ce947,c9549b4e-052f-421d-b8f7-e4aa2078007e,2026-05-16T13:48:28.712Z,0,,29.276748657226562,33.16168212890625,29.103805541992188,100693.515625,29.061050415039062,100601.828125,42.88114929199219,100480.234375,20.94264030456543,0,-0.40185546875,-0.861083984375,0.2841796875,0,0,-8.056640625,-1.953125,-19.34814453125,0,0,"0",full
5acf237f-7b18-41f8-b081-ee95f05ce947,c9549b4e-052f-421d-b8f7-e4aa2078007e,2026-05-16T13:48:28.737Z,0,,29.276748657226562,33.16168212890625,29.104705810546875,100686.609375,29.06060791015625,100601.3125,42.88114929199219,100480.234375,20.94264030456543,0,-0.099609375,-0.947021484375,0.13671875,0,0,15.80810546875,-7.62939453125,37.65869140625,0,0,"0",full
5acf237f-7b18-41f8-b081-ee95f05ce947,c9549b4e-052f-421d-b8f7-e4aa2078007e,2026-05-16T13:48:28.801Z,0,,29.276748657226562,33.16168212890625,29.104705810546875,100686.609375,29.06060791015625,100601.3125,42.87800598144531,100480.171875,20.94264030456543,0,-0.099609375,-0.947021484375,0.13671875,0,0,15.80810546875,-7.62939453125,37.65869140625,0,0,"0",full
5acf237f-7b18-41f8-b081-ee95f05ce947,c9549b4e-052f-421d-b8f7-e4aa2078007e,2026-05-16T13:48:28.861Z,0,,29.276748657226562,33.16168212890625,29.106033325195312,100679.578125,29.059036254882812,100601.265625,42.87797546386719,100480.171875,20.94264030456543,0,-0.450927734375,-0.957275390625,0.2783203125,0,0,-11.65771484375,11.77978515625,-8.85009765625,0,0,"0",full
5acf237f-7b18-41f8-b081-ee95f05ce947,c9549b4e-052f-421d-b8f7-e4aa2078007e,2026-05-16T13:48:28.891Z,0,,29.28746795654297,34.130615234375,29.106033325195312,100679.578125,29.059860229492188,100601.296875,42.87797546386719,100480.171875,20.90369987487793,0,-0.435302734375,-1.01220703125,0.23681640625,0,0,-11.16943359375,-2.38037109375,-16.845703125,0,0,"0",full
5acf237f-7b18-41f8-b081-ee95f05ce947,c9549b4e-052f-421d-b8f7-e4aa2078007e,2026-05-16T13:48:28.981Z,0,,29.28746795654297,34.130615234375,29.106033325195312,100679.578125,29.059860229492188,100601.296875,42.87849426269531,100480.125,20.90369987487793,0,-0.435302734375,-1.01220703125,0.23681640625,0,0,-11.16943359375,-2.38037109375,-16.845703125,0,0,"0",full
5acf237f-7b18-41f8-b081-ee95f05ce947,c9549b4e-052f-421d-b8f7-e4aa2078007e,2026-05-16T13:48:29.011Z,0,,29.28746795654297,34.130615234375,29.10736083984375,100677.125,29.060501098632812,100601.3125,42.87849426269531,100480.125,20.90369987487793,0,-0.184814453125,-0.96142578125,0.17724609375,0,0,14.16015625,-10.80322265625,21.17919921875,0,0,"0",full
5acf237f-7b18-41f8-b081-ee95f05ce947,c9549b4e-052f-421d-b8f7-e4aa2078007e,2026-05-16T13:48:29.086Z,0,,29.28746795654297,34.130615234375,29.10736083984375,100677.125,29.060501098632812,100601.3125,42.878662109375,100480.015625,20.90369987487793,0,-0.184814453125,-0.96142578125,0.17724609375,0,0,14.16015625,-10.80322265625,21.17919921875,0,0,"0",full
5acf237f-7b18-41f8-b081-ee95f05ce947,c9549b4e-052f-421d-b8f7-e4aa2078007e,2026-05-16T13:48:29.148Z,0,,29.28746795654297,34.130615234375,29.106094360351562,100675.640625,29.059326171875,100601.265625,42.876312255859375,100479.96875,20.90369987487793,0,-0.4169921875,-0.96728515625,0.20751953125,0,0,1.3427734375,-10.80322265625,0.30517578125,0,0,"0",full
5acf237f-7b18-41f8-b081-ee95f05ce947,c9549b4e-052f-421d-b8f7-e4aa2078007e,2026-05-16T13:48:29.161Z,0,,29.276748657226562,34.0543212890625,29.106094360351562,100675.640625,29.059326171875,100601.265625,42.875732421875,100479.984375,20.88599967956543,0,-0.4169921875,-0.96728515625,0.20751953125,0,0,1.3427734375,-10.80322265625,0.30517578125,0,0,"0",full
5acf237f-7b18-41f8-b081-ee95f05ce947,c9549b4e-052f-421d-b8f7-e4aa2078007e,2026-05-16T13:48:29.251Z,0,,29.276748657226562,34.0543212890625,29.106094360351562,100675.640625,29.059326171875,100601.265625,42.872650146484375,100479.90625,20.88599967956543,0,-0.4169921875,-0.96728515625,0.20751953125,0,0,1.3427734375,-10.80322265625,0.30517578125,0,0,"0",full
5acf237f-7b18-41f8-b081-ee95f05ce947,c9549b4e-052f-421d-b8f7-e4aa2078007e,2026-05-16T13:48:29.277Z,0,,29.276748657226562,34.0543212890625,29.10748291015625,100674.765625,29.0592041015625,100600.875,42.87255859375,100479.875,20.88599967956543,0,-0.43408203125,-0.93359375,0.27294921875,0,0,0.8544921875,-13.85498046875,-0.30517578125,0,0,"0",full
5acf237f-7b18-41f8-b081-ee95f05ce947,c9549b4e-052f-421d-b8f7-e4aa2078007e,2026-05-16T13:48:29.371Z,0,,29.276748657226562,34.0543212890625,29.10748291015625,100674.765625,29.0592041015625,100600.875,42.871307373046875,100479.765625,20.88599967956543,0,-0.43408203125,-0.93359375,0.27294921875,0,0,0.8544921875,-13.85498046875,-0.30517578125,0,0,"0",full
5acf237f-7b18-41f8-b081-ee95f05ce947,c9549b4e-052f-421d-b8f7-e4aa2078007e,2026-05-16T13:48:29.400Z,0,,29.276748657226562,34.0543212890625,29.105621337890625,100672.453125,29.059158325195312,100599.78125,42.870819091796875,100479.625,20.88599967956543,0,-0.396240234375,-1.0146484375,0.27783203125,0,0,-5.37109375,-24.10888671875,-2.197265625,0,0,"0",full
5acf237f-7b18-41f8-b081-ee95f05ce947,c9549b4e-052f-421d-b8f7-e4aa2078007e,2026-05-16T13:48:29.432Z,0,,29.266021728515625,33.69573974609375,29.105621337890625,100672.453125,29.059158325195312,100599.78125,42.870819091796875,100479.625,20.85767936706543,0,-0.396240234375,-1.0146484375,0.27783203125,0,0,-5.37109375,-24.10888671875,-2.197265625,0,0,"0",full
5acf237f-7b18-41f8-b081-ee95f05ce947,c9549b4e-052f-421d-b8f7-e4aa2078007e,2026-05-16T13:48:29.521Z,0,,29.266021728515625,33.69573974609375,29.105621337890625,100672.453125,29.059158325195312,100599.78125,42.87074279785156,100479.484375,20.85767936706543,0,-0.396240234375,-1.0146484375,0.27783203125,0,0,-5.37109375,-24.10888671875,-2.197265625,0,0,"0",full
5acf237f-7b18-41f8-b081-ee95f05ce947,c9549b4e-052f-421d-b8f7-e4aa2078007e,2026-05-16T13:48:29.551Z,0,,29.266021728515625,33.69573974609375,29.106674194335938,100670.21875,29.05963134765625,100599.703125,42.87074279785156,100479.484375,20.85767936706543,0,-0.370849609375,-0.849853515625,0.249267578125,0,0,0.48828125,-30.70068359375,-15.56396484375,0,0,"0",full
5acf237f-7b18-41f8-b081-ee95f05ce947,c9549b4e-052f-421d-b8f7-e4aa2078007e,2026-05-16T13:48:29.626Z,0,,29.266021728515625,33.69573974609375,29.106674194335938,100670.21875,29.05963134765625,100599.703125,42.86952209472656,100479.375,20.85767936706543,0,-0.370849609375,-0.849853515625,0.249267578125,0,0,0.48828125,-30.70068359375,-15.56396484375,0,0,"0",full
5acf237f-7b18-41f8-b081-ee95f05ce947,c9549b4e-052f-421d-b8f7-e4aa2078007e,2026-05-16T13:48:29.687Z,0,,29.266021728515625,33.69573974609375,29.107208251953125,100667.640625,29.060409545898438,100599.84375,42.86775207519531,100479.3125,20.85767936706543,0,-0.437255859375,-0.8837890625,0.10205078125,0,0,4.21142578125,-20.8740234375,-19.22607421875,0,0,"0",full
5acf237f-7b18-41f8-b081-ee95f05ce947,c9549b4e-052f-421d-b8f7-e4aa2078007e,2026-05-16T13:48:29.702Z,0,,29.276748657226562,33.60418701171875,29.107208251953125,100667.640625,29.060195922851562,100599.90625,42.867095947265625,100479.28125,20.829360961914062,0,-0.375,-0.912109375,0.07373046875,0,0,10.498046875,-15.07568359375,-10.7421875,0,0,"0",full
5acf237f-7b18-41f8-b081-ee95f05ce947,c9549b4e-052f-421d-b8f7-e4aa2078007e,2026-05-16T13:48:29.807Z,0,,29.276748657226562,33.60418701171875,29.107208251953125,100667.640625,29.060195922851562,100599.90625,42.865020751953125,100479.203125,20.829360961914062,0,-0.375,-0.912109375,0.07373046875,0,0,10.498046875,-15.07568359375,-10.7421875,0,0,"0",full
5acf237f-7b18-41f8-b081-ee95f05ce947,c9549b4e-052f-421d-b8f7-e4aa2078007e,2026-05-16T13:48:29.836Z,0,,29.276748657226562,33.60418701171875,29.10614013671875,100669.234375,29.058151245117188,100599.40625,42.865020751953125,100479.203125,20.829360961914062,0,-0.31982421875,-0.93505859375,0.110107421875,0,0,5.79833984375,9.70458984375,12.51220703125,0,0,"0",full
5acf237f-7b18-41f8-b081-ee95f05ce947,c9549b4e-052f-421d-b8f7-e4aa2078007e,2026-05-16T13:48:29.911Z,0,,29.276748657226562,33.60418701171875,29.10614013671875,100669.234375,29.058151245117188,100599.40625,42.86369323730469,100479.09375,20.829360961914062,0,-0.31982421875,-0.93505859375,0.110107421875,0,0,5.79833984375,9.70458984375,12.51220703125,0,0,"0",full
5acf237f-7b18-41f8-b081-ee95f05ce947,c9549b4e-052f-421d-b8f7-e4aa2078007e,2026-05-16T13:48:29.970Z,0,,29.276748657226562,33.60418701171875,29.11236572265625,100593.90625,29.056259155273438,100595.140625,42.86228942871094,100478.984375,20.829360961914062,0,-0.331298828125,-0.878662109375,0.060791015625,0,0,3.90625,-0.79345703125,8.48388671875,0,0,"0",full
5acf237f-7b18-41f8-b081-ee95f05ce947,c9549b4e-052f-421d-b8f7-e4aa2078007e,2026-05-16T13:48:29.986Z,0,,29.276748657226562,33.72625732421875,29.113449096679688,100572.109375,29.056259155273438,100595.140625,42.86228942871094,100478.984375,20.829360961914062,0,-0.331298828125,-0.878662109375,0.060791015625,0,0,3.90625,-0.79345703125,8.48388671875,0,0,"0",full
5acf237f-7b18-41f8-b081-ee95f05ce947,c9549b4e-052f-421d-b8f7-e4aa2078007e,2026-05-16T13:48:30.061Z,0,,29.276748657226562,33.72625732421875,29.113449096679688,100572.109375,29.056259155273438,100595.140625,42.862945556640625,100478.828125,20.829360961914062,0,-0.331298828125,-0.878662109375,0.060791015625,0,0,3.90625,-0.79345703125,8.48388671875,0,0,"0",full
5acf237f-7b18-41f8-b081-ee95f05ce947,c9549b4e-052f-421d-b8f7-e4aa2078007e,2026-05-16T13:48:30.091Z,0,,29.276748657226562,33.72625732421875,29.12469482421875,100456.71875,29.058013916015625,100591.84375,42.862945556640625,100478.828125,20.829360961914062,0,-0.24267578125,-0.899169921875,0.06201171875,0,0,4.5166015625,4.69970703125,2.13623046875,0,0,"0",full
5acf237f-7b18-41f8-b081-ee95f05ce947,c9549b4e-052f-421d-b8f7-e4aa2078007e,2026-05-16T13:48:30.182Z,0,,29.276748657226562,33.72625732421875,29.12469482421875,100456.71875,29.058013916015625,100591.84375,42.86126708984375,100478.71875,20.829360961914062,0,-0.24267578125,-0.899169921875,0.06201171875,0,0,4.5166015625,4.69970703125,2.13623046875,0,0,"0",full
5acf237f-7b18-41f8-b081-ee95f05ce947,c9549b4e-052f-421d-b8f7-e4aa2078007e,2026-05-16T13:48:30.228Z,0,,29.276748657226562,33.72625732421875,29.149307250976562,100308.375,29.060653686523438,100587.90625,42.85760498046875,100478.625,20.829360961914062,0,-0.22607421875,-0.87939453125,0.071533203125,0,0,-2.74658203125,-3.23486328125,-6.16455078125,0,0,"0",full
5acf237f-7b18-41f8-b081-ee95f05ce947,c9549b4e-052f-421d-b8f7-e4aa2078007e,2026-05-16T13:48:30.242Z,0,,29.4376220703125,42.71368408203125,29.149307250976562,100308.375,29.060089111328125,100587.4375,42.85760498046875,100478.625,20.801040649414062,0,-0.22607421875,-0.87939453125,0.071533203125,0,0,-2.74658203125,-3.23486328125,-6.16455078125,0,0,"0",full
5acf237f-7b18-41f8-b081-ee95f05ce947,c9549b4e-052f-421d-b8f7-e4aa2078007e,2026-05-16T13:48:30.346Z,0,,29.4376220703125,42.71368408203125,29.149307250976562,100308.375,29.060089111328125,100587.4375,42.85932922363281,100478.5,20.801040649414062,0,-0.22607421875,-0.87939453125,0.071533203125,0,0,-2.74658203125,-3.23486328125,-6.16455078125,0,0,"0",full
5acf237f-7b18-41f8-b081-ee95f05ce947,c9549b4e-052f-421d-b8f7-e4aa2078007e,2026-05-16T13:48:30.375Z,0,,29.4376220703125,42.71368408203125,29.167312622070312,100227.984375,29.063491821289062,100585.609375,42.85932922363281,100478.5,20.801040649414062,0,-0.4794921875,-0.928466796875,0.125244140625,0,0,-4.21142578125,-11.474609375,-13.427734375,0,0,"0",full
5acf237f-7b18-41f8-b081-ee95f05ce947,c9549b4e-052f-421d-b8f7-e4aa2078007e,2026-05-16T13:48:30.451Z,0,,29.4376220703125,42.71368408203125,29.167312622070312,100227.984375,29.063491821289062,100585.609375,42.85748291015625,100478.359375,20.801040649414062,0,-0.4794921875,-0.928466796875,0.125244140625,0,0,-4.21142578125,-11.474609375,-13.427734375,0,0,"0",full
5acf237f-7b18-41f8-b081-ee95f05ce947,c9549b4e-052f-421d-b8f7-e4aa2078007e,2026-05-16T13:48:30.511Z,0,,29.4376220703125,42.71368408203125,29.18548583984375,100147.53125,29.064285278320312,100583.171875,42.85594177246094,100478.3125,20.801040649414062,0,-0.447021484375,-0.913330078125,0.1337890625,0,0,-1.77001953125,-5.0048828125,-9.1552734375,0,0,"0",full
5acf237f-7b18-41f8-b081-ee95f05ce947,c9549b4e-052f-421d-b8f7-e4aa2078007e,2026-05-16T13:48:30.529Z,0,,29.544876098632812,53.2041015625,29.187591552734375,100138.703125,29.066009521484375,100582.90625,42.85548400878906,100478.3125,20.716079711914062,0,-0.4609375,-0.92822265625,0.16015625,0,0,0.6103515625,-3.35693359375,-7.568359375,0,0,"0",full
5acf237f-7b18-41f8-b081-ee95f05ce947,c9549b4e-052f-421d-b8f7-e4aa2078007e,2026-05-16T13:48:30.600Z,0,,29.544876098632812,53.2041015625,29.187591552734375,100138.703125,29.066009521484375,100582.90625,42.855560302734375,100478.15625,20.716079711914062,0,-0.4609375,-0.92822265625,0.16015625,0,0,0.6103515625,-3.35693359375,-7.568359375,0,0,"0",full
5acf237f-7b18-41f8-b081-ee95f05ce947,c9549b4e-052f-421d-b8f7-e4aa2078007e,2026-05-16T13:48:30.634Z,0,,29.544876098632812,53.2041015625,29.198989868164062,100102.5,29.06640625,100581.796875,42.85662841796875,100478.140625,20.716079711914062,0,-0.503173828125,-0.893310546875,0.1474609375,0,0,-1.5869140625,-3.5400390625,-4.7607421875,0,0,"0",full
5acf237f-7b18-41f8-b081-ee95f05ce947,c9549b4e-052f-421d-b8f7-e4aa2078007e,2026-05-16T13:48:30.721Z,0,,29.544876098632812,53.2041015625,29.198989868164062,100102.5,29.06640625,100581.796875,42.85456848144531,100478.03125,20.716079711914062,0,-0.503173828125,-0.893310546875,0.1474609375,0,0,-1.5869140625,-3.5400390625,-4.7607421875,0,0,"0",full
5acf237f-7b18-41f8-b081-ee95f05ce947,c9549b4e-052f-421d-b8f7-e4aa2078007e,2026-05-16T13:48:30.781Z,0,,29.544876098632812,53.2041015625,29.203323364257812,100068.609375,29.067230224609375,100580.6875,42.853271484375,100477.875,20.716079711914062,0,-0.51123046875,-0.929443359375,0.15576171875,0,0,-2.9296875,-1.8310546875,-1.953125,0,0,"0",full
5acf237f-7b18-41f8-b081-ee95f05ce947,c9549b4e-052f-421d-b8f7-e4aa2078007e,2026-05-16T13:48:30.811Z,0,,29.55559539794922,60.8487548828125,29.203323364257812,100068.609375,29.067230224609375,100580.6875,42.853271484375,100477.875,20.602800369262695,0,-0.51123046875,-0.929443359375,0.15576171875,0,0,-2.9296875,-1.8310546875,-1.953125,0,0,"0",full
5acf237f-7b18-41f8-b081-ee95f05ce947,c9549b4e-052f-421d-b8f7-e4aa2078007e,2026-05-16T13:48:30.902Z,0,,29.55559539794922,60.8487548828125,29.203323364257812,100068.609375,29.067230224609375,100580.6875,42.85231018066406,100477.71875,20.602800369262695,0,-0.51123046875,-0.929443359375,0.15576171875,0,0,-2.9296875,-1.8310546875,-1.953125,0,0,"0",full
5acf237f-7b18-41f8-b081-ee95f05ce947,c9549b4e-052f-421d-b8f7-e4aa2078007e,2026-05-16T13:48:31.006Z,0,,29.55559539794922,60.8487548828125,29.207138061523438,100053.578125,29.068496704101562,100579.734375,42.852020263671875,100477.46875,20.602800369262695,0,-0.412109375,-0.83349609375,0.09716796875,0,0,2.01416015625,3.0517578125,15.31982421875,0,0,"0",full
5acf237f-7b18-41f8-b081-ee95f05ce947,c9549b4e-052f-421d-b8f7-e4aa2078007e,2026-05-16T13:48:31.051Z,0,,29.55559539794922,60.8487548828125,29.204238891601562,100071.53125,29.06939697265625,100578.859375,42.85137939453125,100477.34375,20.602800369262695,0,-0.42138671875,-0.8681640625,0.110595703125,0,0,0.67138671875,2.99072265625,7.87353515625,0,0,"0",full
5acf237f-7b18-41f8-b081-ee95f05ce947,c9549b4e-052f-421d-b8f7-e4aa2078007e,2026-05-16T13:48:31.066Z,0,,29.491249084472656,66.5860595703125,29.202560424804688,100079.390625,29.071136474609375,100578.734375,42.8509521484375,100477.296875,20.431110382080078,0,-0.42138671875,-0.8681640625,0.110595703125,0,0,0.67138671875,2.99072265625,7.87353515625,0,0,"0",full
5acf237f-7b18-41f8-b081-ee95f05ce947,c9549b4e-052f-421d-b8f7-e4aa2078007e,2026-05-16T13:48:31.171Z,0,,29.491249084472656,66.5860595703125,29.202560424804688,100079.390625,29.071136474609375,100578.734375,42.849853515625,100477.171875,20.431110382080078,0,-0.42138671875,-0.8681640625,0.110595703125,0,0,0.67138671875,2.99072265625,7.87353515625,0,0,"0",full
5acf237f-7b18-41f8-b081-ee95f05ce947,c9549b4e-052f-421d-b8f7-e4aa2078007e,2026-05-16T13:48:31.198Z,0,,29.491249084472656,66.5860595703125,29.190780639648438,100134.859375,29.068496704101562,100578.609375,42.849853515625,100477.171875,20.431110382080078,0,-0.43359375,-0.904296875,0.14404296875,0,0,-1.52587890625,-3.35693359375,-5.79833984375,0,0,"0",full
5acf237f-7b18-41f8-b081-ee95f05ce947,c9549b4e-052f-421d-b8f7-e4aa2078007e,2026-05-16T13:48:31.261Z,0,,29.491249084472656,66.5860595703125,29.190780639648438,100134.859375,29.068496704101562,100578.609375,42.847442626953125,100476.921875,20.431110382080078,0,-0.43359375,-0.904296875,0.14404296875,0,0,-1.52587890625,-3.35693359375,-5.79833984375,0,0,"0",full
5acf237f-7b18-41f8-b081-ee95f05ce947,c9549b4e-052f-421d-b8f7-e4aa2078007e,2026-05-16T13:48:31.321Z,0,,29.491249084472656,66.5860595703125,29.170974731445312,100231.828125,29.070358276367188,100580.6875,42.84599304199219,100476.78125,20.431110382080078,0,-0.522216796875,-0.8994140625,0.17041015625,0,0,-0.732421875,-1.8310546875,0.54931640625,0,0,"0",full
5acf237f-7b18-41f8-b081-ee95f05ce947,c9549b4e-052f-421d-b8f7-e4aa2078007e,2026-05-16T13:48:31.352Z,0,,29.276748657226562,65.66290283203125,29.170974731445312,100231.828125,29.070358276367188,100580.6875,42.84599304199219,100476.78125,20.26119041442871,0,-0.4912109375,-0.950439453125,0.141845703125,0,0,-1.03759765625,-0.06103515625,3.2958984375,0,0,"0",full
5acf237f-7b18-41f8-b081-ee95f05ce947,c9549b4e-052f-421d-b8f7-e4aa2078007e,2026-05-16T13:48:31.426Z,0,,29.276748657226562,65.66290283203125,29.170974731445312,100231.828125,29.070358276367188,100580.6875,42.84355163574219,100476.578125,20.26119041442871,0,-0.4912109375,-0.950439453125,0.141845703125,0,0,-1.03759765625,-0.06103515625,3.2958984375,0,0,"0",full
5acf237f-7b18-41f8-b081-ee95f05ce947,c9549b4e-052f-421d-b8f7-e4aa2078007e,2026-05-16T13:48:31.450Z,0,,29.276748657226562,65.66290283203125,29.161758422851562,100298.921875,29.069046020507812,100582.5625,42.84355163574219,100476.578125,20.26119041442871,0,-0.3857421875,-0.85302734375,0.10595703125,0,0,-1.03759765625,-3.72314453125,0.79345703125,0,0,"0",full
5acf237f-7b18-41f8-b081-ee95f05ce947,c9549b4e-052f-421d-b8f7-e4aa2078007e,2026-05-16T13:48:31.547Z,0,,29.276748657226562,65.66290283203125,29.161758422851562,100298.921875,29.069046020507812,100582.5625,42.841796875,100476.34375,20.26119041442871,0,-0.3857421875,-0.85302734375,0.10595703125,0,0,-1.03759765625,-3.72314453125,0.79345703125,0,0,"0",full
5acf237f-7b18-41f8-b081-ee95f05ce947,c9549b4e-052f-421d-b8f7-e4aa2078007e,2026-05-16T13:48:31.591Z,0,,29.276748657226562,65.66290283203125,29.151870727539062,100382.0625,29.068389892578125,100584.9375,42.839935302734375,100476.15625,20.26119041442871,0,-0.40185546875,-0.853515625,0.112060546875,0,0,3.60107421875,-3.23486328125,5.2490234375,0,0,"0",full
5acf237f-7b18-41f8-b081-ee95f05ce947,c9549b4e-052f-421d-b8f7-e4aa2078007e,2026-05-16T13:48:31.606Z,0,,29.276748657226562,60.40625,29.15087890625,100392.46875,29.068389892578125,100584.9375,42.839935302734375,100476.15625,20.147911071777344,0,-0.40185546875,-0.853515625,0.112060546875,0,0,3.60107421875,-3.23486328125,5.2490234375,0,0,"0",full
5acf237f-7b18-41f8-b081-ee95f05ce947,c9549b4e-052f-421d-b8f7-e4aa2078007e,2026-05-16T13:48:31.740Z,0,,29.276748657226562,60.40625,29.15087890625,100392.46875,29.068389892578125,100584.9375,42.838226318359375,100475.875,20.147911071777344,0,-0.40185546875,-0.853515625,0.112060546875,0,0,3.60107421875,-3.23486328125,5.2490234375,0,0,"0",full
5acf237f-7b18-41f8-b081-ee95f05ce947,c9549b4e-052f-421d-b8f7-e4aa2078007e,2026-05-16T13:48:31.741Z,0,,29.276748657226562,60.40625,29.14398193359375,100437.765625,29.06689453125,100586.015625,42.838226318359375,100475.875,20.147911071777344,0,-0.381103515625,-0.92138671875,0.131591796875,0,0,0.8544921875,-5.67626953125,-8.60595703125,0,0,"0",full
5acf237f-7b18-41f8-b081-ee95f05ce947,c9549b4e-052f-421d-b8f7-e4aa2078007e,2026-05-16T13:48:31.803Z,0,,29.276748657226562,60.40625,29.14398193359375,100437.765625,29.06689453125,100586.015625,42.83575439453125,100475.609375,20.147911071777344,0,-0.381103515625,-0.92138671875,0.131591796875,0,0,0.8544921875,-5.67626953125,-8.60595703125,0,0,"0",full
5acf237f-7b18-41f8-b081-ee95f05ce947,c9549b4e-052f-421d-b8f7-e4aa2078007e,2026-05-16T13:48:31.861Z,0,,29.276748657226562,60.40625,29.13543701171875,100487.46875,29.069549560546875,100585.75,42.83390808105469,100475.46875,20.147911071777344,0,-0.436767578125,-0.867919921875,0.125,0,0,5.79833984375,-0.244140625,0.91552734375,0,0,"0",full
5acf237f-7b18-41f8-b081-ee95f05ce947,c9549b4e-052f-421d-b8f7-e4aa2078007e,2026-05-16T13:48:31.890Z,0,,29.266021728515625,56.70599365234375,29.13543701171875,100487.46875,29.069473266601562,100584.984375,42.833343505859375,100475.453125,20.091270446777344,0,-0.436767578125,-0.867919921875,0.125,0,0,5.79833984375,-0.244140625,0.91552734375,0,0,"0",full
5acf237f-7b18-41f8-b081-ee95f05ce947,c9549b4e-052f-421d-b8f7-e4aa2078007e,2026-05-16T13:48:31.966Z,0,,29.266021728515625,56.70599365234375,29.13543701171875,100487.46875,29.069473266601562,100584.984375,42.83119201660156,100475.21875,20.091270446777344,0,-0.436767578125,-0.867919921875,0.125,0,0,5.79833984375,-0.244140625,0.91552734375,0,0,"0",full
5acf237f-7b18-41f8-b081-ee95f05ce947,c9549b4e-052f-421d-b8f7-e4aa2078007e,2026-05-16T13:48:31.990Z,0,,29.266021728515625,56.70599365234375,29.136825561523438,100455.1875,29.068649291992188,100582.734375,42.83097839355469,100475.171875,20.091270446777344,0,-0.39990234375,-0.8623046875,0.0849609375,0,0,1.220703125,6.77490234375,3.7841796875,0,0,"0",full
5acf237f-7b18-41f8-b081-ee95f05ce947,c9549b4e-052f-421d-b8f7-e4aa2078007e,2026-05-16T13:48:32.086Z,0,,29.266021728515625,56.70599365234375,29.136825561523438,100455.1875,29.068649291992188,100582.734375,42.828216552734375,100474.9375,20.091270446777344,0,-0.39990234375,-0.8623046875,0.0849609375,0,0,1.220703125,6.77490234375,3.7841796875,0,0,"0",full
5acf237f-7b18-41f8-b081-ee95f05ce947,c9549b4e-052f-421d-b8f7-e4aa2078007e,2026-05-16T13:48:32.146Z,0,,29.266021728515625,56.70599365234375,29.153839111328125,100331.671875,29.069000244140625,100578.375,42.82566833496094,100474.8125,20.091270446777344,0,-0.41552734375,-0.887939453125,0.130126953125,0,0,1.5869140625,-3.47900390625,-2.99072265625,0,0,"0",full
5acf237f-7b18-41f8-b081-ee95f05ce947,c9549b4e-052f-421d-b8f7-e4aa2078007e,2026-05-16T13:48:32.161Z,0,,29.330368041992188,56.19482421875,29.157058715820312,100313.375,29.069000244140625,100578.375,42.82566833496094,100474.8125,20.062950134277344,0,-0.50244140625,-0.893310546875,0.1513671875,0,0,0,-4.82177734375,-4.0283203125,0,0,"0",full
5acf237f-7b18-41f8-b081-ee95f05ce947,c9549b4e-052f-421d-b8f7-e4aa2078007e,2026-05-16T13:48:32.251Z,0,,29.330368041992188,56.19482421875,29.157058715820312,100313.375,29.069000244140625,100578.375,42.82366943359375,100474.5,20.062950134277344,0,-0.50244140625,-0.893310546875,0.1513671875,0,0,0,-4.82177734375,-4.0283203125,0,0,"0",full
5acf237f-7b18-41f8-b081-ee95f05ce947,c9549b4e-052f-421d-b8f7-e4aa2078007e,2026-05-16T13:48:32.278Z,0,,29.330368041992188,56.19482421875,29.178375244140625,100232.390625,29.071273803710938,100575.859375,42.82366943359375,100474.5,20.062950134277344,0,-0.365478515625,-0.885986328125,0.09765625,0,0,-2.3193359375,2.38037109375,0.48828125,0,0,"0",full
5acf237f-7b18-41f8-b081-ee95f05ce947,c9549b4e-052f-421d-b8f7-e4aa2078007e,2026-05-16T13:48:32.344Z,0,,29.330368041992188,56.19482421875,29.178375244140625,100232.390625,29.071273803710938,100575.859375,42.82444763183594,100474.234375,20.062950134277344,0,-0.365478515625,-0.885986328125,0.09765625,0,0,-2.3193359375,2.38037109375,0.48828125,0,0,"0",full
5acf237f-7b18-41f8-b081-ee95f05ce947,c9549b4e-052f-421d-b8f7-e4aa2078007e,2026-05-16T13:48:32.402Z,0,,29.330368041992188,56.19482421875,29.202178955078125,100147.375,29.072433471679688,100573.359375,42.82398986816406,100474.09375,20.062950134277344,0,-0.40283203125,-0.8837890625,0.10888671875,0,0,3.2958984375,0.79345703125,1.52587890625,0,0,"0",full
5acf237f-7b18-41f8-b081-ee95f05ce947,c9549b4e-052f-421d-b8f7-e4aa2078007e,2026-05-16T13:48:32.432Z,0,,29.523422241210938,65.22039794921875,29.202178955078125,100147.375,29.072433471679688,100573.359375,42.82286071777344,100474.046875,20.034629821777344,0,-0.40283203125,-0.8837890625,0.10888671875,0,0,3.2958984375,0.79345703125,1.52587890625,0,0,"0",full
5acf237f-7b18-41f8-b081-ee95f05ce947,c9549b4e-052f-421d-b8f7-e4aa2078007e,2026-05-16T13:48:32.523Z,0,,29.523422241210938,65.22039794921875,29.202178955078125,100147.375,29.072433471679688,100573.359375,42.822265625,100473.8125,20.034629821777344,0,-0.40283203125,-0.8837890625,0.10888671875,0,0,3.2958984375,0.79345703125,1.52587890625,0,0,"0",full
5acf237f-7b18-41f8-b081-ee95f05ce947,c9549b4e-052f-421d-b8f7-e4aa2078007e,2026-05-16T13:48:32.565Z,0,,29.523422241210938,65.22039794921875,29.211593627929688,100103.4375,29.075851440429688,100572.0625,42.822265625,100473.8125,20.034629821777344,0,-0.419677734375,-0.94921875,0.111083984375,0,0,-1.220703125,0.06103515625,-1.46484375,0,0,"0",full
5acf237f-7b18-41f8-b081-ee95f05ce947,c9549b4e-052f-421d-b8f7-e4aa2078007e,2026-05-16T13:48:32.631Z,0,,29.523422241210938,65.22039794921875,29.211593627929688,100103.4375,29.075851440429688,100572.0625,42.820343017578125,100473.546875,20.034629821777344,0,-0.419677734375,-0.94921875,0.111083984375,0,0,-1.220703125,0.06103515625,-1.46484375,0,0,"0",full
5acf237f-7b18-41f8-b081-ee95f05ce947,c9549b4e-052f-421d-b8f7-e4aa2078007e,2026-05-16T13:48:32.687Z,0,,29.523422241210938,65.22039794921875,29.22552490234375,100061.578125,29.078369140625,100570.625,42.81907653808594,100473.359375,20.034629821777344,0,-0.386962890625,-0.94384765625,0.124755859375,0,0,-4.8828125,-0.732421875,-12.5732421875,0,0,"0",full
5acf237f-7b18-41f8-b081-ee95f05ce947,c9549b4e-052f-421d-b8f7-e4aa2078007e,2026-05-16T13:48:32.703Z,0,,29.577049255371094,71.33154296875,29.225830078125,100057.015625,29.078216552734375,100570.40625,42.81907653808594,100473.359375,19.949670791625977,0,-0.386962890625,-0.94384765625,0.124755859375,0,0,-4.8828125,-0.732421875,-12.5732421875,0,0,"0",full
5acf237f-7b18-41f8-b081-ee95f05ce947,c9549b4e-052f-421d-b8f7-e4aa2078007e,2026-05-16T13:48:32.791Z,0,,29.577049255371094,71.33154296875,29.225830078125,100057.015625,29.078216552734375,100570.40625,42.816925048828125,100473.109375,19.949670791625977,0,-0.386962890625,-0.94384765625,0.124755859375,0,0,-4.8828125,-0.732421875,-12.5732421875,0,0,"0",full
5acf237f-7b18-41f8-b081-ee95f05ce947,c9549b4e-052f-421d-b8f7-e4aa2078007e,2026-05-16T13:48:32.818Z,0,,29.577049255371094,71.33154296875,29.234359741210938,100037.734375,29.079833984375,100569.1875,42.816925048828125,100473.109375,19.949670791625977,0,-0.442626953125,-0.88720703125,0.098876953125,0,0,3.60107421875,2.99072265625,9.521484375,0,0,"0",full
5acf237f-7b18-41f8-b081-ee95f05ce947,c9549b4e-052f-421d-b8f7-e4aa2078007e,2026-05-16T13:48:32.911Z,0,,29.577049255371094,71.33154296875,29.234359741210938,100037.734375,29.079833984375,100569.1875,42.816162109375,100472.890625,19.949670791625977,0,-0.442626953125,-0.88720703125,0.098876953125,0,0,3.60107421875,2.99072265625,9.521484375,0,0,"0",full
5acf237f-7b18-41f8-b081-ee95f05ce947,c9549b4e-052f-421d-b8f7-e4aa2078007e,2026-05-16T13:48:32.941Z,0,,29.577049255371094,71.33154296875,29.238723754882812,100020.734375,29.079498291015625,100567.90625,42.816009521484375,100472.71875,19.949670791625977,0,-0.358154296875,-0.858154296875,0.067138671875,0,0,3.2958984375,7.2021484375,13.3056640625,0,0,"0",full
5acf237f-7b18-41f8-b081-ee95f05ce947,c9549b4e-052f-421d-b8f7-e4aa2078007e,2026-05-16T13:48:32.974Z,0,,29.566322326660156,75.68792724609375,29.238723754882812,100020.734375,29.079498291015625,100567.90625,42.816009521484375,100472.71875,19.836389541625977,0,-0.364501953125,-0.878173828125,0.073974609375,0,0,1.708984375,6.34765625,11.23046875,0,0,"0",full
5acf237f-7b18-41f8-b081-ee95f05ce947,c9549b4e-052f-421d-b8f7-e4aa2078007e,2026-05-16T13:48:33.062Z,0,,29.566322326660156,75.68792724609375,29.238723754882812,100020.734375,29.079498291015625,100567.90625,42.815032958984375,100472.5625,19.836389541625977,0,-0.364501953125,-0.878173828125,0.073974609375,0,0,1.708984375,6.34765625,11.23046875,0,0,"0",full
5acf237f-7b18-41f8-b081-ee95f05ce947,c9549b4e-052f-421d-b8f7-e4aa2078007e,2026-05-16T13:48:33.093Z,0,,29.566322326660156,75.68792724609375,29.239700317382812,100013.109375,29.079803466796875,100567.21875,42.815032958984375,100472.5625,19.836389541625977,0,-0.340087890625,-0.873291015625,0.063720703125,0,0,-3.23486328125,-5.615234375,-18.798828125,0,0,"0",full
5acf237f-7b18-41f8-b081-ee95f05ce947,c9549b4e-052f-421d-b8f7-e4aa2078007e,2026-05-16T13:48:33.166Z,0,,29.566322326660156,75.68792724609375,29.239700317382812,100013.109375,29.079803466796875,100567.21875,42.81297302246094,100472.25,19.836389541625977,0,-0.340087890625,-0.873291015625,0.063720703125,0,0,-3.23486328125,-5.615234375,-18.798828125,0,0,"0",full
5acf237f-7b18-41f8-b081-ee95f05ce947,c9549b4e-052f-421d-b8f7-e4aa2078007e,2026-05-16T13:48:33.226Z,0,,29.566322326660156,75.68792724609375,29.239288330078125,100007.109375,29.077896118164062,100566.234375,42.81280517578125,100472.15625,19.836389541625977,0,-0.369873046875,-0.893310546875,0.08837890625,0,0,-0.8544921875,-0.79345703125,-4.5166015625,0,0,"0",full
5acf237f-7b18-41f8-b081-ee95f05ce947,c9549b4e-052f-421d-b8f7-e4aa2078007e,2026-05-16T13:48:33.244Z,0,,29.534149169921875,79.0982666015625,29.238571166992188,100006.640625,29.078567504882812,100566.125,42.8148193359375,100472.125,19.69301986694336,0,-0.369873046875,-0.893310546875,0.08837890625,0,0,-0.8544921875,-0.79345703125,-4.5166015625,0,0,"0",full
5acf237f-7b18-41f8-b081-ee95f05ce947,c9549b4e-052f-421d-b8f7-e4aa2078007e,2026-05-16T13:48:33.347Z,0,,29.534149169921875,79.0982666015625,29.238571166992188,100006.640625,29.078567504882812,100566.125,42.811370849609375,100471.890625,19.69301986694336,0,-0.369873046875,-0.893310546875,0.08837890625,0,0,-0.8544921875,-0.79345703125,-4.5166015625,0,0,"0",full
5acf237f-7b18-41f8-b081-ee95f05ce947,c9549b4e-052f-421d-b8f7-e4aa2078007e,2026-05-16T13:48:33.376Z,0,,29.534149169921875,79.0982666015625,29.234878540039062,100005.40625,29.080413818359375,100565.734375,42.81132507324219,100471.875,19.69301986694336,0,-0.640869140625,-1.002197265625,0.235107421875,0,0,-2.3193359375,5.0048828125,10.6201171875,0,0,"0",full
5acf237f-7b18-41f8-b081-ee95f05ce947,c9549b4e-052f-421d-b8f7-e4aa2078007e,2026-05-16T13:48:33.451Z,0,,29.534149169921875,79.0982666015625,29.234878540039062,100005.40625,29.080413818359375,100565.734375,42.80912780761719,100471.6875,19.69301986694336,0,-0.640869140625,-1.002197265625,0.235107421875,0,0,-2.3193359375,5.0048828125,10.6201171875,0,0,"0",full
5acf237f-7b18-41f8-b081-ee95f05ce947,c9549b4e-052f-421d-b8f7-e4aa2078007e,2026-05-16T13:48:33.513Z,0,,29.534149169921875,79.0982666015625,29.227767944335938,100011.640625,29.079910278320312,100565.75,42.809112548828125,100471.5,19.69301986694336,0,-0.567138671875,-0.97119140625,0.15771484375,0,0,-2.0751953125,-6.16455078125,-17.08984375,0,0,"0",full
5acf237f-7b18-41f8-b081-ee95f05ce947,c9549b4e-052f-421d-b8f7-e4aa2078007e,2026-05-16T13:48:33.525Z,0,,29.46979522705078,81.5091552734375,29.227767944335938,100011.640625,29.079910278320312,100565.75,42.809112548828125,100471.5,19.551420211791992,0,-0.567138671875,-0.97119140625,0.15771484375,0,0,-2.0751953125,-6.16455078125,-17.08984375,0,0,"0",full
5acf237f-7b18-41f8-b081-ee95f05ce947,c9549b4e-052f-421d-b8f7-e4aa2078007e,2026-05-16T13:48:33.600Z,0,,29.46979522705078,81.5091552734375,29.227767944335938,100011.640625,29.079910278320312,100565.75,42.806884765625,100471.265625,19.551420211791992,0,-0.567138671875,-0.97119140625,0.15771484375,0,0,-2.0751953125,-6.16455078125,-17.08984375,0,0,"0",full
5acf237f-7b18-41f8-b081-ee95f05ce947,c9549b4e-052f-421d-b8f7-e4aa2078007e,2026-05-16T13:48:33.635Z,0,,29.46979522705078,81.5091552734375,29.220703125,100031.375,29.080291748046875,100565.859375,42.806884765625,100471.265625,19.551420211791992,0,-0.4443359375,-0.887939453125,0.13232421875,0,0,3.23486328125,2.25830078125,10.8642578125,0,0,"0",full
5acf237f-7b18-41f8-b081-ee95f05ce947,c9549b4e-052f-421d-b8f7-e4aa2078007e,2026-05-16T13:48:33.705Z,0,,29.46979522705078,81.5091552734375,29.220703125,100031.375,29.080291748046875,100565.859375,42.80712890625,100471.015625,19.551420211791992,0,-0.4443359375,-0.887939453125,0.13232421875,0,0,3.23486328125,2.25830078125,10.8642578125,0,0,"0",full
5acf237f-7b18-41f8-b081-ee95f05ce947,c9549b4e-052f-421d-b8f7-e4aa2078007e,2026-05-16T13:48:33.766Z,0,,29.46979522705078,81.5091552734375,29.204330444335938,100093.390625,29.0787353515625,100565.875,42.80607604980469,100470.96875,19.551420211791992,0,-0.4697265625,-0.9091796875,0.138671875,0,0,0.91552734375,-4.94384765625,-6.16455078125,0,0,"0",full
5acf237f-7b18-41f8-b081-ee95f05ce947,c9549b4e-052f-421d-b8f7-e4aa2078007e,2026-05-16T13:48:33.782Z,0,,29.266021728515625,80.5631103515625,29.201644897460938,100104.9375,29.0787353515625,100565.875,42.80595397949219,100470.921875,19.409820556640625,0,-0.462646484375,-0.906982421875,0.12841796875,0,0,0.3662109375,-4.7607421875,-4.150390625,0,0,"0",full
5acf237f-7b18-41f8-b081-ee95f05ce947,c9549b4e-052f-421d-b8f7-e4aa2078007e,2026-05-16T13:48:33.889Z,0,,29.266021728515625,80.5631103515625,29.201644897460938,100104.9375,29.0787353515625,100565.875,42.80549621582031,100470.671875,19.409820556640625,0,-0.462646484375,-0.906982421875,0.12841796875,0,0,0.3662109375,-4.7607421875,-4.150390625,0,0,"0",full
5acf237f-7b18-41f8-b081-ee95f05ce947,c9549b4e-052f-421d-b8f7-e4aa2078007e,2026-05-16T13:48:33.919Z,0,,29.266021728515625,80.5631103515625,29.189239501953125,100169.65625,29.07891845703125,100566.4375,42.80610656738281,100470.625,19.409820556640625,0,-0.469970703125,-0.89501953125,0.132080078125,0,0,3.35693359375,-0.30517578125,3.11279296875,0,0,"0",full
5acf237f-7b18-41f8-b081-ee95f05ce947,c9549b4e-052f-421d-b8f7-e4aa2078007e,2026-05-16T13:48:33.993Z,0,,29.266021728515625,80.5631103515625,29.189239501953125,100169.65625,29.07891845703125,100566.4375,42.8062744140625,100470.421875,19.409820556640625,0,-0.469970703125,-0.89501953125,0.132080078125,0,0,3.35693359375,-0.30517578125,3.11279296875,0,0,"0",full
5acf237f-7b18-41f8-b081-ee95f05ce947,c9549b4e-052f-421d-b8f7-e4aa2078007e,2026-05-16T13:48:34.057Z,0,,29.266021728515625,80.5631103515625,29.175079345703125,100263.046875,29.075531005859375,100567.390625,42.80487060546875,100470.21875,19.409820556640625,0,-0.4384765625,-0.897216796875,0.08447265625,0,0,1.77001953125,-1.5869140625,2.8076171875,0,0,"0",full
5acf237f-7b18-41f8-b081-ee95f05ce947,c9549b4e-052f-421d-b8f7-e4aa2078007e,2026-05-16T13:48:34.075Z,0,,29.233848571777344,73.6356201171875,29.175079345703125,100263.046875,29.076858520507812,100567.53125,42.80487060546875,100470.21875,19.296539306640625,0,-0.4384765625,-0.897216796875,0.08447265625,0,0,1.77001953125,-1.5869140625,2.8076171875,0,0,"0",full
5acf237f-7b18-41f8-b081-ee95f05ce947,c9549b4e-052f-421d-b8f7-e4aa2078007e,2026-05-16T13:48:34.144Z,0,,29.233848571777344,73.6356201171875,29.175079345703125,100263.046875,29.076858520507812,100567.53125,42.80241394042969,100469.984375,19.296539306640625,0,-0.4384765625,-0.897216796875,0.08447265625,0,0,1.77001953125,-1.5869140625,2.8076171875,0,0,"0",full
5acf237f-7b18-41f8-b081-ee95f05ce947,c9549b4e-052f-421d-b8f7-e4aa2078007e,2026-05-16T13:48:34.182Z,0,,29.233848571777344,73.6356201171875,29.165481567382812,100323.75,29.07537841796875,100568.359375,42.80241394042969,100469.984375,19.296539306640625,0,-0.387451171875,-0.90380859375,0.09033203125,0,0,0.91552734375,0.67138671875,3.90625,0,0,"0",full
5acf237f-7b18-41f8-b081-ee95f05ce947,c9549b4e-052f-421d-b8f7-e4aa2078007e,2026-05-16T13:48:34.265Z,0,,29.233848571777344,73.6356201171875,29.165481567382812,100323.75,29.07537841796875,100568.359375,42.799102783203125,100469.734375,19.296539306640625,0,-0.387451171875,-0.90380859375,0.09033203125,0,0,0.91552734375,0.67138671875,3.90625,0,0,"0",full
5acf237f-7b18-41f8-b081-ee95f05ce947,c9549b4e-052f-421d-b8f7-e4aa2078007e,2026-05-16T13:48:34.320Z,0,,29.233848571777344,73.6356201171875,29.156646728515625,100394.953125,29.076675415039062,100569.65625,42.797119140625,100469.609375,19.296539306640625,0,-0.349365234375,-0.9052734375,0.083740234375,0,0,1.5869140625,0.244140625,3.47900390625,0,0,"0",full
5acf237f-7b18-41f8-b081-ee95f05ce947,c9549b4e-052f-421d-b8f7-e4aa2078007e,2026-05-16T13:48:34.351Z,0,,29.223121643066406,67.9593505859375,29.155670166015625,100403.65625,29.076675415039062,100569.65625,42.79713439941406,100469.546875,19.268220901489258,0,-0.349365234375,-0.9052734375,0.083740234375,0,0,1.5869140625,0.244140625,3.47900390625,0,0,"0",full
5acf237f-7b18-41f8-b081-ee95f05ce947,c9549b4e-052f-421d-b8f7-e4aa2078007e,2026-05-16T13:48:34.426Z,0,,29.223121643066406,67.9593505859375,29.155670166015625,100403.65625,29.076675415039062,100569.65625,42.79600524902344,100469.375,19.268220901489258,0,-0.349365234375,-0.9052734375,0.083740234375,0,0,1.5869140625,0.244140625,3.47900390625,0,0,"0",full
5acf237f-7b18-41f8-b081-ee95f05ce947,c9549b4e-052f-421d-b8f7-e4aa2078007e,2026-05-16T13:48:34.481Z,0,,29.223121643066406,67.9593505859375,29.150833129882812,100441.734375,29.077178955078125,100570.5,42.79600524902344,100469.375,19.268220901489258,0,-0.4765625,-0.91357421875,0.0732421875,0,0,0.732421875,0.9765625,-3.662109375,0,0,"0",full
5acf237f-7b18-41f8-b081-ee95f05ce947,c9549b4e-052f-421d-b8f7-e4aa2078007e,2026-05-16T13:48:34.533Z,0,,29.223121643066406,67.9593505859375,29.150833129882812,100441.734375,29.077178955078125,100570.5,42.79510498046875,100469.125,19.268220901489258,0,-0.4765625,-0.91357421875,0.0732421875,0,0,0.732421875,0.9765625,-3.662109375,0,0,"0",full
5acf237f-7b18-41f8-b081-ee95f05ce947,c9549b4e-052f-421d-b8f7-e4aa2078007e,2026-05-16T13:48:34.594Z,0,,29.223121643066406,67.9593505859375,29.146331787109375,100486.296875,29.076797485351562,100570.71875,42.7939453125,100469.03125,19.268220901489258,0,-0.452392578125,-0.887451171875,0.0703125,0,0,0.6103515625,-0.30517578125,-0.42724609375,0,0,"0",full
5acf237f-7b18-41f8-b081-ee95f05ce947,c9549b4e-052f-421d-b8f7-e4aa2078007e,2026-05-16T13:48:34.620Z,0,,29.24456787109375,63.5953369140625,29.146331787109375,100486.296875,29.076797485351562,100570.71875,42.7939453125,100469.03125,19.268220901489258,0,-0.438232421875,-0.884521484375,0.076904296875,0,0,1.77001953125,-0.54931640625,-3.23486328125,0,0,"0",full
5acf237f-7b18-41f8-b081-ee95f05ce947,c9549b4e-052f-421d-b8f7-e4aa2078007e,2026-05-16T13:48:34.712Z,0,,29.24456787109375,63.5953369140625,29.146331787109375,100486.296875,29.076797485351562,100570.71875,42.79267883300781,100468.8125,19.268220901489258,0,-0.438232421875,-0.884521484375,0.076904296875,0,0,1.77001953125,-0.54931640625,-3.23486328125,0,0,"0",full
5acf237f-7b18-41f8-b081-ee95f05ce947,c9549b4e-052f-421d-b8f7-e4aa2078007e,2026-05-16T13:48:34.745Z,0,,29.24456787109375,63.5953369140625,29.146286010742188,100506.5625,29.07427978515625,100570.125,42.79267883300781,100468.8125,19.268220901489258,0,-0.46484375,-0.943603515625,0.110595703125,0,0,0.18310546875,-2.38037109375,0.06103515625,0,0,"0",full
5acf237f-7b18-41f8-b081-ee95f05ce947,c9549b4e-052f-421d-b8f7-e4aa2078007e,2026-05-16T13:48:34.801Z,0,,29.24456787109375,63.5953369140625,29.146286010742188,100506.5625,29.07427978515625,100570.125,42.79270935058594,100468.671875,19.268220901489258,0,-0.46484375,-0.943603515625,0.110595703125,0,0,0.18310546875,-2.38037109375,0.06103515625,0,0,"0",full
5acf237f-7b18-41f8-b081-ee95f05ce947,c9549b4e-052f-421d-b8f7-e4aa2078007e,2026-05-16T13:48:34.861Z,0,,29.24456787109375,63.5953369140625,29.14678955078125,100466.40625,29.075942993164062,100564.65625,42.79182434082031,100468.609375,19.268220901489258,0,-0.41552734375,-0.881591796875,0.0771484375,0,0,-0.3662109375,2.8076171875,3.23486328125,0,0,"0",full
5acf237f-7b18-41f8-b081-ee95f05ce947,c9549b4e-052f-421d-b8f7-e4aa2078007e,2026-05-16T13:48:34.890Z,0,,29.266021728515625,60.7877197265625,29.14715576171875,100450.546875,29.076904296875,100564.28125,42.79182434082031,100468.609375,19.324859619140625,0,-0.41552734375,-0.881591796875,0.0771484375,0,0,-0.3662109375,2.8076171875,3.23486328125,0,0,"0",full
5acf237f-7b18-41f8-b081-ee95f05ce947,c9549b4e-052f-421d-b8f7-e4aa2078007e,2026-05-16T13:48:34.969Z,0,,29.266021728515625,60.7877197265625,29.14715576171875,100450.546875,29.076904296875,100564.28125,42.788330078125,100468.484375,19.324859619140625,0,-0.41552734375,-0.881591796875,0.0771484375,0,0,-0.3662109375,2.8076171875,3.23486328125,0,0,"0",full
5acf237f-7b18-41f8-b081-ee95f05ce947,c9549b4e-052f-421d-b8f7-e4aa2078007e,2026-05-16T13:48:34.994Z,0,,29.266021728515625,60.7877197265625,29.15234375,100358.5,29.078216552734375,100562.71875,42.788330078125,100468.484375,19.324859619140625,0,-0.442626953125,-0.90869140625,0.11767578125,0,0,-2.01416015625,-2.86865234375,-6.40869140625,0,0,"0",full
5acf237f-7b18-41f8-b081-ee95f05ce947,c9549b4e-052f-421d-b8f7-e4aa2078007e,2026-05-16T13:48:35.087Z,0,,29.266021728515625,60.7877197265625,29.15234375,100358.5,29.078216552734375,100562.71875,42.78559875488281,100468.28125,19.324859619140625,0,-0.442626953125,-0.90869140625,0.11767578125,0,0,-2.01416015625,-2.86865234375,-6.40869140625,0,0,"0",full
5acf237f-7b18-41f8-b081-ee95f05ce947,c9549b4e-052f-421d-b8f7-e4aa2078007e,2026-05-16T13:48:35.138Z,0,,29.266021728515625,60.7877197265625,29.177886962890625,100235.515625,29.079315185546875,100560.609375,42.785552978515625,100468.234375,19.324859619140625,0,-0.44677734375,-0.898681640625,0.085693359375,0,0,-2.38037109375,-1.77001953125,1.953125,0,0,"0",full
5acf237f-7b18-41f8-b081-ee95f05ce947,c9549b4e-052f-421d-b8f7-e4aa2078007e,2026-05-16T13:48:35.145Z,0,,29.426895141601562,65.73919677734375,29.177886962890625,100235.515625,29.079315185546875,100560.609375,42.784820556640625,100468.234375,19.381500244140625,0,-0.44677734375,-0.898681640625,0.085693359375,0,0,-2.38037109375,-1.77001953125,1.953125,0,0,"0",full
5acf237f-7b18-41f8-b081-ee95f05ce947,c9549b4e-052f-421d-b8f7-e4aa2078007e,2026-05-16T13:48:35.260Z,0,,29.426895141601562,65.73919677734375,29.177886962890625,100235.515625,29.079315185546875,100560.609375,42.78330993652344,100468.15625,19.381500244140625,0,-0.44677734375,-0.898681640625,0.085693359375,0,0,-2.38037109375,-1.77001953125,1.953125,0,0,"0",full
5acf237f-7b18-41f8-b081-ee95f05ce947,c9549b4e-052f-421d-b8f7-e4aa2078007e,2026-05-16T13:48:35.286Z,0,,29.426895141601562,65.73919677734375,29.195892333984375,100166.515625,29.082061767578125,100559.1875,42.78355407714844,100468.140625,19.381500244140625,0,-0.405029296875,-0.904296875,0.108154296875,0,0,0.48828125,-0.67138671875,1.220703125,0,0,"0",full
5acf237f-7b18-41f8-b081-ee95f05ce947,c9549b4e-052f-421d-b8f7-e4aa2078007e,2026-05-16T13:48:35.340Z,0,,29.426895141601562,65.73919677734375,29.195892333984375,100166.515625,29.082061767578125,100559.1875,42.78285217285156,100468.015625,19.381500244140625,0,-0.405029296875,-0.904296875,0.108154296875,0,0,0.48828125,-0.67138671875,1.220703125,0,0,"0",full
5acf237f-7b18-41f8-b081-ee95f05ce947,c9549b4e-052f-421d-b8f7-e4aa2078007e,2026-05-16T13:48:35.405Z,0,,29.426895141601562,65.73919677734375,29.2216796875,100097.890625,29.084854125976562,100557.578125,42.78230285644531,100467.96875,19.381500244140625,0,-0.4208984375,-0.88232421875,0.09716796875,0,0,0.732421875,0.8544921875,-1.46484375,0,0,"0",full
5acf237f-7b18-41f8-b081-ee95f05ce947,c9549b4e-052f-421d-b8f7-e4aa2078007e,2026-05-16T13:48:35.431Z,0,,29.566322326660156,72.68194580078125,29.22491455078125,100090.171875,29.085296630859375,100557.3125,42.78230285644531,100467.96875,19.381500244140625,0,-0.43798828125,-0.888916015625,0.1005859375,0,0,0.30517578125,0.8544921875,0.42724609375,0,0,"0",full
5acf237f-7b18-41f8-b081-ee95f05ce947,c9549b4e-052f-421d-b8f7-e4aa2078007e,2026-05-16T13:48:35.506Z,0,,29.566322326660156,72.68194580078125,29.22491455078125,100090.171875,29.085296630859375,100557.3125,42.77922058105469,100467.890625,19.381500244140625,0,-0.43798828125,-0.888916015625,0.1005859375,0,0,0.30517578125,0.8544921875,0.42724609375,0,0,"0",full
5acf237f-7b18-41f8-b081-ee95f05ce947,c9549b4e-052f-421d-b8f7-e4aa2078007e,2026-05-16T13:48:35.530Z,0,,29.566322326660156,72.68194580078125,29.238632202148438,100059.046875,29.087417602539062,100556.515625,42.77922058105469,100467.890625,19.381500244140625,0,-0.435302734375,-0.913330078125,0.10693359375,0,0,-2.50244140625,0.3662109375,0.67138671875,0,0,"0",full
5acf237f-7b18-41f8-b081-ee95f05ce947,c9549b4e-052f-421d-b8f7-e4aa2078007e,2026-05-16T13:48:35.627Z,0,,29.566322326660156,72.68194580078125,29.238632202148438,100059.046875,29.087417602539062,100556.515625,42.78092956542969,100467.84375,19.381500244140625,0,-0.435302734375,-0.913330078125,0.10693359375,0,0,-2.50244140625,0.3662109375,0.67138671875,0,0,"0",full
5acf237f-7b18-41f8-b081-ee95f05ce947,c9549b4e-052f-421d-b8f7-e4aa2078007e,2026-05-16T13:48:35.685Z,0,,29.566322326660156,72.68194580078125,29.247604370117188,100030,29.08673095703125,100555.234375,42.78117370605469,100467.78125,19.381500244140625,0,-0.450927734375,-0.907470703125,0.127197265625,0,0,-3.7841796875,-0.91552734375,-4.39453125,0,0,"0",full
5acf237f-7b18-41f8-b081-ee95f05ce947,c9549b4e-052f-421d-b8f7-e4aa2078007e,2026-05-16T13:48:35.702Z,0,,29.609222412109375,77.38165283203125,29.247604370117188,100030,29.08673095703125,100555.234375,42.78143310546875,100467.765625,19.381500244140625,0,-0.450927734375,-0.907470703125,0.127197265625,0,0,-3.7841796875,-0.91552734375,-4.39453125,0,0,"0",full
5acf237f-7b18-41f8-b081-ee95f05ce947,c9549b4e-052f-421d-b8f7-e4aa2078007e,2026-05-16T13:48:35.791Z,0,,29.609222412109375,77.38165283203125,29.247604370117188,100030,29.08673095703125,100555.234375,42.77857971191406,100467.6875,19.381500244140625,0,-0.450927734375,-0.907470703125,0.127197265625,0,0,-3.7841796875,-0.91552734375,-4.39453125,0,0,"0",full
5acf237f-7b18-41f8-b081-ee95f05ce947,c9549b4e-052f-421d-b8f7-e4aa2078007e,2026-05-16T13:48:35.817Z,0,,29.609222412109375,77.38165283203125,29.253372192382812,100016.84375,29.08721923828125,100554.421875,42.77857971191406,100467.6875,19.381500244140625,0,-0.430908203125,-0.896240234375,0.110107421875,0,0,1.77001953125,0.42724609375,2.44140625,0,0,"0",full
5acf237f-7b18-41f8-b081-ee95f05ce947,c9549b4e-052f-421d-b8f7-e4aa2078007e,2026-05-16T13:48:35.881Z,0,,29.609222412109375,77.38165283203125,29.253372192382812,100016.84375,29.08721923828125,100554.421875,42.77742004394531,100467.609375,19.381500244140625,0,-0.430908203125,-0.896240234375,0.110107421875,0,0,1.77001953125,0.42724609375,2.44140625,0,0,"0",full
5acf237f-7b18-41f8-b081-ee95f05ce947,c9549b4e-052f-421d-b8f7-e4aa2078007e,2026-05-16T13:48:35.942Z,0,,29.609222412109375,77.38165283203125,29.25604248046875,100004.9375,29.088882446289062,100553.828125,42.77622985839844,100467.59375,19.381500244140625,0,-0.43310546875,-0.885986328125,0.103271484375,0,0,0.9765625,-0.54931640625,-0.9765625,0,0,"0",full
5acf237f-7b18-41f8-b081-ee95f05ce947,c9549b4e-052f-421d-b8f7-e4aa2078007e,2026-05-16T13:48:35.970Z,0,,29.598495483398438,81.18109130859375,29.256072998046875,100003.703125,29.088882446289062,100553.828125,42.77622985839844,100467.59375,19.296539306640625,0,-0.429443359375,-0.8798828125,0.089599609375,0,0,1.3427734375,-0.06103515625,0.3662109375,0,0,"0",full
5acf237f-7b18-41f8-b081-ee95f05ce947,c9549b4e-052f-421d-b8f7-e4aa2078007e,2026-05-16T13:48:36.061Z,0,,29.598495483398438,81.18109130859375,29.256072998046875,100003.703125,29.088882446289062,100553.828125,42.77494812011719,100467.546875,19.296539306640625,0,-0.429443359375,-0.8798828125,0.089599609375,0,0,1.3427734375,-0.06103515625,0.3662109375,0,0,"0",full
5acf237f-7b18-41f8-b081-ee95f05ce947,c9549b4e-052f-421d-b8f7-e4aa2078007e,2026-05-16T13:48:36.092Z,0,,29.598495483398438,81.18109130859375,29.259475708007812,99998.765625,29.087356567382812,100553.515625,42.77494812011719,100467.546875,19.296539306640625,0,-0.41845703125,-0.892333984375,0.11328125,0,0,-0.1220703125,-0.42724609375,-2.86865234375,0,0,"0",full
5acf237f-7b18-41f8-b081-ee95f05ce947,c9549b4e-052f-421d-b8f7-e4aa2078007e,2026-05-16T13:48:36.167Z,0,,29.598495483398438,81.18109130859375,29.259475708007812,99998.765625,29.087356567382812,100553.515625,42.77557373046875,100467.515625,19.296539306640625,0,-0.41845703125,-0.892333984375,0.11328125,0,0,-0.1220703125,-0.42724609375,-2.86865234375,0,0,"0",full
5acf237f-7b18-41f8-b081-ee95f05ce947,c9549b4e-052f-421d-b8f7-e4aa2078007e,2026-05-16T13:48:36.225Z,0,,29.598495483398438,81.18109130859375,29.25830078125,99995.265625,29.088592529296875,100553.03125,42.775299072265625,100467.46875,19.296539306640625,0,-0.421875,-0.89404296875,0.099853515625,0,0,2.74658203125,-3.0517578125,0.42724609375,0,0,"0",full
5acf237f-7b18-41f8-b081-ee95f05ce947,c9549b4e-052f-421d-b8f7-e4aa2078007e,2026-05-16T13:48:36.241Z,0,,29.566322326660156,83.7064208984375,29.25830078125,99995.265625,29.08795166015625,100552.96875,42.775299072265625,100467.46875,19.211580276489258,0,-0.411865234375,-0.88427734375,0.096923828125,0,0,3.173828125,-4.150390625,0.79345703125,0,0,"0",full
5acf237f-7b18-41f8-b081-ee95f05ce947,c9549b4e-052f-421d-b8f7-e4aa2078007e,2026-05-16T13:48:36.331Z,0,,29.566322326660156,83.7064208984375,29.25830078125,99995.265625,29.08795166015625,100552.96875,42.77388000488281,100467.34375,19.211580276489258,0,-0.411865234375,-0.88427734375,0.096923828125,0,0,3.173828125,-4.150390625,0.79345703125,0,0,"0",full
5acf237f-7b18-41f8-b081-ee95f05ce947,c9549b4e-052f-421d-b8f7-e4aa2078007e,2026-05-16T13:48:36.357Z,0,,29.566322326660156,83.7064208984375,29.256393432617188,99998.25,29.089981079101562,100552.6875,42.77388000488281,100467.34375,19.211580276489258,0,-0.4462890625,-0.9287109375,0.114990234375,0,0,3.47900390625,-0.06103515625,-2.74658203125,0,0,"0",full
5acf237f-7b18-41f8-b081-ee95f05ce947,c9549b4e-052f-421d-b8f7-e4aa2078007e,2026-05-16T13:48:36.452Z,0,,29.566322326660156,83.7064208984375,29.256393432617188,99998.25,29.089981079101562,100552.6875,42.77400207519531,100467.28125,19.211580276489258,0,-0.4462890625,-0.9287109375,0.114990234375,0,0,3.47900390625,-0.06103515625,-2.74658203125,0,0,"0",full
5acf237f-7b18-41f8-b081-ee95f05ce947,c9549b4e-052f-421d-b8f7-e4aa2078007e,2026-05-16T13:48:36.484Z,0,,29.566322326660156,83.7064208984375,29.241180419921875,100032.390625,29.088104248046875,100553.359375,42.77423095703125,100467.234375,19.211580276489258,0,-0.46533203125,-0.90625,0.11474609375,0,0,-1.5869140625,-2.5634765625,-1.3427734375,0,0,"0",full
5acf237f-7b18-41f8-b081-ee95f05ce947,c9549b4e-052f-421d-b8f7-e4aa2078007e,2026-05-16T13:48:36.511Z,0,,29.4376220703125,85.13311767578125,29.240020751953125,100040.6875,29.088104248046875,100553.359375,42.77388000488281,100467.21875,19.09830093383789,0,-0.46533203125,-0.90625,0.11474609375,0,0,-1.5869140625,-2.5634765625,-1.3427734375,0,0,"0",full
5acf237f-7b18-41f8-b081-ee95f05ce947,c9549b4e-052f-421d-b8f7-e4aa2078007e,2026-05-16T13:48:36.601Z,0,,29.4376220703125,85.13311767578125,29.240020751953125,100040.6875,29.088104248046875,100553.359375,42.7718505859375,100467.171875,19.09830093383789,0,-0.46533203125,-0.90625,0.11474609375,0,0,-1.5869140625,-2.5634765625,-1.3427734375,0,0,"0",full
5acf237f-7b18-41f8-b081-ee95f05ce947,c9549b4e-052f-421d-b8f7-e4aa2078007e,2026-05-16T13:48:36.637Z,0,,29.4376220703125,85.13311767578125,29.225204467773438,100095.34375,29.089950561523438,100553.25,42.77137756347656,100467.171875,19.09830093383789,0,-0.438232421875,-0.90966796875,0.1123046875,0,0,1.0986328125,8.544921875,-2.3193359375,0,0,"0",full
5acf237f-7b18-41f8-b081-ee95f05ce947,c9549b4e-052f-421d-b8f7-e4aa2078007e,2026-05-16T13:48:36.706Z,0,,29.4376220703125,85.13311767578125,29.225204467773438,100095.34375,29.089950561523438,100553.25,42.77021789550781,100467.15625,19.09830093383789,0,-0.438232421875,-0.90966796875,0.1123046875,0,0,1.0986328125,8.544921875,-2.3193359375,0,0,"0",full
5acf237f-7b18-41f8-b081-ee95f05ce947,c9549b4e-052f-421d-b8f7-e4aa2078007e,2026-05-16T13:48:36.765Z,0,,29.4376220703125,85.13311767578125,29.2049560546875,100193.03125,29.090072631835938,100554.40625,42.77027893066406,100467.109375,19.09830093383789,0,-0.421875,-0.892333984375,0.1240234375,0,0,0.8544921875,-2.50244140625,4.57763671875,0,0,"0",full
5acf237f-7b18-41f8-b081-ee95f05ce947,c9549b4e-052f-421d-b8f7-e4aa2078007e,2026-05-16T13:48:36.780Z,0,,29.255294799804688,80.669921875,29.2049560546875,100193.03125,29.090072631835938,100554.40625,42.77027893066406,100467.109375,19.02396011352539,0,-0.451171875,-0.8818359375,0.1005859375,0,0,1.0986328125,-3.23486328125,4.2724609375,0,0,"0",full
5acf237f-7b18-41f8-b081-ee95f05ce947,c9549b4e-052f-421d-b8f7-e4aa2078007e,2026-05-16T13:48:36.886Z,0,,29.255294799804688,80.669921875,29.2049560546875,100193.03125,29.090072631835938,100554.40625,42.768280029296875,100467.0625,19.02396011352539,0,-0.451171875,-0.8818359375,0.1005859375,0,0,1.0986328125,-3.23486328125,4.2724609375,0,0,"0",full
5acf237f-7b18-41f8-b081-ee95f05ce947,c9549b4e-052f-421d-b8f7-e4aa2078007e,2026-05-16T13:48:36.912Z,0,,29.255294799804688,80.669921875,29.197540283203125,100262.03125,29.089202880859375,100555.640625,42.768280029296875,100467.0625,19.02396011352539,0,-0.38671875,-0.89501953125,0.10986328125,0,0,-2.5634765625,2.62451171875,0.67138671875,0,0,"0",full
5acf237f-7b18-41f8-b081-ee95f05ce947,c9549b4e-052f-421d-b8f7-e4aa2078007e,2026-05-16T13:48:36.993Z,0,,29.255294799804688,80.669921875,29.197540283203125,100262.03125,29.089202880859375,100555.640625,42.76741027832031,100467.015625,19.02396011352539,0,-0.38671875,-0.89501953125,0.10986328125,0,0,-2.5634765625,2.62451171875,0.67138671875,0,0,"0",full
5acf237f-7b18-41f8-b081-ee95f05ce947,c9549b4e-052f-421d-b8f7-e4aa2078007e,2026-05-16T13:48:37.051Z,0,,29.255294799804688,80.669921875,29.184371948242188,100345.296875,29.08624267578125,100557.96875,42.766021728515625,100466.96875,19.02396011352539,0,-0.384033203125,-0.89111328125,0.099853515625,0,0,-0.67138671875,-1.28173828125,3.41796875,0,0,"0",full
5acf237f-7b18-41f8-b081-ee95f05ce947,c9549b4e-052f-421d-b8f7-e4aa2078007e,2026-05-16T13:48:37.066Z,0,,29.233848571777344,73.5745849609375,29.183090209960938,100355.71875,29.087600708007812,100558.34375,42.76576232910156,100466.953125,19.01333999633789,0,-0.43017578125,-0.8955078125,0.07861328125,0,0,0.54931640625,-5.92041015625,2.5634765625,0,0,"0",full
5acf237f-7b18-41f8-b081-ee95f05ce947,c9549b4e-052f-421d-b8f7-e4aa2078007e,2026-05-16T13:48:37.141Z,0,,29.233848571777344,73.5745849609375,29.183090209960938,100355.71875,29.087600708007812,100558.34375,42.76441955566406,100466.859375,19.01333999633789,0,-0.43017578125,-0.8955078125,0.07861328125,0,0,0.54931640625,-5.92041015625,2.5634765625,0,0,"0",full
5acf237f-7b18-41f8-b081-ee95f05ce947,c9549b4e-052f-421d-b8f7-e4aa2078007e,2026-05-16T13:48:37.170Z,0,,29.233848571777344,73.5745849609375,29.177581787109375,100401.34375,29.087081909179688,100559.859375,42.76441955566406,100466.859375,19.01333999633789,0,-0.42626953125,-0.8974609375,0.0751953125,0,0,1.3427734375,-5.0048828125,-2.0751953125,0,0,"0",full
5acf237f-7b18-41f8-b081-ee95f05ce947,c9549b4e-052f-421d-b8f7-e4aa2078007e,2026-05-16T13:48:37.246Z,0,,29.233848571777344,73.5745849609375,29.177581787109375,100401.34375,29.087081909179688,100559.859375,42.75993347167969,100466.828125,19.01333999633789,0,-0.42626953125,-0.8974609375,0.0751953125,0,0,1.3427734375,-5.0048828125,-2.0751953125,0,0,"0",full
5acf237f-7b18-41f8-b081-ee95f05ce947,c9549b4e-052f-421d-b8f7-e4aa2078007e,2026-05-16T13:48:37.306Z,0,,29.233848571777344,73.5745849609375,29.170181274414062,100448.875,29.086639404296875,100561.59375,42.75885009765625,100466.796875,19.01333999633789,0,-0.416015625,-0.876220703125,0.090576171875,0,0,-0.06103515625,2.9296875,1.953125,0,0,"0",full
5acf237f-7b18-41f8-b081-ee95f05ce947,c9549b4e-052f-421d-b8f7-e4aa2078007e,2026-05-16T13:48:37.322Z,0,,29.24456787109375,68.1119384765625,29.170181274414062,100448.875,29.086639404296875,100561.59375,42.75885009765625,100466.796875,19.04166030883789,0,-0.416015625,-0.876220703125,0.090576171875,0,0,-0.06103515625,2.9296875,1.953125,0,0,"0",full
5acf237f-7b18-41f8-b081-ee95f05ce947,c9549b4e-052f-421d-b8f7-e4aa2078007e,2026-05-16T13:48:37.430Z,0,,29.24456787109375,68.1119384765625,29.170181274414062,100448.875,29.086639404296875,100561.59375,42.75520324707031,100466.734375,19.04166030883789,0,-0.416015625,-0.876220703125,0.090576171875,0,0,-0.06103515625,2.9296875,1.953125,0,0,"0",full
5acf237f-7b18-41f8-b081-ee95f05ce947,c9549b4e-052f-421d-b8f7-e4aa2078007e,2026-05-16T13:48:37.454Z,0,,29.24456787109375,68.1119384765625,29.166488647460938,100475.25,29.08489990234375,100561.9375,42.75520324707031,100466.734375,19.04166030883789,0,-0.4599609375,-0.920166015625,0.09423828125,0,0,-0.6103515625,3.90625,-0.244140625,0,0,"0",full
5acf237f-7b18-41f8-b081-ee95f05ce947,c9549b4e-052f-421d-b8f7-e4aa2078007e,2026-05-16T13:48:37.533Z,0,,29.24456787109375,68.1119384765625,29.166488647460938,100475.25,29.08489990234375,100561.9375,42.75382995605469,100466.765625,19.04166030883789,0,-0.4599609375,-0.920166015625,0.09423828125,0,0,-0.6103515625,3.90625,-0.244140625,0,0,"0",full
5acf237f-7b18-41f8-b081-ee95f05ce947,c9549b4e-052f-421d-b8f7-e4aa2078007e,2026-05-16T13:48:37.593Z,0,,29.24456787109375,68.1119384765625,29.1658935546875,100492.71875,29.08758544921875,100560.578125,42.75469970703125,100466.765625,19.04166030883789,0,-0.43212890625,-0.938720703125,0.1162109375,0,0,0.48828125,-1.46484375,1.46484375,0,0,"0",full
5acf237f-7b18-41f8-b081-ee95f05ce947,c9549b4e-052f-421d-b8f7-e4aa2078007e,2026-05-16T13:48:37.608Z,0,,29.255294799804688,64.38116455078125,29.165786743164062,100491.328125,29.08758544921875,100560.578125,42.75469970703125,100466.765625,19.126619338989258,0,-0.390625,-0.921875,0.10888671875,0,0,1.52587890625,-0.30517578125,0.54931640625,0,0,"0",full
5acf237f-7b18-41f8-b081-ee95f05ce947,c9549b4e-052f-421d-b8f7-e4aa2078007e,2026-05-16T13:48:37.682Z,0,,29.255294799804688,64.38116455078125,29.165786743164062,100491.328125,29.08758544921875,100560.578125,42.75114440917969,100466.796875,19.126619338989258,0,-0.390625,-0.921875,0.10888671875,0,0,1.52587890625,-0.30517578125,0.54931640625,0,0,"0",full
5acf237f-7b18-41f8-b081-ee95f05ce947,c9549b4e-052f-421d-b8f7-e4aa2078007e,2026-05-16T13:48:37.724Z,0,,29.255294799804688,64.38116455078125,29.16522216796875,100460.078125,29.086532592773438,100555.96875,42.75114440917969,100466.796875,19.126619338989258,0,-0.4306640625,-0.871826171875,0.06298828125,0,0,2.62451171875,4.94384765625,3.60107421875,0,0,"0",full
5acf237f-7b18-41f8-b081-ee95f05ce947,c9549b4e-052f-421d-b8f7-e4aa2078007e,2026-05-16T13:48:37.802Z,0,,29.255294799804688,64.38116455078125,29.16522216796875,100460.078125,29.086532592773438,100555.96875,42.74787902832031,100466.875,19.126619338989258,0,-0.4306640625,-0.871826171875,0.06298828125,0,0,2.62451171875,4.94384765625,3.60107421875,0,0,"0",full
5acf237f-7b18-41f8-b081-ee95f05ce947,c9549b4e-052f-421d-b8f7-e4aa2078007e,2026-05-16T13:48:37.846Z,0,,29.255294799804688,64.38116455078125,29.180694580078125,100321.984375,29.089797973632812,100553.734375,42.747650146484375,100466.890625,19.126619338989258,0,-0.457763671875,-0.8603515625,0.070068359375,0,0,2.5634765625,2.44140625,7.38525390625,0,0,"0",full
5acf237f-7b18-41f8-b081-ee95f05ce947,c9549b4e-052f-421d-b8f7-e4aa2078007e,2026-05-16T13:48:37.861Z,0,,29.330368041992188,63.9615478515625,29.180694580078125,100321.984375,29.090728759765625,100553.484375,42.747344970703125,100466.875,19.211580276489258,0,-0.4208984375,-0.846923828125,0.0615234375,0,0,3.72314453125,3.2958984375,10.3759765625,0,0,"0",full
5acf237f-7b18-41f8-b081-ee95f05ce947,c9549b4e-052f-421d-b8f7-e4aa2078007e,2026-05-16T13:48:37.966Z,0,,29.330368041992188,63.9615478515625,29.180694580078125,100321.984375,29.090728759765625,100553.484375,42.74815368652344,100466.890625,19.211580276489258,0,-0.4208984375,-0.846923828125,0.0615234375,0,0,3.72314453125,3.2958984375,10.3759765625,0,0,"0",full
5acf237f-7b18-41f8-b081-ee95f05ce947,c9549b4e-052f-421d-b8f7-e4aa2078007e,2026-05-16T13:48:37.991Z,0,,29.330368041992188,63.9615478515625,29.198135375976562,100240.359375,29.09344482421875,100552.40625,42.74842834472656,100466.921875,19.211580276489258,0,-0.441162109375,-0.93603515625,0.144287109375,0,0,-2.86865234375,-2.5634765625,-4.94384765625,0,0,"0",full
5acf237f-7b18-41f8-b081-ee95f05ce947,c9549b4e-052f-421d-b8f7-e4aa2078007e,2026-05-16T13:48:38.072Z,0,,29.330368041992188,63.9615478515625,29.198135375976562,100240.359375,29.09344482421875,100552.40625,42.74641418457031,100467.03125,19.211580276489258,0,-0.441162109375,-0.93603515625,0.144287109375,0,0,-2.86865234375,-2.5634765625,-4.94384765625,0,0,"0",full
5acf237f-7b18-41f8-b081-ee95f05ce947,c9549b4e-052f-421d-b8f7-e4aa2078007e,2026-05-16T13:48:38.130Z,0,,29.330368041992188,63.9615478515625,29.219161987304688,100153.15625,29.095138549804688,100551.0625,42.74443054199219,100467.1875,19.211580276489258,0,-0.466796875,-0.88623046875,0.0927734375,0,0,1.46484375,-1.3427734375,-3.23486328125,0,0,"0",full
5acf237f-7b18-41f8-b081-ee95f05ce947,c9549b4e-052f-421d-b8f7-e4aa2078007e,2026-05-16T13:48:38.146Z,0,,29.523422241210938,71.789306640625,29.223037719726562,100142.75,29.095138549804688,100551.0625,42.74443054199219,100467.1875,19.268220901489258,0,-0.466796875,-0.88623046875,0.0927734375,0,0,1.46484375,-1.3427734375,-3.23486328125,0,0,"0",full
5acf237f-7b18-41f8-b081-ee95f05ce947,c9549b4e-052f-421d-b8f7-e4aa2078007e,2026-05-16T13:48:38.250Z,0,,29.523422241210938,71.789306640625,29.223037719726562,100142.75,29.095138549804688,100551.0625,42.744598388671875,100467.34375,19.268220901489258,0,-0.466796875,-0.88623046875,0.0927734375,0,0,1.46484375,-1.3427734375,-3.23486328125,0,0,"0",full
5acf237f-7b18-41f8-b081-ee95f05ce947,c9549b4e-052f-421d-b8f7-e4aa2078007e,2026-05-16T13:48:38.274Z,0,,29.523422241210938,71.789306640625,29.23468017578125,100106.859375,29.096908569335938,100550.328125,42.744598388671875,100467.34375,19.268220901489258,0,-0.46435546875,-0.92724609375,0.1025390625,0,0,-1.3427734375,-0.79345703125,-2.50244140625,0,0,"0",full
5acf237f-7b18-41f8-b081-ee95f05ce947,c9549b4e-052f-421d-b8f7-e4aa2078007e,2026-05-16T13:48:38.341Z,0,,29.523422241210938,71.789306640625,29.23468017578125,100106.859375,29.096908569335938,100550.328125,42.74200439453125,100467.46875,19.268220901489258,0,-0.46435546875,-0.92724609375,0.1025390625,0,0,-1.3427734375,-0.79345703125,-2.50244140625,0,0,"0",full
5acf237f-7b18-41f8-b081-ee95f05ce947,c9549b4e-052f-421d-b8f7-e4aa2078007e,2026-05-16T13:48:38.400Z,0,,29.523422241210938,71.789306640625,29.254287719726562,100058.28125,29.098297119140625,100550.03125,42.74070739746094,100467.46875,19.268220901489258,0,-0.381103515625,-0.85498046875,0.064453125,0,0,3.35693359375,-2.3193359375,4.21142578125,0,0,"0",full
5acf237f-7b18-41f8-b081-ee95f05ce947,c9549b4e-052f-421d-b8f7-e4aa2078007e,2026-05-16T13:48:38.431Z,0,,29.609222412109375,77.13751220703125,29.254287719726562,100058.28125,29.097564697265625,100550,42.74139404296875,100467.484375,19.268220901489258,0,-0.443115234375,-0.886474609375,0.096435546875,0,0,3.47900390625,-1.64794921875,5.43212890625,0,0,"0",full
5acf237f-7b18-41f8-b081-ee95f05ce947,c9549b4e-052f-421d-b8f7-e4aa2078007e,2026-05-16T13:48:38.507Z,0,,29.609222412109375,77.13751220703125,29.254287719726562,100058.28125,29.097564697265625,100550,42.74174499511719,100467.625,19.268220901489258,0,-0.443115234375,-0.886474609375,0.096435546875,0,0,3.47900390625,-1.64794921875,5.43212890625,0,0,"0",full
5acf237f-7b18-41f8-b081-ee95f05ce947,c9549b4e-052f-421d-b8f7-e4aa2078007e,2026-05-16T13:48:38.540Z,0,,29.609222412109375,77.13751220703125,29.2626953125,100040.421875,29.098846435546875,100549.953125,42.74174499511719,100467.625,19.268220901489258,0,-0.431396484375,-0.850830078125,0.064453125,0,0,-1.77001953125,-0.8544921875,-5.67626953125,0,0,"0",full
5acf237f-7b18-41f8-b081-ee95f05ce947,c9549b4e-052f-421d-b8f7-e4aa2078007e,2026-05-16T13:48:38.627Z,0,,29.609222412109375,77.13751220703125,29.2626953125,100040.421875,29.098846435546875,100549.953125,42.74232482910156,100467.8125,19.268220901489258,0,-0.431396484375,-0.850830078125,0.064453125,0,0,-1.77001953125,-0.8544921875,-5.67626953125,0,0,"0",full
5acf237f-7b18-41f8-b081-ee95f05ce947,c9549b4e-052f-421d-b8f7-e4aa2078007e,2026-05-16T13:48:38.672Z,0,,29.609222412109375,77.13751220703125,29.267547607421875,100023.9375,29.100784301757812,100548.40625,42.74275207519531,100468,19.268220901489258,0,-0.447509765625,-0.877197265625,0.10986328125,0,0,2.86865234375,-4.82177734375,-1.46484375,0,0,"0",full
5acf237f-7b18-41f8-b081-ee95f05ce947,c9549b4e-052f-421d-b8f7-e4aa2078007e,2026-05-16T13:48:38.688Z,0,,29.598495483398438,81.01324462890625,29.268936157226562,100021.25,29.100784301757812,100548.40625,42.74275207519531,100468,19.268220901489258,0,-0.4755859375,-0.9150390625,0.1201171875,0,0,2.5634765625,-5.126953125,-1.64794921875,0,0,"0",full
5acf237f-7b18-41f8-b081-ee95f05ce947,c9549b4e-052f-421d-b8f7-e4aa2078007e,2026-05-16T13:48:38.794Z,0,,29.598495483398438,81.01324462890625,29.268936157226562,100021.25,29.100784301757812,100548.40625,42.74212646484375,100468.21875,19.268220901489258,0,-0.4755859375,-0.9150390625,0.1201171875,0,0,2.5634765625,-5.126953125,-1.64794921875,0,0,"0",full
5acf237f-7b18-41f8-b081-ee95f05ce947,c9549b4e-052f-421d-b8f7-e4aa2078007e,2026-05-16T13:48:38.820Z,0,,29.598495483398438,81.01324462890625,29.2701416015625,100010.828125,29.100601196289062,100548.09375,42.74212646484375,100468.21875,19.268220901489258,0,-0.3837890625,-0.9140625,0.074951171875,0,0,-3.23486328125,3.90625,-8.30078125,0,0,"0",full
5acf237f-7b18-41f8-b081-ee95f05ce947,c9549b4e-052f-421d-b8f7-e4aa2078007e,2026-05-16T13:48:38.882Z,0,,29.598495483398438,81.01324462890625,29.2701416015625,100010.828125,29.100601196289062,100548.09375,42.74122619628906,100468.359375,19.268220901489258,0,-0.3837890625,-0.9140625,0.074951171875,0,0,-3.23486328125,3.90625,-8.30078125,0,0,"0",full
5acf237f-7b18-41f8-b081-ee95f05ce947,c9549b4e-052f-421d-b8f7-e4aa2078007e,2026-05-16T13:48:38.944Z,0,,29.598495483398438,81.01324462890625,29.27056884765625,100001.34375,29.102874755859375,100548.171875,42.74102783203125,100468.46875,19.268220901489258,0,-0.53955078125,-0.9091796875,0.10009765625,0,0,5.55419921875,-2.50244140625,-5.2490234375,0,0,"0",full
5acf237f-7b18-41f8-b081-ee95f05ce947,c9549b4e-052f-421d-b8f7-e4aa2078007e,2026-05-16T13:48:38.974Z,0,,29.566322326660156,83.13421630859375,29.27056884765625,100001.34375,29.102874755859375,100548.171875,42.74102783203125,100468.46875,19.211580276489258,0,-0.53955078125,-0.9091796875,0.10009765625,0,0,5.55419921875,-2.50244140625,-5.2490234375,0,0,"0",full
5acf237f-7b18-41f8-b081-ee95f05ce947,c9549b4e-052f-421d-b8f7-e4aa2078007e,2026-05-16T13:48:39.049Z,0,,29.566322326660156,83.13421630859375,29.27056884765625,100001.34375,29.102874755859375,100548.171875,42.74003601074219,100468.65625,19.211580276489258,0,-0.53955078125,-0.9091796875,0.10009765625,0,0,5.55419921875,-2.50244140625,-5.2490234375,0,0,"0",full
5acf237f-7b18-41f8-b081-ee95f05ce947,c9549b4e-052f-421d-b8f7-e4aa2078007e,2026-05-16T13:48:39.071Z,0,,29.566322326660156,83.13421630859375,29.268142700195312,100001.625,29.104019165039062,100548.609375,42.74003601074219,100468.65625,19.211580276489258,0,-0.422607421875,-0.88818359375,0.06982421875,0,0,4.5166015625,-1.64794921875,7.4462890625,0,0,"0",full
5acf237f-7b18-41f8-b081-ee95f05ce947,c9549b4e-052f-421d-b8f7-e4aa2078007e,2026-05-16T13:48:39.168Z,0,,29.566322326660156,83.13421630859375,29.268142700195312,100001.625,29.104019165039062,100548.609375,42.738037109375,100468.875,19.211580276489258,0,-0.422607421875,-0.88818359375,0.06982421875,0,0,4.5166015625,-1.64794921875,7.4462890625,0,0,"0",full
5acf237f-7b18-41f8-b081-ee95f05ce947,c9549b4e-052f-421d-b8f7-e4aa2078007e,2026-05-16T13:48:39.229Z,0,,29.566322326660156,83.13421630859375,29.258468627929688,100021.203125,29.101638793945312,100549.75,42.73799133300781,100468.984375,19.211580276489258,0,-0.374267578125,-0.880126953125,0.0341796875,0,0,4.33349609375,4.39453125,8.4228515625,0,0,"0",full
5acf237f-7b18-41f8-b081-ee95f05ce947,c9549b4e-052f-421d-b8f7-e4aa2078007e,2026-05-16T13:48:39.241Z,0,,29.459068298339844,84.911865234375,29.257980346679688,100026.296875,29.102066040039062,100549.859375,42.73960876464844,100469.03125,19.154939651489258,0,-0.3466796875,-0.881103515625,0.037353515625,0,0,3.5400390625,6.89697265625,13.48876953125,0,0,"0",full
5acf237f-7b18-41f8-b081-ee95f05ce947,c9549b4e-052f-421d-b8f7-e4aa2078007e,2026-05-16T13:48:39.338Z,0,,29.459068298339844,84.911865234375,29.257980346679688,100026.296875,29.102066040039062,100549.859375,42.736663818359375,100469.140625,19.154939651489258,0,-0.3466796875,-0.881103515625,0.037353515625,0,0,3.5400390625,6.89697265625,13.48876953125,0,0,"0",full
5acf237f-7b18-41f8-b081-ee95f05ce947,c9549b4e-052f-421d-b8f7-e4aa2078007e,2026-05-16T13:48:39.368Z,0,,29.459068298339844,84.911865234375,29.249343872070312,100054.21875,29.1026611328125,100550.640625,42.737060546875,100469.171875,19.154939651489258,0,-0.48291015625,-0.879150390625,0.054443359375,0,0,-0.18310546875,6.4697265625,-0.9765625,0,0,"0",full
5acf237f-7b18-41f8-b081-ee95f05ce947,c9549b4e-052f-421d-b8f7-e4aa2078007e,2026-05-16T13:48:39.436Z,0,,29.459068298339844,84.911865234375,29.249343872070312,100054.21875,29.1026611328125,100550.640625,42.73750305175781,100469.328125,19.154939651489258,0,-0.48291015625,-0.879150390625,0.054443359375,0,0,-0.18310546875,6.4697265625,-0.9765625,0,0,"0",full
5acf237f-7b18-41f8-b081-ee95f05ce947,c9549b4e-052f-421d-b8f7-e4aa2078007e,2026-05-16T13:48:39.481Z,0,,29.459068298339844,84.911865234375,29.231475830078125,100138.265625,29.100814819335938,100551.3125,42.73777770996094,100469.34375,19.154939651489258,0,-0.4521484375,-0.918212890625,0.095703125,0,0,0.6103515625,4.7607421875,1.52587890625,0,0,"0",full
5acf237f-7b18-41f8-b081-ee95f05ce947,c9549b4e-052f-421d-b8f7-e4aa2078007e,2026-05-16T13:48:39.514Z,0,,29.298194885253906,81.127685546875,29.231475830078125,100138.265625,29.100814819335938,100551.3125,42.73777770996094,100469.34375,19.06998062133789,0,-0.4521484375,-0.918212890625,0.095703125,0,0,0.6103515625,4.7607421875,1.52587890625,0,0,"0",full
5acf237f-7b18-41f8-b081-ee95f05ce947,c9549b4e-052f-421d-b8f7-e4aa2078007e,2026-05-16T13:48:39.602Z,0,,29.298194885253906,81.127685546875,29.231475830078125,100138.265625,29.100814819335938,100551.3125,42.73667907714844,100469.453125,19.06998062133789,0,-0.4521484375,-0.918212890625,0.095703125,0,0,0.6103515625,4.7607421875,1.52587890625,0,0,"0",full
5acf237f-7b18-41f8-b081-ee95f05ce947,c9549b4e-052f-421d-b8f7-e4aa2078007e,2026-05-16T13:48:39.633Z,0,,29.298194885253906,81.127685546875,29.22314453125,100202.09375,29.100555419921875,100552.453125,42.73667907714844,100469.453125,19.06998062133789,0,-0.411376953125,-0.90869140625,0.083251953125,0,0,0.06103515625,-0.6103515625,2.8076171875,0,0,"0",full
5acf237f-7b18-41f8-b081-ee95f05ce947,c9549b4e-052f-421d-b8f7-e4aa2078007e,2026-05-16T13:48:39.705Z,0,,29.298194885253906,81.127685546875,29.22314453125,100202.09375,29.100555419921875,100552.453125,42.735260009765625,100469.625,19.06998062133789,0,-0.411376953125,-0.90869140625,0.083251953125,0,0,0.06103515625,-0.6103515625,2.8076171875,0,0,"0",full
5acf237f-7b18-41f8-b081-ee95f05ce947,c9549b4e-052f-421d-b8f7-e4aa2078007e,2026-05-16T13:48:39.777Z,0,,29.298194885253906,81.127685546875,29.206939697265625,100287.421875,29.098312377929688,100554.234375,42.734405517578125,100469.6875,19.06998062133789,0,-0.44189453125,-0.92236328125,0.07177734375,0,0,1.15966796875,-1.5869140625,1.15966796875,0,0,"0",full
5acf237f-7b18-41f8-b081-ee95f05ce947,c9549b4e-052f-421d-b8f7-e4aa2078007e,2026-05-16T13:48:39.780Z,0,,29.266021728515625,74.25360107421875,29.206939697265625,100287.421875,29.098312377929688,100554.234375,42.73455810546875,100469.703125,19.06998062133789,0,-0.44189453125,-0.92236328125,0.07177734375,0,0,1.15966796875,-1.5869140625,1.15966796875,0,0,"0",full
5acf237f-7b18-41f8-b081-ee95f05ce947,c9549b4e-052f-421d-b8f7-e4aa2078007e,2026-05-16T13:48:39.880Z,0,,29.266021728515625,74.25360107421875,29.206939697265625,100287.421875,29.098312377929688,100554.234375,42.73213195800781,100469.84375,19.06998062133789,0,-0.44189453125,-0.92236328125,0.07177734375,0,0,1.15966796875,-1.5869140625,1.15966796875,0,0,"0",full
5acf237f-7b18-41f8-b081-ee95f05ce947,c9549b4e-052f-421d-b8f7-e4aa2078007e,2026-05-16T13:48:39.906Z,0,,29.266021728515625,74.25360107421875,29.20013427734375,100341.78125,29.099044799804688,100555.546875,42.73213195800781,100469.84375,19.06998062133789,0,-0.408447265625,-0.910888671875,0.060791015625,0,0,-0.42724609375,-1.40380859375,0.91552734375,0,0,"0",full
5acf237f-7b18-41f8-b081-ee95f05ce947,c9549b4e-052f-421d-b8f7-e4aa2078007e,2026-05-16T13:48:39.990Z,0,,29.266021728515625,74.25360107421875,29.20013427734375,100341.78125,29.099044799804688,100555.546875,42.729461669921875,100469.921875,19.06998062133789,0,-0.408447265625,-0.910888671875,0.060791015625,0,0,-0.42724609375,-1.40380859375,0.91552734375,0,0,"0",full
5acf237f-7b18-41f8-b081-ee95f05ce947,c9549b4e-052f-421d-b8f7-e4aa2078007e,2026-05-16T13:48:40.022Z,0,,29.266021728515625,74.25360107421875,29.193359375,100411.671875,29.100326538085938,100557.984375,42.72975158691406,100470.015625,19.06998062133789,0,-0.3759765625,-0.884033203125,0.054443359375,0,0,-0.42724609375,-2.44140625,-2.197265625,0,0,"0",full
5acf237f-7b18-41f8-b081-ee95f05ce947,c9549b4e-052f-421d-b8f7-e4aa2078007e,2026-05-16T13:48:40.051Z,0,,29.266021728515625,68.89013671875,29.193359375,100411.671875,29.099365234375,100558.3125,42.72975158691406,100470.015625,19.09830093383789,0,-0.4091796875,-0.907958984375,0.0869140625,0,0,-0.67138671875,-3.72314453125,-6.16455078125,0,0,"0",full
5acf237f-7b18-41f8-b081-ee95f05ce947,c9549b4e-052f-421d-b8f7-e4aa2078007e,2026-05-16T13:48:40.142Z,0,,29.266021728515625,68.89013671875,29.193359375,100411.671875,29.099365234375,100558.3125,42.727783203125,100470.125,19.09830093383789,0,-0.4091796875,-0.907958984375,0.0869140625,0,0,-0.67138671875,-3.72314453125,-6.16455078125,0,0,"0",full
5acf237f-7b18-41f8-b081-ee95f05ce947,c9549b4e-052f-421d-b8f7-e4aa2078007e,2026-05-16T13:48:40.171Z,0,,29.266021728515625,68.89013671875,29.190628051757812,100446.765625,29.096893310546875,100559.15625,42.727783203125,100470.125,19.09830093383789,0,-0.450439453125,-0.888916015625,0.0517578125,0,0,0.48828125,1.15966796875,-0.06103515625,0,0,"0",full
5acf237f-7b18-41f8-b081-ee95f05ce947,c9549b4e-052f-421d-b8f7-e4aa2078007e,2026-05-16T13:48:40.245Z,0,,29.266021728515625,68.89013671875,29.190628051757812,100446.765625,29.096893310546875,100559.15625,42.72450256347656,100470.234375,19.09830093383789,0,-0.450439453125,-0.888916015625,0.0517578125,0,0,0.48828125,1.15966796875,-0.06103515625,0,0,"0",full
5acf237f-7b18-41f8-b081-ee95f05ce947,c9549b4e-052f-421d-b8f7-e4aa2078007e,2026-05-16T13:48:40.305Z,0,,29.266021728515625,68.89013671875,29.188980102539062,100420.796875,29.0980224609375,100556.46875,42.72486877441406,100470.28125,19.09830093383789,0,-0.4091796875,-0.900146484375,0.05419921875,0,0,0.8544921875,-1.52587890625,2.13623046875,0,0,"0",full
5acf237f-7b18-41f8-b081-ee95f05ce947,c9549b4e-052f-421d-b8f7-e4aa2078007e,2026-05-16T13:48:40.321Z,0,,29.28746795654297,64.8465576171875,29.188980102539062,100420.796875,29.0980224609375,100556.46875,42.72486877441406,100470.28125,19.154939651489258,0,-0.4091796875,-0.900146484375,0.05419921875,0,0,0.8544921875,-1.52587890625,2.13623046875,0,0,"0",full
5acf237f-7b18-41f8-b081-ee95f05ce947,c9549b4e-052f-421d-b8f7-e4aa2078007e,2026-05-16T13:48:40.411Z,0,,29.28746795654297,64.8465576171875,29.188980102539062,100420.796875,29.0980224609375,100556.46875,42.72283935546875,100470.375,19.154939651489258,0,-0.4091796875,-0.900146484375,0.05419921875,0,0,0.8544921875,-1.52587890625,2.13623046875,0,0,"0",full
5acf237f-7b18-41f8-b081-ee95f05ce947,c9549b4e-052f-421d-b8f7-e4aa2078007e,2026-05-16T13:48:40.449Z,0,,29.28746795654297,64.8465576171875,29.20465087890625,100336.40625,29.101669311523438,100554.265625,42.72283935546875,100470.375,19.154939651489258,0,-0.438232421875,-0.91064453125,0.06982421875,0,0,-2.0751953125,-1.15966796875,-2.13623046875,0,0,"0",full
5acf237f-7b18-41f8-b081-ee95f05ce947,c9549b4e-052f-421d-b8f7-e4aa2078007e,2026-05-16T13:48:40.533Z,0,,29.28746795654297,64.8465576171875,29.20465087890625,100336.40625,29.101669311523438,100554.265625,42.720672607421875,100470.5,19.154939651489258,0,-0.438232421875,-0.91064453125,0.06982421875,0,0,-2.0751953125,-1.15966796875,-2.13623046875,0,0,"0",full
5acf237f-7b18-41f8-b081-ee95f05ce947,c9549b4e-052f-421d-b8f7-e4aa2078007e,2026-05-16T13:48:40.594Z,0,,29.28746795654297,64.8465576171875,29.24658203125,100208.234375,29.10333251953125,100552.03125,42.720306396484375,100470.515625,19.154939651489258,0,-0.46435546875,-0.86767578125,0.064697265625,0,0,-1.64794921875,-1.0986328125,1.46484375,0,0,"0",full
5acf237f-7b18-41f8-b081-ee95f05ce947,c9549b4e-052f-421d-b8f7-e4aa2078007e,2026-05-16T13:48:40.606Z,0,,29.48052215576172,68.6307373046875,29.24658203125,100208.234375,29.104019165039062,100551.8125,42.71990966796875,100470.53125,19.239900588989258,0,-0.46435546875,-0.86767578125,0.064697265625,0,0,-1.64794921875,-1.0986328125,1.46484375,0,0,"0",full
5acf237f-7b18-41f8-b081-ee95f05ce947,c9549b4e-052f-421d-b8f7-e4aa2078007e,2026-05-16T13:48:40.696Z,0,,29.48052215576172,68.6307373046875,29.24658203125,100208.234375,29.104019165039062,100551.8125,42.71928405761719,100470.609375,19.239900588989258,0,-0.46435546875,-0.86767578125,0.064697265625,0,0,-1.64794921875,-1.0986328125,1.46484375,0,0,"0",full
5acf237f-7b18-41f8-b081-ee95f05ce947,c9549b4e-052f-421d-b8f7-e4aa2078007e,2026-05-16T13:48:40.733Z,0,,29.48052215576172,68.6307373046875,29.272476196289062,100147.28125,29.103424072265625,100551.09375,42.7181396484375,100470.640625,19.239900588989258,0,-0.35107421875,-0.96044921875,0.08642578125,0,0,-6.89697265625,-9.94873046875,-8.36181640625,0,0,"0",full
5acf237f-7b18-41f8-b081-ee95f05ce947,c9549b4e-052f-421d-b8f7-e4aa2078007e,2026-05-16T13:48:40.787Z,0,,29.48052215576172,68.6307373046875,29.272476196289062,100147.28125,29.103424072265625,100551.09375,42.71626281738281,100470.6875,19.239900588989258,0,-0.35107421875,-0.96044921875,0.08642578125,0,0,-6.89697265625,-9.94873046875,-8.36181640625,0,0,"0",full
5acf237f-7b18-41f8-b081-ee95f05ce947,c9549b4e-052f-421d-b8f7-e4aa2078007e,2026-05-16T13:48:40.845Z,0,,29.48052215576172,68.6307373046875,29.298049926757812,100089.40625,29.10577392578125,100549.875,42.71540832519531,100470.765625,19.239900588989258,0,-0.4658203125,-0.84326171875,0.00244140625,0,0,2.8076171875,7.87353515625,-6.2255859375,0,0,"0",full
5acf237f-7b18-41f8-b081-ee95f05ce947,c9549b4e-052f-421d-b8f7-e4aa2078007e,2026-05-16T13:48:40.870Z,0,,29.619949340820312,75.512451171875,29.298049926757812,100089.40625,29.10577392578125,100549.875,42.71540832519531,100470.765625,19.261140823364258,0,-0.4521484375,-0.857666015625,0.034423828125,0,0,2.13623046875,6.103515625,-1.40380859375,0,0,"0",full
5acf237f-7b18-41f8-b081-ee95f05ce947,c9549b4e-052f-421d-b8f7-e4aa2078007e,2026-05-16T13:48:40.968Z,0,,29.619949340820312,75.512451171875,29.298049926757812,100089.40625,29.10577392578125,100549.875,42.71380615234375,100470.84375,19.261140823364258,0,-0.4521484375,-0.857666015625,0.034423828125,0,0,2.13623046875,6.103515625,-1.40380859375,0,0,"0",full
5acf237f-7b18-41f8-b081-ee95f05ce947,c9549b4e-052f-421d-b8f7-e4aa2078007e,2026-05-16T13:48:40.991Z,0,,29.619949340820312,75.512451171875,29.306533813476562,100063.046875,29.107192993164062,100549.59375,42.71380615234375,100470.84375,19.261140823364258,0,-0.357177734375,-0.872802734375,0.048583984375,0,0,0.244140625,-1.5869140625,9.94873046875,0,0,"0",full
5acf237f-7b18-41f8-b081-ee95f05ce947,c9549b4e-052f-421d-b8f7-e4aa2078007e,2026-05-16T13:48:41.073Z,0,,29.619949340820312,75.512451171875,29.306533813476562,100063.046875,29.107192993164062,100549.59375,42.713775634765625,100470.875,19.261140823364258,0,-0.357177734375,-0.872802734375,0.048583984375,0,0,0.244140625,-1.5869140625,9.94873046875,0,0,"0",full
5acf237f-7b18-41f8-b081-ee95f05ce947,c9549b4e-052f-421d-b8f7-e4aa2078007e,2026-05-16T13:48:41.131Z,0,,29.619949340820312,75.512451171875,29.3155517578125,100036.984375,29.111007690429688,100549.015625,42.713043212890625,100470.890625,19.261140823364258,0,-0.4609375,-0.888671875,0.074462890625,0,0,0.06103515625,0.1220703125,-1.64794921875,0,0,"0",full
5acf237f-7b18-41f8-b081-ee95f05ce947,c9549b4e-052f-421d-b8f7-e4aa2078007e,2026-05-16T13:48:41.147Z,0,,29.619949340820312,80.11297607421875,29.3155517578125,100036.984375,29.111007690429688,100549.015625,42.71453857421875,100470.90625,19.268220901489258,0,-0.4609375,-0.888671875,0.074462890625,0,0,0.06103515625,0.1220703125,-1.64794921875,0,0,"0",full
5acf237f-7b18-41f8-b081-ee95f05ce947,c9549b4e-052f-421d-b8f7-e4aa2078007e,2026-05-16T13:48:41.223Z,0,,29.619949340820312,80.11297607421875,29.3155517578125,100036.984375,29.111007690429688,100549.015625,42.714813232421875,100470.9375,19.268220901489258,0,-0.4609375,-0.888671875,0.074462890625,0,0,0.06103515625,0.1220703125,-1.64794921875,0,0,"0",full
5acf237f-7b18-41f8-b081-ee95f05ce947,c9549b4e-052f-421d-b8f7-e4aa2078007e,2026-05-16T13:48:41.254Z,0,,29.619949340820312,80.11297607421875,29.316543579101562,100025.515625,29.112457275390625,100548.3125,42.714813232421875,100470.9375,19.268220901489258,0,-0.48876953125,-0.861572265625,0.050537109375,0,0,1.46484375,-7.9345703125,-5.859375,0,0,"0",full
5acf237f-7b18-41f8-b081-ee95f05ce947,c9549b4e-052f-421d-b8f7-e4aa2078007e,2026-05-16T13:48:41.343Z,0,,29.619949340820312,80.11297607421875,29.316543579101562,100025.515625,29.112457275390625,100548.3125,42.71458435058594,100470.96875,19.268220901489258,0,-0.48876953125,-0.861572265625,0.050537109375,0,0,1.46484375,-7.9345703125,-5.859375,0,0,"0",full
5acf237f-7b18-41f8-b081-ee95f05ce947,c9549b4e-052f-421d-b8f7-e4aa2078007e,2026-05-16T13:48:41.386Z,0,,29.619949340820312,80.11297607421875,29.309707641601562,100014.671875,29.111831665039062,100547.953125,42.71441650390625,100470.953125,19.268220901489258,0,-0.447509765625,-0.85986328125,0.0546875,0,0,0.42724609375,-1.5869140625,-5.9814453125,0,0,"0",full
5acf237f-7b18-41f8-b081-ee95f05ce947,c9549b4e-052f-421d-b8f7-e4aa2078007e,2026-05-16T13:48:41.401Z,0,,29.58777618408203,82.8671875,29.309707641601562,100014.671875,29.1123046875,100547.9375,42.71441650390625,100470.953125,19.268220901489258,0,-0.447509765625,-0.85986328125,0.0546875,0,0,0.42724609375,-1.5869140625,-5.9814453125,0,0,"0",full
5acf237f-7b18-41f8-b081-ee95f05ce947,c9549b4e-052f-421d-b8f7-e4aa2078007e,2026-05-16T13:48:41.509Z,0,,29.58777618408203,82.8671875,29.309707641601562,100014.671875,29.1123046875,100547.9375,42.71269226074219,100471.015625,19.268220901489258,0,-0.447509765625,-0.85986328125,0.0546875,0,0,0.42724609375,-1.5869140625,-5.9814453125,0,0,"0",full
5acf237f-7b18-41f8-b081-ee95f05ce947,c9549b4e-052f-421d-b8f7-e4aa2078007e,2026-05-16T13:48:41.533Z,0,,29.58777618408203,82.8671875,29.307296752929688,100010.984375,29.1103515625,100548.375,42.71269226074219,100471.015625,19.268220901489258,0,-0.505615234375,-0.846435546875,0.0517578125,0,0,-0.1220703125,3.84521484375,-1.64794921875,0,0,"0",full
5acf237f-7b18-41f8-b081-ee95f05ce947,c9549b4e-052f-421d-b8f7-e4aa2078007e,2026-05-16T13:48:41.611Z,0,,29.58777618408203,82.8671875,29.307296752929688,100010.984375,29.1103515625,100548.375,42.7113037109375,100471,19.268220901489258,0,-0.505615234375,-0.846435546875,0.0517578125,0,0,-0.1220703125,3.84521484375,-1.64794921875,0,0,"0",full
5acf237f-7b18-41f8-b081-ee95f05ce947,c9549b4e-052f-421d-b8f7-e4aa2078007e,2026-05-16T13:48:41.674Z,0,,29.58777618408203,82.8671875,29.2939453125,100026.203125,29.110992431640625,100548.9375,42.7109375,100470.984375,19.268220901489258,0,-0.524169921875,-0.87646484375,0.06982421875,0,0,-0.79345703125,0.06103515625,-0.67138671875,0,0,"0",full
5acf237f-7b18-41f8-b081-ee95f05ce947,c9549b4e-052f-421d-b8f7-e4aa2078007e,2026-05-16T13:48:41.688Z,0,,29.501976013183594,84.61431884765625,29.2939453125,100026.203125,29.110992431640625,100548.9375,42.7109375,100470.984375,19.211580276489258,0,-0.482177734375,-0.858642578125,0.067138671875,0,0,-1.28173828125,-1.28173828125,-2.8076171875,0,0,"0",full
5acf237f-7b18-41f8-b081-ee95f05ce947,c9549b4e-052f-421d-b8f7-e4aa2078007e,2026-05-16T13:48:41.794Z,0,,29.501976013183594,84.61431884765625,29.2939453125,100026.203125,29.110992431640625,100548.9375,42.71087646484375,100470.90625,19.211580276489258,0,-0.482177734375,-0.858642578125,0.067138671875,0,0,-1.28173828125,-1.28173828125,-2.8076171875,0,0,"0",full
5acf237f-7b18-41f8-b081-ee95f05ce947,c9549b4e-052f-421d-b8f7-e4aa2078007e,2026-05-16T13:48:41.818Z,0,,29.501976013183594,84.61431884765625,29.281341552734375,100059.109375,29.11151123046875,100549.6875,42.71087646484375,100470.90625,19.211580276489258,0,-0.46728515625,-0.872314453125,0.066650390625,0,0,-0.1220703125,0.48828125,0,0,0,"0",full
5acf237f-7b18-41f8-b081-ee95f05ce947,c9549b4e-052f-421d-b8f7-e4aa2078007e,2026-05-16T13:48:41.883Z,0,,29.501976013183594,84.61431884765625,29.281341552734375,100059.109375,29.11151123046875,100549.6875,42.707733154296875,100470.796875,19.211580276489258,0,-0.46728515625,-0.872314453125,0.066650390625,0,0,-0.1220703125,0.48828125,0,0,0,"0",full
5acf237f-7b18-41f8-b081-ee95f05ce947,c9549b4e-052f-421d-b8f7-e4aa2078007e,2026-05-16T13:48:41.943Z,0,,29.501976013183594,84.61431884765625,29.258834838867188,100125.640625,29.108901977539062,100551.484375,42.70697021484375,100470.71875,19.211580276489258,0,-0.477783203125,-0.90869140625,0.083251953125,0,0,-0.9765625,1.0986328125,-0.06103515625,0,0,"0",full
5acf237f-7b18-41f8-b081-ee95f05ce947,c9549b4e-052f-421d-b8f7-e4aa2078007e,2026-05-16T13:48:41.974Z,0,,29.330368041992188,81.2344970703125,29.258834838867188,100125.640625,29.108901977539062,100551.484375,42.70692443847656,100470.65625,19.154939651489258,0,-0.477783203125,-0.90869140625,0.083251953125,0,0,-0.9765625,1.0986328125,-0.06103515625,0,0,"0",full
5acf237f-7b18-41f8-b081-ee95f05ce947,c9549b4e-052f-421d-b8f7-e4aa2078007e,2026-05-16T13:48:42.048Z,0,,29.330368041992188,81.2344970703125,29.258834838867188,100125.640625,29.108901977539062,100551.484375,42.70713806152344,100470.53125,19.154939651489258,0,-0.477783203125,-0.90869140625,0.083251953125,0,0,-0.9765625,1.0986328125,-0.06103515625,0,0,"0",full
5acf237f-7b18-41f8-b081-ee95f05ce947,c9549b4e-052f-421d-b8f7-e4aa2078007e,2026-05-16T13:48:42.069Z,0,,29.330368041992188,81.2344970703125,29.243911743164062,100181,29.109222412109375,100552.671875,42.70729064941406,100470.5,19.154939651489258,0,-0.521484375,-0.8642578125,0.091552734375,0,0,-3.47900390625,10.25390625,-7.38525390625,0,0,"0",full
5acf237f-7b18-41f8-b081-ee95f05ce947,c9549b4e-052f-421d-b8f7-e4aa2078007e,2026-05-16T13:48:42.154Z,0,,29.330368041992188,81.2344970703125,29.243911743164062,100181,29.109222412109375,100552.671875,42.70518493652344,100470.359375,19.154939651489258,0,-0.521484375,-0.8642578125,0.091552734375,0,0,-3.47900390625,10.25390625,-7.38525390625,0,0,"0",full
5acf237f-7b18-41f8-b081-ee95f05ce947,c9549b4e-052f-421d-b8f7-e4aa2078007e,2026-05-16T13:48:42.212Z,0,,29.330368041992188,81.2344970703125,29.230972290039062,100255.34375,29.105743408203125,100554.75,42.705230712890625,100470.265625,19.154939651489258,0,-0.5087890625,-0.894775390625,0.10546875,0,0,4.45556640625,-3.72314453125,9.033203125,0,0,"0",full
5acf237f-7b18-41f8-b081-ee95f05ce947,c9549b4e-052f-421d-b8f7-e4aa2078007e,2026-05-16T13:48:42.227Z,0,,29.298194885253906,74.4290771484375,29.2298583984375,100265.09375,29.1065673828125,100555.140625,42.705230712890625,100470.265625,19.154939651489258,0,-0.5087890625,-0.894775390625,0.10546875,0,0,4.45556640625,-3.72314453125,9.033203125,0,0,"0",full
5acf237f-7b18-41f8-b081-ee95f05ce947,c9549b4e-052f-421d-b8f7-e4aa2078007e,2026-05-16T13:48:42.333Z,0,,29.298194885253906,74.4290771484375,29.2298583984375,100265.09375,29.1065673828125,100555.140625,42.70240783691406,100470.140625,19.154939651489258,0,-0.5087890625,-0.894775390625,0.10546875,0,0,4.45556640625,-3.72314453125,9.033203125,0,0,"0",full
5acf237f-7b18-41f8-b081-ee95f05ce947,c9549b4e-052f-421d-b8f7-e4aa2078007e,2026-05-16T13:48:42.381Z,0,,29.298194885253906,74.4290771484375,29.220428466796875,100314.65625,29.105056762695312,100555.375,42.70240783691406,100470.140625,19.154939651489258,0,-0.447021484375,-0.83203125,0.044189453125,0,0,-5.615234375,4.21142578125,-6.53076171875,0,0,"0",full
5acf237f-7b18-41f8-b081-ee95f05ce947,c9549b4e-052f-421d-b8f7-e4aa2078007e,2026-05-16T13:48:42.421Z,0,,29.298194885253906,74.4290771484375,29.220428466796875,100314.65625,29.105056762695312,100555.375,42.700958251953125,100470,19.154939651489258,0,-0.447021484375,-0.83203125,0.044189453125,0,0,-5.615234375,4.21142578125,-6.53076171875,0,0,"0",full
5acf237f-7b18-41f8-b081-ee95f05ce947,c9549b4e-052f-421d-b8f7-e4aa2078007e,2026-05-16T13:48:42.482Z,0,,29.298194885253906,74.4290771484375,29.212936401367188,100305.265625,29.106857299804688,100552.78125,42.69984436035156,100469.984375,19.154939651489258,0,-0.467529296875,-0.836181640625,0.048828125,0,0,3.41796875,1.46484375,12.51220703125,0,0,"0",full
5acf237f-7b18-41f8-b081-ee95f05ce947,c9549b4e-052f-421d-b8f7-e4aa2078007e,2026-05-16T13:48:42.512Z,0,,29.298194885253906,69.47760009765625,29.212936401367188,100305.265625,29.106857299804688,100552.78125,42.699859619140625,100470,19.183259963989258,0,-0.434326171875,-0.839111328125,0.05615234375,0,0,4.08935546875,1.3427734375,13.97705078125,0,0,"0",full
5acf237f-7b18-41f8-b081-ee95f05ce947,c9549b4e-052f-421d-b8f7-e4aa2078007e,2026-05-16T13:48:42.588Z,0,,29.298194885253906,69.47760009765625,29.212936401367188,100305.265625,29.106857299804688,100552.78125,42.697235107421875,100469.921875,19.183259963989258,0,-0.434326171875,-0.839111328125,0.05615234375,0,0,4.08935546875,1.3427734375,13.97705078125,0,0,"0",full
5acf237f-7b18-41f8-b081-ee95f05ce947,c9549b4e-052f-421d-b8f7-e4aa2078007e,2026-05-16T13:48:42.610Z,0,,29.298194885253906,69.47760009765625,29.223342895507812,100242.078125,29.108474731445312,100551.359375,42.69549560546875,100469.875,19.183259963989258,0,-0.514892578125,-0.912353515625,0.10791015625,0,0,-0.244140625,-0.9765625,2.685546875,0,0,"0",full
5acf237f-7b18-41f8-b081-ee95f05ce947,c9549b4e-052f-421d-b8f7-e4aa2078007e,2026-05-16T13:48:42.706Z,0,,29.298194885253906,69.47760009765625,29.223342895507812,100242.078125,29.108474731445312,100551.359375,42.69578552246094,100469.859375,19.183259963989258,0,-0.514892578125,-0.912353515625,0.10791015625,0,0,-0.244140625,-0.9765625,2.685546875,0,0,"0",full
5acf237f-7b18-41f8-b081-ee95f05ce947,c9549b4e-052f-421d-b8f7-e4aa2078007e,2026-05-16T13:48:42.752Z,0,,29.298194885253906,69.47760009765625,29.248626708984375,100153.296875,29.109207153320312,100549.84375,42.69486999511719,100469.828125,19.183259963989258,0,-0.43408203125,-0.8701171875,0.060546875,0,0,1.953125,-0.54931640625,2.685546875,0,0,"0",full
5acf237f-7b18-41f8-b081-ee95f05ce947,c9549b4e-052f-421d-b8f7-e4aa2078007e,2026-05-16T13:48:42.766Z,0,,29.48052215576172,73.04815673828125,29.253875732421875,100142.21875,29.109207153320312,100549.671875,42.69486999511719,100469.828125,19.239900588989258,0,-0.43408203125,-0.8701171875,0.060546875,0,0,1.953125,-0.54931640625,2.685546875,0,0,"0",full
5acf237f-7b18-41f8-b081-ee95f05ce947,c9549b4e-052f-421d-b8f7-e4aa2078007e,2026-05-16T13:48:42.875Z,0,,29.48052215576172,73.04815673828125,29.253875732421875,100142.21875,29.109207153320312,100549.671875,42.694732666015625,100469.84375,19.239900588989258,0,-0.43408203125,-0.8701171875,0.060546875,0,0,1.953125,-0.54931640625,2.685546875,0,0,"0",full
5acf237f-7b18-41f8-b081-ee95f05ce947,c9549b4e-052f-421d-b8f7-e4aa2078007e,2026-05-16T13:48:42.898Z,0,,29.48052215576172,73.04815673828125,29.272705078125,100095.390625,29.11004638671875,100549.03125,42.694732666015625,100469.84375,19.239900588989258,0,-0.426025390625,-0.901611328125,0.089111328125,0,0,-1.52587890625,0.06103515625,-0.06103515625,0,0,"0",full
5acf237f-7b18-41f8-b081-ee95f05ce947,c9549b4e-052f-421d-b8f7-e4aa2078007e,2026-05-16T13:48:42.963Z,0,,29.48052215576172,73.04815673828125,29.272705078125,100095.390625,29.11004638671875,100549.03125,42.69287109375,100469.875,19.239900588989258,0,-0.426025390625,-0.901611328125,0.089111328125,0,0,-1.52587890625,0.06103515625,-0.06103515625,0,0,"0",full
5acf237f-7b18-41f8-b081-ee95f05ce947,c9549b4e-052f-421d-b8f7-e4aa2078007e,2026-05-16T13:48:43.024Z,0,,29.48052215576172,73.04815673828125,29.294692993164062,100052.078125,29.112411499023438,100548.109375,42.694244384765625,100469.9375,19.239900588989258,0,-0.40380859375,-0.8818359375,0.07373046875,0,0,0.9765625,4.33349609375,0.79345703125,0,0,"0",full
5acf237f-7b18-41f8-b081-ee95f05ce947,c9549b4e-052f-421d-b8f7-e4aa2078007e,2026-05-16T13:48:43.054Z,0,,29.609222412109375,78.6405029296875,29.294692993164062,100052.078125,29.112411499023438,100548.109375,42.694244384765625,100469.9375,19.268220901489258,0,-0.40380859375,-0.8818359375,0.07373046875,0,0,0.9765625,4.33349609375,0.79345703125,0,0,"0",full
5acf237f-7b18-41f8-b081-ee95f05ce947,c9549b4e-052f-421d-b8f7-e4aa2078007e,2026-05-16T13:48:43.145Z,0,,29.609222412109375,78.6405029296875,29.294692993164062,100052.078125,29.112411499023438,100548.109375,42.6951904296875,100469.9375,19.268220901489258,0,-0.40380859375,-0.8818359375,0.07373046875,0,0,0.9765625,4.33349609375,0.79345703125,0,0,"0",full
5acf237f-7b18-41f8-b081-ee95f05ce947,c9549b4e-052f-421d-b8f7-e4aa2078007e,2026-05-16T13:48:43.173Z,0,,29.609222412109375,78.6405029296875,29.305007934570312,100031.3125,29.114776611328125,100547.4375,42.6951904296875,100469.9375,19.268220901489258,0,-0.493896484375,-0.8779296875,0.07080078125,0,0,1.708984375,4.150390625,-1.8310546875,0,0,"0",full
5acf237f-7b18-41f8-b081-ee95f05ce947,c9549b4e-052f-421d-b8f7-e4aa2078007e,2026-05-16T13:48:43.263Z,0,,29.609222412109375,78.6405029296875,29.305007934570312,100031.3125,29.114776611328125,100547.4375,42.693115234375,100469.953125,19.268220901489258,0,-0.493896484375,-0.8779296875,0.07080078125,0,0,1.708984375,4.150390625,-1.8310546875,0,0,"0",full
5acf237f-7b18-41f8-b081-ee95f05ce947,c9549b4e-052f-421d-b8f7-e4aa2078007e,2026-05-16T13:48:43.307Z,0,,29.609222412109375,78.6405029296875,29.31475830078125,100012.09375,29.115203857421875,100546.5625,42.69212341308594,100470.015625,19.268220901489258,0,-0.456298828125,-0.896240234375,0.09375,0,0,-0.8544921875,-1.15966796875,-1.8310546875,0,0,"0",full
5acf237f-7b18-41f8-b081-ee95f05ce947,c9549b4e-052f-421d-b8f7-e4aa2078007e,2026-05-16T13:48:43.322Z,0,,29.63067626953125,82.24920654296875,29.316741943359375,100010.046875,29.115203857421875,100546.5625,42.691650390625,100470.03125,19.268220901489258,0,-0.458251953125,-0.882568359375,0.07421875,0,0,-0.8544921875,0.54931640625,-1.52587890625,0,0,"0",full
5acf237f-7b18-41f8-b081-ee95f05ce947,c9549b4e-052f-421d-b8f7-e4aa2078007e,2026-05-16T13:48:43.410Z,0,,29.63067626953125,82.24920654296875,29.316741943359375,100010.046875,29.115203857421875,100546.5625,42.69024658203125,100470.09375,19.268220901489258,0,-0.458251953125,-0.882568359375,0.07421875,0,0,-0.8544921875,0.54931640625,-1.52587890625,0,0,"0",full
5acf237f-7b18-41f8-b081-ee95f05ce947,c9549b4e-052f-421d-b8f7-e4aa2078007e,2026-05-16T13:48:43.434Z,0,,29.63067626953125,82.24920654296875,29.321456909179688,100002.0625,29.116119384765625,100546.328125,42.68995666503906,100470.09375,19.268220901489258,0,-0.453125,-0.895263671875,0.105224609375,0,0,-2.0751953125,0.18310546875,-1.89208984375,0,0,"0",full
5acf237f-7b18-41f8-b081-ee95f05ce947,c9549b4e-052f-421d-b8f7-e4aa2078007e,2026-05-16T13:48:43.530Z,0,,29.63067626953125,82.24920654296875,29.321456909179688,100002.0625,29.116119384765625,100546.328125,42.68975830078125,100470.140625,19.268220901489258,0,-0.453125,-0.895263671875,0.105224609375,0,0,-2.0751953125,0.18310546875,-1.89208984375,0,0,"0",full
5acf237f-7b18-41f8-b081-ee95f05ce947,c9549b4e-052f-421d-b8f7-e4aa2078007e,2026-05-16T13:48:43.561Z,0,,29.63067626953125,82.24920654296875,29.325698852539062,99998.65625,29.117156982421875,100545.75,42.68891906738281,100470.1875,19.268220901489258,0,-0.466064453125,-0.91162109375,0.109130859375,0,0,-2.13623046875,-5.7373046875,-5.615234375,0,0,"0",full
5acf237f-7b18-41f8-b081-ee95f05ce947,c9549b4e-052f-421d-b8f7-e4aa2078007e,2026-05-16T13:48:43.591Z,0,,29.63067626953125,85.217041015625,29.325698852539062,99998.65625,29.117324829101562,100545.75,42.68891906738281,100470.1875,19.211580276489258,0,-0.466064453125,-0.91162109375,0.109130859375,0,0,-2.13623046875,-5.7373046875,-5.615234375,0,0,"0",full
5acf237f-7b18-41f8-b081-ee95f05ce947,c9549b4e-052f-421d-b8f7-e4aa2078007e,2026-05-16T13:48:43.684Z,0,,29.63067626953125,85.217041015625,29.325698852539062,99998.65625,29.117324829101562,100545.75,42.68806457519531,100470.171875,19.211580276489258,0,-0.466064453125,-0.91162109375,0.109130859375,0,0,-2.13623046875,-5.7373046875,-5.615234375,0,0,"0",full
5acf237f-7b18-41f8-b081-ee95f05ce947,c9549b4e-052f-421d-b8f7-e4aa2078007e,2026-05-16T13:48:43.713Z,0,,29.63067626953125,85.217041015625,29.320098876953125,100013.03125,29.116165161132812,100546.0625,42.68806457519531,100470.171875,19.211580276489258,0,-0.43603515625,-0.899658203125,0.069091796875,0,0,1.64794921875,-2.0751953125,3.96728515625,0,0,"0",full
5acf237f-7b18-41f8-b081-ee95f05ce947,c9549b4e-052f-421d-b8f7-e4aa2078007e,2026-05-16T13:48:43.789Z,0,,29.63067626953125,85.217041015625,29.320098876953125,100013.03125,29.116165161132812,100546.0625,42.68684387207031,100470.203125,19.211580276489258,0,-0.43603515625,-0.899658203125,0.069091796875,0,0,1.64794921875,-2.0751953125,3.96728515625,0,0,"0",full
5acf237f-7b18-41f8-b081-ee95f05ce947,c9549b4e-052f-421d-b8f7-e4aa2078007e,2026-05-16T13:48:43.849Z,0,,29.63067626953125,85.217041015625,29.300216674804688,100066.390625,29.116607666015625,100547.6875,42.686737060546875,100470.234375,19.211580276489258,0,-0.45068359375,-0.84814453125,0.05126953125,0,0,1.5869140625,0.91552734375,5.4931640625,0,0,"0",full
5acf237f-7b18-41f8-b081-ee95f05ce947,c9549b4e-052f-421d-b8f7-e4aa2078007e,2026-05-16T13:48:43.862Z,0,,29.40544891357422,85.4459228515625,29.297119140625,100076.578125,29.116607666015625,100547.6875,42.68577575683594,100470.28125,19.154939651489258,0,-0.45068359375,-0.84814453125,0.05126953125,0,0,1.5869140625,0.91552734375,5.4931640625,0,0,"0",full
5acf237f-7b18-41f8-b081-ee95f05ce947,c9549b4e-052f-421d-b8f7-e4aa2078007e,2026-05-16T13:48:43.954Z,0,,29.40544891357422,85.4459228515625,29.297119140625,100076.578125,29.116607666015625,100547.6875,42.68672180175781,100470.28125,19.154939651489258,0,-0.45068359375,-0.84814453125,0.05126953125,0,0,1.5869140625,0.91552734375,5.4931640625,0,0,"0",full
5acf237f-7b18-41f8-b081-ee95f05ce947,c9549b4e-052f-421d-b8f7-e4aa2078007e,2026-05-16T13:48:43.979Z,0,,29.40544891357422,85.4459228515625,29.281005859375,100131.84375,29.114242553710938,100549.546875,42.686553955078125,100470.296875,19.154939651489258,0,-0.4912109375,-0.905029296875,0.108154296875,0,0,-1.40380859375,-2.3193359375,-3.2958984375,0,0,"0",full
5acf237f-7b18-41f8-b081-ee95f05ce947,c9549b4e-052f-421d-b8f7-e4aa2078007e,2026-05-16T13:48:44.073Z,0,,29.40544891357422,85.4459228515625,29.281005859375,100131.84375,29.114242553710938,100549.546875,42.6878662109375,100470.296875,19.154939651489258,0,-0.4912109375,-0.905029296875,0.108154296875,0,0,-1.40380859375,-2.3193359375,-3.2958984375,0,0,"0",full
5acf237f-7b18-41f8-b081-ee95f05ce947,c9549b4e-052f-421d-b8f7-e4aa2078007e,2026-05-16T13:48:44.134Z,0,,29.40544891357422,85.4459228515625,29.264480590820312,100211.140625,29.114852905273438,100551.84375,42.68766784667969,100470.296875,19.154939651489258,0,-0.486572265625,-0.86474609375,0.076171875,0,0,-0.6103515625,1.5869140625,0.42724609375,0,0,"0",full
5acf237f-7b18-41f8-b081-ee95f05ce947,c9549b4e-052f-421d-b8f7-e4aa2078007e,2026-05-16T13:48:44.149Z,0,,29.31964874267578,79.601806640625,29.264480590820312,100211.140625,29.114852905273438,100551.84375,42.68766784667969,100470.296875,19.154939651489258,0,-0.55078125,-0.93359375,0.111083984375,0,0,-1.708984375,1.52587890625,-4.150390625,0,0,"0",full
5acf237f-7b18-41f8-b081-ee95f05ce947,c9549b4e-052f-421d-b8f7-e4aa2078007e,2026-05-16T13:48:44.222Z,0,,29.31964874267578,79.601806640625,29.264480590820312,100211.140625,29.114852905273438,100551.84375,42.68638610839844,100470.265625,19.154939651489258,0,-0.55078125,-0.93359375,0.111083984375,0,0,-1.708984375,1.52587890625,-4.150390625,0,0,"0",full
5acf237f-7b18-41f8-b081-ee95f05ce947,c9549b4e-052f-421d-b8f7-e4aa2078007e,2026-05-16T13:48:44.253Z,0,,29.31964874267578,79.601806640625,29.25506591796875,100263.625,29.11529541015625,100553.578125,42.68638610839844,100470.265625,19.154939651489258,0,-0.39599609375,-0.83349609375,0.025634765625,0,0,1.40380859375,0.18310546875,8.9111328125,0,0,"0",full
5acf237f-7b18-41f8-b081-ee95f05ce947,c9549b4e-052f-421d-b8f7-e4aa2078007e,2026-05-16T13:48:44.324Z,0,,29.31964874267578,79.601806640625,29.25506591796875,100263.625,29.11529541015625,100553.578125,42.68482971191406,100470.21875,19.154939651489258,0,-0.39599609375,-0.83349609375,0.025634765625,0,0,1.40380859375,0.18310546875,8.9111328125,0,0,"0",full
5acf237f-7b18-41f8-b081-ee95f05ce947,c9549b4e-052f-421d-b8f7-e4aa2078007e,2026-05-16T13:48:44.385Z,0,,29.31964874267578,79.601806640625,29.241073608398438,100324.515625,29.113067626953125,100555.34375,42.68351745605469,100470.1875,19.154939651489258,0,-0.44775390625,-0.865234375,0.067138671875,0,0,-2.0751953125,-1.64794921875,-6.4697265625,0,0,"0",full
5acf237f-7b18-41f8-b081-ee95f05ce947,c9549b4e-052f-421d-b8f7-e4aa2078007e,2026-05-16T13:48:44.400Z,0,,29.28746795654297,73.3609619140625,29.24005126953125,100333.328125,29.11309814453125,100555.34375,42.68351745605469,100470.1875,19.183259963989258,0,-0.44775390625,-0.865234375,0.067138671875,0,0,-2.0751953125,-1.64794921875,-6.4697265625,0,0,"0",full
5acf237f-7b18-41f8-b081-ee95f05ce947,c9549b4e-052f-421d-b8f7-e4aa2078007e,2026-05-16T13:48:44.507Z,0,,29.28746795654297,73.3609619140625,29.24005126953125,100333.328125,29.11309814453125,100555.34375,42.6788330078125,100470.109375,19.183259963989258,0,-0.44775390625,-0.865234375,0.067138671875,0,0,-2.0751953125,-1.64794921875,-6.4697265625,0,0,"0",full
5acf237f-7b18-41f8-b081-ee95f05ce947,c9549b4e-052f-421d-b8f7-e4aa2078007e,2026-05-16T13:48:44.537Z,0,,29.28746795654297,73.3609619140625,29.236785888671875,100366.234375,29.115447998046875,100554.078125,42.6788330078125,100470.109375,19.183259963989258,0,-0.416748046875,-0.882568359375,0.067138671875,0,0,0.3662109375,-1.52587890625,0.244140625,0,0,"0",full
5acf237f-7b18-41f8-b081-ee95f05ce947,c9549b4e-052f-421d-b8f7-e4aa2078007e,2026-05-16T13:48:44.613Z,0,,29.28746795654297,73.3609619140625,29.236785888671875,100366.234375,29.115447998046875,100554.078125,42.674957275390625,100470.0625,19.183259963989258,0,-0.416748046875,-0.882568359375,0.067138671875,0,0,0.3662109375,-1.52587890625,0.244140625,0,0,"0",full
5acf237f-7b18-41f8-b081-ee95f05ce947,c9549b4e-052f-421d-b8f7-e4aa2078007e,2026-05-16T13:48:44.672Z,0,,29.28746795654297,73.3609619140625,29.231460571289062,100320.390625,29.115005493164062,100551.796875,42.675323486328125,100470.03125,19.183259963989258,0,-0.4560546875,-0.875732421875,0.081787109375,0,0,-1.5869140625,2.01416015625,0.18310546875,0,0,"0",full
5acf237f-7b18-41f8-b081-ee95f05ce947,c9549b4e-052f-421d-b8f7-e4aa2078007e,2026-05-16T13:48:44.686Z,0,,29.330368041992188,69.3326416015625,29.231460571289062,100320.390625,29.115005493164062,100551.796875,42.675323486328125,100470.03125,19.239900588989258,0,-0.4560546875,-0.875732421875,0.081787109375,0,0,-1.5869140625,2.01416015625,0.18310546875,0,0,"0",full
5acf237f-7b18-41f8-b081-ee95f05ce947,c9549b4e-052f-421d-b8f7-e4aa2078007e,2026-05-16T13:48:44.764Z,0,,29.330368041992188,69.3326416015625,29.231460571289062,100320.390625,29.115005493164062,100551.796875,42.675018310546875,100470.078125,19.239900588989258,0,-0.4560546875,-0.875732421875,0.081787109375,0,0,-1.5869140625,2.01416015625,0.18310546875,0,0,"0",full
5acf237f-7b18-41f8-b081-ee95f05ce947,c9549b4e-052f-421d-b8f7-e4aa2078007e,2026-05-16T13:48:44.792Z,0,,29.330368041992188,69.3326416015625,29.240966796875,100248.953125,29.116455078125,100550.734375,42.675018310546875,100470.078125,19.239900588989258,0,-0.51611328125,-0.901123046875,0.09228515625,0,0,-1.953125,0.79345703125,-0.42724609375,0,0,"0",full
5acf237f-7b18-41f8-b081-ee95f05ce947,c9549b4e-052f-421d-b8f7-e4aa2078007e,2026-05-16T13:48:44.883Z,0,,29.330368041992188,69.3326416015625,29.240966796875,100248.953125,29.116455078125,100550.734375,42.674957275390625,100470.046875,19.239900588989258,0,-0.51611328125,-0.901123046875,0.09228515625,0,0,-1.953125,0.79345703125,-0.42724609375,0,0,"0",full
5acf237f-7b18-41f8-b081-ee95f05ce947,c9549b4e-052f-421d-b8f7-e4aa2078007e,2026-05-16T13:48:44.931Z,0,,29.330368041992188,69.3326416015625,29.258834838867188,100158.375,29.118270874023438,100549.5625,42.67218017578125,100470.046875,19.239900588989258,0,-0.475341796875,-0.879638671875,0.0810546875,0,0,-0.30517578125,-2.5634765625,0,0,0,"0",full
5acf237f-7b18-41f8-b081-ee95f05ce947,c9549b4e-052f-421d-b8f7-e4aa2078007e,2026-05-16T13:48:44.951Z,0,,29.501976013183594,74.047607421875,29.263473510742188,100147.59375,29.1185302734375,100549.421875,42.67218017578125,100470.046875,19.261140823364258,0,-0.486572265625,-0.87744140625,0.085693359375,0,0,-0.79345703125,-2.197265625,0.48828125,0,0,"0",full
5acf237f-7b18-41f8-b081-ee95f05ce947,c9549b4e-052f-421d-b8f7-e4aa2078007e,2026-05-16T13:48:45.048Z,0,,29.501976013183594,74.047607421875,29.263473510742188,100147.59375,29.1185302734375,100549.421875,42.67118835449219,100470.046875,19.261140823364258,0,-0.486572265625,-0.87744140625,0.085693359375,0,0,-0.79345703125,-2.197265625,0.48828125,0,0,"0",full
5acf237f-7b18-41f8-b081-ee95f05ce947,c9549b4e-052f-421d-b8f7-e4aa2078007e,2026-05-16T13:48:45.071Z,0,,29.501976013183594,74.047607421875,29.277969360351562,100102.484375,29.121902465820312,100548.9375,42.67118835449219,100470.046875,19.261140823364258,0,-0.46484375,-0.874755859375,0.0810546875,0,0,-1.0986328125,0.9765625,3.72314453125,0,0,"0",full
5acf237f-7b18-41f8-b081-ee95f05ce947,c9549b4e-052f-421d-b8f7-e4aa2078007e,2026-05-16T13:48:45.153Z,0,,29.501976013183594,74.047607421875,29.277969360351562,100102.484375,29.121902465820312,100548.9375,42.67156982421875,100470.140625,19.261140823364258,0,-0.46484375,-0.874755859375,0.0810546875,0,0,-1.0986328125,0.9765625,3.72314453125,0,0,"0",full
5acf237f-7b18-41f8-b081-ee95f05ce947,c9549b4e-052f-421d-b8f7-e4aa2078007e,2026-05-16T13:48:45.213Z,0,,29.501976013183594,74.047607421875,29.296707153320312,100058.765625,29.124237060546875,100548.046875,42.66969299316406,100470.125,19.261140823364258,0,-0.486328125,-0.898681640625,0.091064453125,0,0,0.42724609375,0.67138671875,-1.28173828125,0,0,"0",full
5acf237f-7b18-41f8-b081-ee95f05ce947,c9549b4e-052f-421d-b8f7-e4aa2078007e,2026-05-16T13:48:45.226Z,0,,29.63067626953125,79.25848388671875,29.296707153320312,100058.765625,29.124237060546875,100548.046875,42.66961669921875,100470.109375,19.324859619140625,0,-0.486328125,-0.898681640625,0.091064453125,0,0,0.42724609375,0.67138671875,-1.28173828125,0,0,"0",full
5acf237f-7b18-41f8-b081-ee95f05ce947,c9549b4e-052f-421d-b8f7-e4aa2078007e,2026-05-16T13:48:45.333Z,0,,29.63067626953125,79.25848388671875,29.296707153320312,100058.765625,29.124237060546875,100548.046875,42.66914367675781,100470.09375,19.324859619140625,0,-0.486328125,-0.898681640625,0.091064453125,0,0,0.42724609375,0.67138671875,-1.28173828125,0,0,"0",full
5acf237f-7b18-41f8-b081-ee95f05ce947,c9549b4e-052f-421d-b8f7-e4aa2078007e,2026-05-16T13:48:45.356Z,0,,29.63067626953125,79.25848388671875,29.304901123046875,100038.796875,29.124343872070312,100547.484375,42.6697998046875,100470.078125,19.324859619140625,0,-0.459228515625,-0.864501953125,0.080810546875,0,0,-1.03759765625,1.953125,2.0751953125,0,0,"0",full
5acf237f-7b18-41f8-b081-ee95f05ce947,c9549b4e-052f-421d-b8f7-e4aa2078007e,2026-05-16T13:48:45.422Z,0,,29.63067626953125,79.25848388671875,29.304901123046875,100038.796875,29.124343872070312,100547.484375,42.67002868652344,100470.078125,19.324859619140625,0,-0.459228515625,-0.864501953125,0.080810546875,0,0,-1.03759765625,1.953125,2.0751953125,0,0,"0",full
5acf237f-7b18-41f8-b081-ee95f05ce947,c9549b4e-052f-421d-b8f7-e4aa2078007e,2026-05-16T13:48:45.483Z,0,,29.63067626953125,79.25848388671875,29.313064575195312,100020.671875,29.126052856445312,100546.6875,42.66926574707031,100470.046875,19.324859619140625,0,-0.43994140625,-0.88134765625,0.0947265625,0,0,0,-1.40380859375,-0.42724609375,0,0,"0",full
5acf237f-7b18-41f8-b081-ee95f05ce947,c9549b4e-052f-421d-b8f7-e4aa2078007e,2026-05-16T13:48:45.513Z,0,,29.66284942626953,82.714599609375,29.313858032226562,100018.6875,29.126052856445312,100546.6875,42.66926574707031,100470.046875,19.324859619140625,0,-0.43994140625,-0.88134765625,0.0947265625,0,0,0,-1.40380859375,-0.42724609375,0,0,"0",full
5acf237f-7b18-41f8-b081-ee95f05ce947,c9549b4e-052f-421d-b8f7-e4aa2078007e,2026-05-16T13:48:45.588Z,0,,29.66284942626953,82.714599609375,29.313858032226562,100018.6875,29.126052856445312,100546.6875,42.668548583984375,100469.96875,19.324859619140625,0,-0.43994140625,-0.88134765625,0.0947265625,0,0,0,-1.40380859375,-0.42724609375,0,0,"0",full
5acf237f-7b18-41f8-b081-ee95f05ce947,c9549b4e-052f-421d-b8f7-e4aa2078007e,2026-05-16T13:48:45.610Z,0,,29.66284942626953,82.714599609375,29.31805419921875,100010.390625,29.127670288085938,100546.03125,42.668548583984375,100469.96875,19.324859619140625,0,-0.520263671875,-0.8623046875,0.107421875,0,0,-2.197265625,5.126953125,-7.87353515625,0,0,"0",full
5acf237f-7b18-41f8-b081-ee95f05ce947,c9549b4e-052f-421d-b8f7-e4aa2078007e,2026-05-16T13:48:45.693Z,0,,29.66284942626953,82.714599609375,29.31805419921875,100010.390625,29.127670288085938,100546.03125,42.67152404785156,100469.875,19.324859619140625,0,-0.520263671875,-0.8623046875,0.107421875,0,0,-2.197265625,5.126953125,-7.87353515625,0,0,"0",full
5acf237f-7b18-41f8-b081-ee95f05ce947,c9549b4e-052f-421d-b8f7-e4aa2078007e,2026-05-16T13:48:45.751Z,0,,29.66284942626953,82.714599609375,29.323150634765625,100004.28125,29.124404907226562,100545.640625,42.67005920410156,100469.828125,19.324859619140625,0,-0.522705078125,-0.8916015625,0.09423828125,0,0,0.42724609375,-2.99072265625,4.638671875,0,0,"0",full
5acf237f-7b18-41f8-b081-ee95f05ce947,c9549b4e-052f-421d-b8f7-e4aa2078007e,2026-05-16T13:48:45.768Z,0,,29.641395568847656,85.52984619140625,29.323150634765625,100004.28125,29.124893188476562,100545.5625,42.67076110839844,100469.8125,19.268220901489258,0,-0.476806640625,-0.889892578125,0.093505859375,0,0,0,-0.3662109375,5.18798828125,0,0,"0",full
5acf237f-7b18-41f8-b081-ee95f05ce947,c9549b4e-052f-421d-b8f7-e4aa2078007e,2026-05-16T13:48:45.872Z,0,,29.641395568847656,85.52984619140625,29.323150634765625,100004.28125,29.124893188476562,100545.5625,42.66703796386719,100469.71875,19.268220901489258,0,-0.476806640625,-0.889892578125,0.093505859375,0,0,0,-0.3662109375,5.18798828125,0,0,"0",full
5acf237f-7b18-41f8-b081-ee95f05ce947,c9549b4e-052f-421d-b8f7-e4aa2078007e,2026-05-16T13:48:45.903Z,0,,29.641395568847656,85.52984619140625,29.319015502929688,100010.234375,29.12481689453125,100545.40625,42.66703796386719,100469.71875,19.268220901489258,0,-0.55078125,-0.884033203125,0.115234375,0,0,0.1220703125,-2.44140625,-3.11279296875,0,0,"0",full
5acf237f-7b18-41f8-b081-ee95f05ce947,c9549b4e-052f-421d-b8f7-e4aa2078007e,2026-05-16T13:48:45.972Z,0,,29.641395568847656,85.52984619140625,29.319015502929688,100010.234375,29.12481689453125,100545.40625,42.66349792480469,100469.5625,19.268220901489258,0,-0.55078125,-0.884033203125,0.115234375,0,0,0.1220703125,-2.44140625,-3.11279296875,0,0,"0",full
5acf237f-7b18-41f8-b081-ee95f05ce947,c9549b4e-052f-421d-b8f7-e4aa2078007e,2026-05-16T13:48:46.022Z,0,,29.641395568847656,85.52984619140625,29.308258056640625,100054.734375,29.126205444335938,100546.421875,42.66334533691406,100469.5,19.268220901489258,0,-0.50146484375,-0.895751953125,0.1142578125,0,0,-0.9765625,1.03759765625,-2.9296875,0,0,"0",full
5acf237f-7b18-41f8-b081-ee95f05ce947,c9549b4e-052f-421d-b8f7-e4aa2078007e,2026-05-16T13:48:46.053Z,0,,29.48052215576172,86.53692626953125,29.306777954101562,100064.234375,29.126205444335938,100546.421875,42.66334533691406,100469.5,19.239900588989258,0,-0.50146484375,-0.895751953125,0.1142578125,0,0,-0.9765625,1.03759765625,-2.9296875,0,0,"0",full
5acf237f-7b18-41f8-b081-ee95f05ce947,c9549b4e-052f-421d-b8f7-e4aa2078007e,2026-05-16T13:48:46.126Z,0,,29.48052215576172,86.53692626953125,29.306777954101562,100064.234375,29.126205444335938,100546.421875,42.66229248046875,100469.421875,19.239900588989258,0,-0.50146484375,-0.895751953125,0.1142578125,0,0,-0.9765625,1.03759765625,-2.9296875,0,0,"0",full
5acf237f-7b18-41f8-b081-ee95f05ce947,c9549b4e-052f-421d-b8f7-e4aa2078007e,2026-05-16T13:48:46.150Z,0,,29.48052215576172,86.53692626953125,29.297805786132812,100120.328125,29.125595092773438,100547.359375,42.66229248046875,100469.421875,19.239900588989258,0,-0.496337890625,-0.875,0.087890625,0,0,0.42724609375,0.1220703125,2.50244140625,0,0,"0",full
5acf237f-7b18-41f8-b081-ee95f05ce947,c9549b4e-052f-421d-b8f7-e4aa2078007e,2026-05-16T13:48:46.248Z,0,,29.48052215576172,86.53692626953125,29.297805786132812,100120.328125,29.125595092773438,100547.359375,42.661346435546875,100469.296875,19.239900588989258,0,-0.496337890625,-0.875,0.087890625,0,0,0.42724609375,0.1220703125,2.50244140625,0,0,"0",full
5acf237f-7b18-41f8-b081-ee95f05ce947,c9549b4e-052f-421d-b8f7-e4aa2078007e,2026-05-16T13:48:46.292Z,0,,29.48052215576172,86.53692626953125,29.280288696289062,100209.484375,29.125274658203125,100549.359375,42.66142272949219,100469.265625,19.239900588989258,0,-0.48095703125,-0.8876953125,0.095947265625,0,0,0.54931640625,-0.42724609375,1.52587890625,0,0,"0",full
5acf237f-7b18-41f8-b081-ee95f05ce947,c9549b4e-052f-421d-b8f7-e4aa2078007e,2026-05-16T13:48:46.306Z,0,,29.330368041992188,81.37945556640625,29.280288696289062,100209.484375,29.125274658203125,100549.359375,42.66142272949219,100469.265625,19.211580276489258,0,-0.48095703125,-0.8876953125,0.095947265625,0,0,0.54931640625,-0.42724609375,1.52587890625,0,0,"0",full
5acf237f-7b18-41f8-b081-ee95f05ce947,c9549b4e-052f-421d-b8f7-e4aa2078007e,2026-05-16T13:48:46.411Z,0,,29.330368041992188,81.37945556640625,29.280288696289062,100209.484375,29.125274658203125,100549.359375,42.65919494628906,100469.234375,19.211580276489258,0,-0.48095703125,-0.8876953125,0.095947265625,0,0,0.54931640625,-0.42724609375,1.52587890625,0,0,"0",full
5acf237f-7b18-41f8-b081-ee95f05ce947,c9549b4e-052f-421d-b8f7-e4aa2078007e,2026-05-16T13:48:46.436Z,0,,29.330368041992188,81.37945556640625,29.271133422851562,100269.34375,29.124649047851562,100551.140625,42.65919494628906,100469.234375,19.211580276489258,0,-0.459228515625,-0.843017578125,0.079345703125,0,0,-0.244140625,1.28173828125,1.52587890625,0,0,"0",full
5acf237f-7b18-41f8-b081-ee95f05ce947,c9549b4e-052f-421d-b8f7-e4aa2078007e,2026-05-16T13:48:46.500Z,0,,29.330368041992188,81.37945556640625,29.271133422851562,100269.34375,29.124649047851562,100551.140625,42.659759521484375,100469.234375,19.211580276489258,0,-0.459228515625,-0.843017578125,0.079345703125,0,0,-0.244140625,1.28173828125,1.52587890625,0,0,"0",full
5acf237f-7b18-41f8-b081-ee95f05ce947,c9549b4e-052f-421d-b8f7-e4aa2078007e,2026-05-16T13:48:46.562Z,0,,29.330368041992188,81.37945556640625,29.260208129882812,100338.046875,29.1236572265625,100553.234375,42.6591796875,100469.25,19.211580276489258,0,-0.498291015625,-0.863525390625,0.10400390625,0,0,-0.67138671875,0.732421875,-2.3193359375,0,0,"0",full
5acf237f-7b18-41f8-b081-ee95f05ce947,c9549b4e-052f-421d-b8f7-e4aa2078007e,2026-05-16T13:48:46.592Z,0,,29.31964874267578,74.7952880859375,29.2593994140625,100346.265625,29.122772216796875,100553.484375,42.65788269042969,100469.265625,19.211580276489258,0,-0.513916015625,-0.86376953125,0.1005859375,0,0,-0.79345703125,1.220703125,1.03759765625,0,0,"0",full
5acf237f-7b18-41f8-b081-ee95f05ce947,c9549b4e-052f-421d-b8f7-e4aa2078007e,2026-05-16T13:48:46.682Z,0,,29.31964874267578,74.7952880859375,29.2593994140625,100346.265625,29.122772216796875,100553.484375,42.65653991699219,100469.28125,19.211580276489258,0,-0.513916015625,-0.86376953125,0.1005859375,0,0,-0.79345703125,1.220703125,1.03759765625,0,0,"0",full
5acf237f-7b18-41f8-b081-ee95f05ce947,c9549b4e-052f-421d-b8f7-e4aa2078007e,2026-05-16T13:48:46.710Z,0,,29.31964874267578,74.7952880859375,29.254196166992188,100382.578125,29.119888305664062,100554.4375,42.65577697753906,100469.25,19.211580276489258,0,-0.483154296875,-0.87939453125,0.089599609375,0,0,0.42724609375,-0.91552734375,1.64794921875,0,0,"0",full
5acf237f-7b18-41f8-b081-ee95f05ce947,c9549b4e-052f-421d-b8f7-e4aa2078007e,2026-05-16T13:48:46.786Z,0,,29.31964874267578,74.7952880859375,29.254196166992188,100382.578125,29.119888305664062,100554.4375,42.65489196777344,100469.21875,19.211580276489258,0,-0.483154296875,-0.87939453125,0.089599609375,0,0,0.42724609375,-0.91552734375,1.64794921875,0,0,"0",full
5acf237f-7b18-41f8-b081-ee95f05ce947,c9549b4e-052f-421d-b8f7-e4aa2078007e,2026-05-16T13:48:46.847Z,0,,29.31964874267578,74.7952880859375,29.249160766601562,100413.078125,29.122207641601562,100553.328125,42.65412902832031,100469.21875,19.211580276489258,0,-0.47021484375,-0.873046875,0.087646484375,0,0,0.9765625,-1.52587890625,0.06103515625,0,0,"0",full
5acf237f-7b18-41f8-b081-ee95f05ce947,c9549b4e-052f-421d-b8f7-e4aa2078007e,2026-05-16T13:48:46.863Z,0,,29.330368041992188,70.080322265625,29.249160766601562,100413.078125,29.122207641601562,100553.328125,42.65412902832031,100469.21875,19.239900588989258,0,-0.47021484375,-0.873046875,0.087646484375,0,0,0.9765625,-1.52587890625,0.06103515625,0,0,"0",full
5acf237f-7b18-41f8-b081-ee95f05ce947,c9549b4e-052f-421d-b8f7-e4aa2078007e,2026-05-16T13:48:46.954Z,0,,29.330368041992188,70.080322265625,29.249160766601562,100413.078125,29.122207641601562,100553.328125,42.652435302734375,100469.25,19.239900588989258,0,-0.47021484375,-0.873046875,0.087646484375,0,0,0.9765625,-1.52587890625,0.06103515625,0,0,"0",full
5acf237f-7b18-41f8-b081-ee95f05ce947,c9549b4e-052f-421d-b8f7-e4aa2078007e,2026-05-16T13:48:46.976Z,0,,29.330368041992188,70.080322265625,29.2490234375,100368.515625,29.12335205078125,100552.21875,42.652435302734375,100469.25,19.239900588989258,0,-0.466552734375,-0.85791015625,0.08251953125,0,0,-0.1220703125,2.50244140625,1.3427734375,0,0,"0",full
5acf237f-7b18-41f8-b081-ee95f05ce947,c9549b4e-052f-421d-b8f7-e4aa2078007e,2026-05-16T13:48:47.118Z,0,,29.330368041992188,70.080322265625,29.2490234375,100368.515625,29.12335205078125,100552.21875,42.65156555175781,100469.203125,19.239900588989258,0,-0.466552734375,-0.85791015625,0.08251953125,0,0,-0.1220703125,2.50244140625,1.3427734375,0,0,"0",full
5acf237f-7b18-41f8-b081-ee95f05ce947,c9549b4e-052f-421d-b8f7-e4aa2078007e,2026-05-16T13:48:47.119Z,0,,29.330368041992188,70.080322265625,29.261856079101562,100262.40625,29.125564575195312,100550.75,42.64947509765625,100469.203125,19.239900588989258,0,-0.498291015625,-0.87109375,0.09130859375,0,0,-1.03759765625,-4.0283203125,4.69970703125,0,0,"0",full
5acf237f-7b18-41f8-b081-ee95f05ce947,c9549b4e-052f-421d-b8f7-e4aa2078007e,2026-05-16T13:48:47.147Z,0,,29.40544891357422,69.7293701171875,29.263946533203125,100247.8125,29.12542724609375,100550.546875,42.64837646484375,100469.25,19.324859619140625,0,-0.498291015625,-0.87109375,0.09130859375,0,0,-1.03759765625,-4.0283203125,4.69970703125,0,0,"0",full
5acf237f-7b18-41f8-b081-ee95f05ce947,c9549b4e-052f-421d-b8f7-e4aa2078007e,2026-05-16T13:48:47.223Z,0,,29.40544891357422,69.7293701171875,29.263946533203125,100247.8125,29.12542724609375,100550.546875,42.64801025390625,100469.265625,19.324859619140625,0,-0.498291015625,-0.87109375,0.09130859375,0,0,-1.03759765625,-4.0283203125,4.69970703125,0,0,"0",full
5acf237f-7b18-41f8-b081-ee95f05ce947,c9549b4e-052f-421d-b8f7-e4aa2078007e,2026-05-16T13:48:47.252Z,0,,29.40544891357422,69.7293701171875,29.277572631835938,100178.484375,29.1279296875,100549.703125,42.64801025390625,100469.265625,19.324859619140625,0,-0.488525390625,-0.861572265625,0.106201171875,0,0,-2.44140625,0.1220703125,-2.44140625,0,0,"0",full
5acf237f-7b18-41f8-b081-ee95f05ce947,c9549b4e-052f-421d-b8f7-e4aa2078007e,2026-05-16T13:48:47.328Z,0,,29.40544891357422,69.7293701171875,29.277572631835938,100178.484375,29.1279296875,100549.703125,42.64729309082031,100469.28125,19.324859619140625,0,-0.488525390625,-0.861572265625,0.106201171875,0,0,-2.44140625,0.1220703125,-2.44140625,0,0,"0",full
5acf237f-7b18-41f8-b081-ee95f05ce947,c9549b4e-052f-421d-b8f7-e4aa2078007e,2026-05-16T13:48:47.386Z,0,,29.40544891357422,69.7293701171875,29.298828125,100108.875,29.128005981445312,100548.546875,42.64508056640625,100469.265625,19.324859619140625,0,-0.509033203125,-0.8671875,0.1103515625,0,0,-0.244140625,-0.48828125,-0.732421875,0,0,"0",full
5acf237f-7b18-41f8-b081-ee95f05ce947,c9549b4e-052f-421d-b8f7-e4aa2078007e,2026-05-16T13:48:47.402Z,0,,29.577049255371094,76.29827880859375,29.298828125,100108.875,29.128433227539062,100548.40625,42.64508056640625,100469.265625,19.381500244140625,0,-0.514404296875,-0.871826171875,0.1103515625,0,0,-0.244140625,-0.6103515625,-0.8544921875,0,0,"0",full
5acf237f-7b18-41f8-b081-ee95f05ce947,c9549b4e-052f-421d-b8f7-e4aa2078007e,2026-05-16T13:48:47.492Z,0,,29.577049255371094,76.29827880859375,29.298828125,100108.875,29.128433227539062,100548.40625,42.64375305175781,100469.265625,19.381500244140625,0,-0.514404296875,-0.871826171875,0.1103515625,0,0,-0.244140625,-0.6103515625,-0.8544921875,0,0,"0",full
5acf237f-7b18-41f8-b081-ee95f05ce947,c9549b4e-052f-421d-b8f7-e4aa2078007e,2026-05-16T13:48:47.531Z,0,,29.577049255371094,76.29827880859375,29.31011962890625,100075.3125,29.130264282226562,100547.71875,42.64375305175781,100469.265625,19.381500244140625,0,-0.493408203125,-0.887451171875,0.114501953125,0,0,0.54931640625,0.91552734375,-1.953125,0,0,"0",full
5acf237f-7b18-41f8-b081-ee95f05ce947,c9549b4e-052f-421d-b8f7-e4aa2078007e,2026-05-16T13:48:47.612Z,0,,29.577049255371094,76.29827880859375,29.31011962890625,100075.3125,29.130264282226562,100547.71875,42.64337158203125,100469.21875,19.381500244140625,0,-0.493408203125,-0.887451171875,0.114501953125,0,0,0.54931640625,0.91552734375,-1.953125,0,0,"0",full
5acf237f-7b18-41f8-b081-ee95f05ce947,c9549b4e-052f-421d-b8f7-e4aa2078007e,2026-05-16T13:48:47.672Z,0,,29.577049255371094,76.29827880859375,29.323211669921875,100043.453125,29.132980346679688,100547,42.644805908203125,100469.25,19.381500244140625,0,-0.491455078125,-0.892822265625,0.126220703125,0,0,3.11279296875,1.40380859375,5.79833984375,0,0,"0",full
5acf237f-7b18-41f8-b081-ee95f05ce947,c9549b4e-052f-421d-b8f7-e4aa2078007e,2026-05-16T13:48:47.687Z,0,,29.66284942626953,80.48681640625,29.32379150390625,100040.046875,29.132980346679688,100547,42.644805908203125,100469.25,19.409820556640625,0,-0.491455078125,-0.892822265625,0.126220703125,0,0,3.11279296875,1.40380859375,5.79833984375,0,0,"0",full
5acf237f-7b18-41f8-b081-ee95f05ce947,c9549b4e-052f-421d-b8f7-e4aa2078007e,2026-05-16T13:48:47.763Z,0,,29.66284942626953,80.48681640625,29.32379150390625,100040.046875,29.132980346679688,100547,42.64495849609375,100469.25,19.409820556640625,0,-0.491455078125,-0.892822265625,0.126220703125,0,0,3.11279296875,1.40380859375,5.79833984375,0,0,"0",full
5acf237f-7b18-41f8-b081-ee95f05ce947,c9549b4e-052f-421d-b8f7-e4aa2078007e,2026-05-16T13:48:47.793Z,0,,29.66284942626953,80.48681640625,29.328201293945312,100026.1875,29.132858276367188,100546.453125,42.64495849609375,100469.25,19.409820556640625,0,-0.482177734375,-0.903564453125,0.118896484375,0,0,8.23974609375,9.33837890625,7.38525390625,0,0,"0",full
5acf237f-7b18-41f8-b081-ee95f05ce947,c9549b4e-052f-421d-b8f7-e4aa2078007e,2026-05-16T13:48:47.868Z,0,,29.66284942626953,80.48681640625,29.328201293945312,100026.1875,29.132858276367188,100546.453125,42.64335632324219,100469.1875,19.409820556640625,0,-0.482177734375,-0.903564453125,0.118896484375,0,0,8.23974609375,9.33837890625,7.38525390625,0,0,"0",full
5acf237f-7b18-41f8-b081-ee95f05ce947,c9549b4e-052f-421d-b8f7-e4aa2078007e,2026-05-16T13:48:47.927Z,0,,29.66284942626953,80.48681640625,29.336441040039062,100013.71875,29.131912231445312,100546,42.643402099609375,100469.21875,19.409820556640625,0,-0.423828125,-0.86181640625,0.050048828125,0,0,9.8876953125,11.71875,20.44677734375,0,0,"0",full
5acf237f-7b18-41f8-b081-ee95f05ce947,c9549b4e-052f-421d-b8f7-e4aa2078007e,2026-05-16T13:48:47.942Z,0,,29.652122497558594,83.42413330078125,29.336441040039062,100013.71875,29.1314697265625,100545.953125,42.64402770996094,100469.203125,19.381500244140625,0,-0.423828125,-0.86181640625,0.050048828125,0,0,9.8876953125,11.71875,20.44677734375,0,0,"0",full
5acf237f-7b18-41f8-b081-ee95f05ce947,c9549b4e-052f-421d-b8f7-e4aa2078007e,2026-05-16T13:48:48.047Z,0,,29.652122497558594,83.42413330078125,29.336441040039062,100013.71875,29.1314697265625,100545.953125,42.643707275390625,100469.171875,19.381500244140625,0,-0.423828125,-0.86181640625,0.050048828125,0,0,9.8876953125,11.71875,20.44677734375,0,0,"0",full
5acf237f-7b18-41f8-b081-ee95f05ce947,c9549b4e-052f-421d-b8f7-e4aa2078007e,2026-05-16T13:48:48.073Z,0,,29.652122497558594,83.42413330078125,29.339569091796875,100008.984375,29.134521484375,100545.640625,42.64387512207031,100469.171875,19.381500244140625,0,-0.3505859375,-0.898681640625,0.052490234375,0,0,9.6435546875,8.1787109375,19.10400390625,0,0,"0",full
5acf237f-7b18-41f8-b081-ee95f05ce947,c9549b4e-052f-421d-b8f7-e4aa2078007e,2026-05-16T13:48:48.151Z,0,,29.652122497558594,83.42413330078125,29.339569091796875,100008.984375,29.134521484375,100545.640625,42.64410400390625,100469.171875,19.381500244140625,0,-0.3505859375,-0.898681640625,0.052490234375,0,0,9.6435546875,8.1787109375,19.10400390625,0,0,"0",full
5acf237f-7b18-41f8-b081-ee95f05ce947,c9549b4e-052f-421d-b8f7-e4aa2078007e,2026-05-16T13:48:48.210Z,0,,29.652122497558594,83.42413330078125,29.338836669921875,100017.75,29.1356201171875,100545.25,42.64433288574219,100469.0625,19.381500244140625,0,-0.388671875,-0.8984375,0.047607421875,0,0,2.0751953125,8.36181640625,-0.244140625,0,0,"0",full
5acf237f-7b18-41f8-b081-ee95f05ce947,c9549b4e-052f-421d-b8f7-e4aa2078007e,2026-05-16T13:48:48.241Z,0,,29.598495483398438,85.4459228515625,29.337921142578125,100022.515625,29.1356201171875,100545.25,42.64433288574219,100469.0625,19.324859619140625,0,-0.39892578125,-0.908447265625,0.0654296875,0,0,1.77001953125,5.67626953125,-1.0986328125,0,0,"0",full
5acf237f-7b18-41f8-b081-ee95f05ce947,c9549b4e-052f-421d-b8f7-e4aa2078007e,2026-05-16T13:48:48.301Z,0,,29.598495483398438,85.4459228515625,29.337921142578125,100022.515625,29.1356201171875,100545.25,42.644073486328125,100468.921875,19.324859619140625,0,-0.39892578125,-0.908447265625,0.0654296875,0,0,1.77001953125,5.67626953125,-1.0986328125,0,0,"0",full
5acf237f-7b18-41f8-b081-ee95f05ce947,c9549b4e-052f-421d-b8f7-e4aa2078007e,2026-05-16T13:48:48.331Z,0,,29.598495483398438,85.4459228515625,29.328994750976562,100062.5,29.134521484375,100545.84375,42.644073486328125,100468.921875,19.324859619140625,0,-0.378173828125,-0.910888671875,0.063232421875,0,0,4.94384765625,-0.79345703125,1.220703125,0,0,"0",full
5acf237f-7b18-41f8-b081-ee95f05ce947,c9549b4e-052f-421d-b8f7-e4aa2078007e,2026-05-16T13:48:48.421Z,0,,29.598495483398438,85.4459228515625,29.328994750976562,100062.5,29.134521484375,100545.84375,42.64398193359375,100468.75,19.324859619140625,0,-0.378173828125,-0.910888671875,0.063232421875,0,0,4.94384765625,-0.79345703125,1.220703125,0,0,"0",full
5acf237f-7b18-41f8-b081-ee95f05ce947,c9549b4e-052f-421d-b8f7-e4aa2078007e,2026-05-16T13:48:48.466Z,0,,29.598495483398438,85.4459228515625,29.310714721679688,100145.34375,29.1328125,100547.53125,42.64250183105469,100468.71875,19.324859619140625,0,-0.392333984375,-0.958251953125,0.05908203125,0,0,3.41796875,4.7607421875,8.544921875,0,0,"0",full
5acf237f-7b18-41f8-b081-ee95f05ce947,c9549b4e-052f-421d-b8f7-e4aa2078007e,2026-05-16T13:48:48.481Z,0,,29.373268127441406,84.04974365234375,29.310714721679688,100145.34375,29.1328125,100547.53125,42.64332580566406,100468.71875,19.261140823364258,0,-0.392333984375,-0.958251953125,0.05908203125,0,0,3.41796875,4.7607421875,8.544921875,0,0,"0",full
5acf237f-7b18-41f8-b081-ee95f05ce947,c9549b4e-052f-421d-b8f7-e4aa2078007e,2026-05-16T13:48:48.588Z,0,,29.373268127441406,84.04974365234375,29.310714721679688,100145.34375,29.1328125,100547.53125,42.64082336425781,100468.625,19.261140823364258,0,-0.392333984375,-0.958251953125,0.05908203125,0,0,3.41796875,4.7607421875,8.544921875,0,0,"0",full
5acf237f-7b18-41f8-b081-ee95f05ce947,c9549b4e-052f-421d-b8f7-e4aa2078007e,2026-05-16T13:48:48.611Z,0,,29.373268127441406,84.04974365234375,29.299301147460938,100210.953125,29.132034301757812,100548.890625,42.63983154296875,100468.625,19.261140823364258,0,-0.395751953125,-0.947021484375,0.06884765625,0,0,3.2958984375,11.53564453125,9.521484375,0,0,"0",full
5acf237f-7b18-41f8-b081-ee95f05ce947,c9549b4e-052f-421d-b8f7-e4aa2078007e,2026-05-16T13:48:48.692Z,0,,29.373268127441406,84.04974365234375,29.299301147460938,100210.953125,29.132034301757812,100548.890625,42.638275146484375,100468.625,19.261140823364258,0,-0.395751953125,-0.947021484375,0.06884765625,0,0,3.2958984375,11.53564453125,9.521484375,0,0,"0",full
5acf237f-7b18-41f8-b081-ee95f05ce947,c9549b4e-052f-421d-b8f7-e4aa2078007e,2026-05-16T13:48:48.752Z,0,,29.373268127441406,84.04974365234375,29.286697387695312,100295.625,29.132171630859375,100551.53125,42.63560485839844,100468.59375,19.261140823364258,0,-0.364013671875,-0.972900390625,0.071533203125,0,0,-3.72314453125,3.23486328125,-0.9765625,0,0,"0",full
5acf237f-7b18-41f8-b081-ee95f05ce947,c9549b4e-052f-421d-b8f7-e4aa2078007e,2026-05-16T13:48:48.766Z,0,,29.330368041992188,77.06884765625,29.28515625,100306.453125,29.132110595703125,100551.875,42.63560485839844,100468.59375,19.268220901489258,0,-0.364013671875,-0.972900390625,0.071533203125,0,0,-3.72314453125,3.23486328125,-0.9765625,0,0,"0",full
5acf237f-7b18-41f8-b081-ee95f05ce947,c9549b4e-052f-421d-b8f7-e4aa2078007e,2026-05-16T13:48:48.873Z,0,,29.330368041992188,77.06884765625,29.28515625,100306.453125,29.132110595703125,100551.875,42.63291931152344,100468.515625,19.268220901489258,0,-0.364013671875,-0.972900390625,0.071533203125,0,0,-3.72314453125,3.23486328125,-0.9765625,0,0,"0",full
5acf237f-7b18-41f8-b081-ee95f05ce947,c9549b4e-052f-421d-b8f7-e4aa2078007e,2026-05-16T13:48:48.897Z,0,,29.330368041992188,77.06884765625,29.27947998046875,100353.515625,29.132232666015625,100553.359375,42.63291931152344,100468.515625,19.268220901489258,0,-0.37890625,-0.95751953125,0.086669921875,0,0,-3.0517578125,0.244140625,-2.0751953125,0,0,"0",full
5acf237f-7b18-41f8-b081-ee95f05ce947,c9549b4e-052f-421d-b8f7-e4aa2078007e,2026-05-16T13:48:48.962Z,0,,29.330368041992188,77.06884765625,29.27947998046875,100353.515625,29.132232666015625,100553.359375,42.63262939453125,100468.453125,19.268220901489258,0,-0.37890625,-0.95751953125,0.086669921875,0,0,-3.0517578125,0.244140625,-2.0751953125,0,0,"0",full
5acf237f-7b18-41f8-b081-ee95f05ce947,c9549b4e-052f-421d-b8f7-e4aa2078007e,2026-05-16T13:48:49.022Z,0,,29.330368041992188,77.06884765625,29.275375366210938,100405.984375,29.131439208984375,100554.84375,42.63165283203125,100468.40625,19.268220901489258,0,-0.317626953125,-0.924560546875,0.054443359375,0,0,1.15966796875,0.48828125,5.18798828125,0,0,"0",full
5acf237f-7b18-41f8-b081-ee95f05ce947,c9549b4e-052f-421d-b8f7-e4aa2078007e,2026-05-16T13:48:49.052Z,0,,29.330368041992188,71.55279541015625,29.275375366210938,100405.984375,29.131439208984375,100554.84375,42.63188171386719,100468.375,19.261140823364258,0,-0.3330078125,-0.951416015625,0.083740234375,0,0,0.30517578125,0.1220703125,4.2724609375,0,0,"0",full
5acf237f-7b18-41f8-b081-ee95f05ce947,c9549b4e-052f-421d-b8f7-e4aa2078007e,2026-05-16T13:48:49.126Z,0,,29.330368041992188,71.55279541015625,29.275375366210938,100405.984375,29.131439208984375,100554.84375,42.630767822265625,100468.359375,19.261140823364258,0,-0.3330078125,-0.951416015625,0.083740234375,0,0,0.30517578125,0.1220703125,4.2724609375,0,0,"0",full
5acf237f-7b18-41f8-b081-ee95f05ce947,c9549b4e-052f-421d-b8f7-e4aa2078007e,2026-05-16T13:48:49.148Z,0,,29.330368041992188,71.55279541015625,29.270797729492188,100435.828125,29.132354736328125,100554.21875,42.630767822265625,100468.359375,19.261140823364258,0,-0.346923828125,-0.927490234375,0.07177734375,0,0,-0.732421875,-2.0751953125,-4.150390625,0,0,"0",full
5acf237f-7b18-41f8-b081-ee95f05ce947,c9549b4e-052f-421d-b8f7-e4aa2078007e,2026-05-16T13:48:49.247Z,0,,29.330368041992188,71.55279541015625,29.270797729492188,100435.828125,29.132354736328125,100554.21875,42.62809753417969,100468.375,19.261140823364258,0,-0.346923828125,-0.927490234375,0.07177734375,0,0,-0.732421875,-2.0751953125,-4.150390625,0,0,"0",full
5acf237f-7b18-41f8-b081-ee95f05ce947,c9549b4e-052f-421d-b8f7-e4aa2078007e,2026-05-16T13:48:49.290Z,0,,29.330368041992188,71.55279541015625,29.268890380859375,100387.109375,29.132553100585938,100551.15625,42.6275634765625,100468.3125,19.261140823364258,0,-0.3505859375,-0.93359375,0.060546875,0,0,0.6103515625,4.57763671875,6.34765625,0,0,"0",full
5acf237f-7b18-41f8-b081-ee95f05ce947,c9549b4e-052f-421d-b8f7-e4aa2078007e,2026-05-16T13:48:49.306Z,0,,29.362548828125,68.15008544921875,29.270965576171875,100372.015625,29.131881713867188,100550.828125,42.6275634765625,100468.3125,19.353179931640625,0,-0.3505859375,-0.93359375,0.060546875,0,0,0.6103515625,4.57763671875,6.34765625,0,0,"0",full
5acf237f-7b18-41f8-b081-ee95f05ce947,c9549b4e-052f-421d-b8f7-e4aa2078007e,2026-05-16T13:48:49.410Z,0,,29.362548828125,68.15008544921875,29.270965576171875,100372.015625,29.131881713867188,100550.828125,42.62693786621094,100468.265625,19.353179931640625,0,-0.3505859375,-0.93359375,0.060546875,0,0,0.6103515625,4.57763671875,6.34765625,0,0,"0",full
5acf237f-7b18-41f8-b081-ee95f05ce947,c9549b4e-052f-421d-b8f7-e4aa2078007e,2026-05-16T13:48:49.435Z,0,,29.362548828125,68.15008544921875,29.281021118164062,100290.03125,29.13482666015625,100549.59375,42.626312255859375,100468.25,19.353179931640625,0,-0.35595703125,-0.953857421875,0.097900390625,0,0,-5.37109375,-9.1552734375,-13.00048828125,0,0,"0",full
5acf237f-7b18-41f8-b081-ee95f05ce947,c9549b4e-052f-421d-b8f7-e4aa2078007e,2026-05-16T13:48:49.501Z,0,,29.362548828125,68.15008544921875,29.281021118164062,100290.03125,29.13482666015625,100549.59375,42.625244140625,100468.171875,19.353179931640625,0,-0.35595703125,-0.953857421875,0.097900390625,0,0,-5.37109375,-9.1552734375,-13.00048828125,0,0,"0",full
5acf237f-7b18-41f8-b081-ee95f05ce947,c9549b4e-052f-421d-b8f7-e4aa2078007e,2026-05-16T13:48:49.561Z,0,,29.362548828125,68.15008544921875,29.301071166992188,100188.65625,29.136062622070312,100547.9375,42.62501525878906,100468.171875,19.353179931640625,0,-0.357421875,-0.935791015625,0.072509765625,0,0,-0.06103515625,-4.5166015625,2.44140625,0,0,"0",full
5acf237f-7b18-41f8-b081-ee95f05ce947,c9549b4e-052f-421d-b8f7-e4aa2078007e,2026-05-16T13:48:49.601Z,0,,29.523422241210938,72.59039306640625,29.301071166992188,100188.65625,29.135711669921875,100547.796875,42.62501525878906,100468.171875,19.409820556640625,0,-0.357421875,-0.935791015625,0.072509765625,0,0,-0.06103515625,-4.5166015625,2.44140625,0,0,"0",full
5acf237f-7b18-41f8-b081-ee95f05ce947,c9549b4e-052f-421d-b8f7-e4aa2078007e,2026-05-16T13:48:49.666Z,0,,29.523422241210938,72.59039306640625,29.301071166992188,100188.65625,29.135711669921875,100547.796875,42.62538146972656,100468.234375,19.409820556640625,0,-0.357421875,-0.935791015625,0.072509765625,0,0,-0.06103515625,-4.5166015625,2.44140625,0,0,"0",full
5acf237f-7b18-41f8-b081-ee95f05ce947,c9549b4e-052f-421d-b8f7-e4aa2078007e,2026-05-16T13:48:49.689Z,0,,29.523422241210938,72.59039306640625,29.3125,100133.765625,29.136367797851562,100546.96875,42.62538146972656,100468.234375,19.409820556640625,0,-0.36767578125,-0.93115234375,0.06689453125,0,0,-2.13623046875,-5.92041015625,-3.96728515625,0,0,"0",full
5acf237f-7b18-41f8-b081-ee95f05ce947,c9549b4e-052f-421d-b8f7-e4aa2078007e,2026-05-16T13:48:49.785Z,0,,29.523422241210938,72.59039306640625,29.3125,100133.765625,29.136367797851562,100546.96875,42.62251281738281,100468.21875,19.409820556640625,0,-0.36767578125,-0.93115234375,0.06689453125,0,0,-2.13623046875,-5.92041015625,-3.96728515625,0,0,"0",full
5acf237f-7b18-41f8-b081-ee95f05ce947,c9549b4e-052f-421d-b8f7-e4aa2078007e,2026-05-16T13:48:49.846Z,0,,29.523422241210938,72.59039306640625,29.330551147460938,100079.96875,29.13916015625,100546.03125,42.62217712402344,100468.203125,19.409820556640625,0,-0.3466796875,-0.933837890625,0.06005859375,0,0,0.8544921875,-1.15966796875,0.244140625,0,0,"0",full
5acf237f-7b18-41f8-b081-ee95f05ce947,c9549b4e-052f-421d-b8f7-e4aa2078007e,2026-05-16T13:48:49.860Z,0,,29.652122497558594,78.09881591796875,29.332351684570312,100074.109375,29.13916015625,100546.03125,42.62109375,100468.1875,19.466459274291992,0,-0.357666015625,-0.931640625,0.06396484375,0,0,1.03759765625,-1.15966796875,0.1220703125,0,0,"0",full
5acf237f-7b18-41f8-b081-ee95f05ce947,c9549b4e-052f-421d-b8f7-e4aa2078007e,2026-05-16T13:48:49.950Z,0,,29.652122497558594,78.09881591796875,29.332351684570312,100074.109375,29.13916015625,100546.03125,42.62046813964844,100468.15625,19.466459274291992,0,-0.357666015625,-0.931640625,0.06396484375,0,0,1.03759765625,-1.15966796875,0.1220703125,0,0,"0",full
5acf237f-7b18-41f8-b081-ee95f05ce947,c9549b4e-052f-421d-b8f7-e4aa2078007e,2026-05-16T13:48:49.973Z,0,,29.652122497558594,78.09881591796875,29.340103149414062,100050.28125,29.140380859375,100545.546875,42.62086486816406,100468.15625,19.466459274291992,0,-0.394287109375,-0.945556640625,0.100341796875,0,0,-0.244140625,1.52587890625,1.953125,0,0,"0",full
5acf237f-7b18-41f8-b081-ee95f05ce947,c9549b4e-052f-421d-b8f7-e4aa2078007e,2026-05-16T13:48:50.041Z,0,,29.652122497558594,78.09881591796875,29.340103149414062,100050.28125,29.140380859375,100545.546875,42.62263488769531,100468.21875,19.466459274291992,0,-0.394287109375,-0.945556640625,0.100341796875,0,0,-0.244140625,1.52587890625,1.953125,0,0,"0",full
5acf237f-7b18-41f8-b081-ee95f05ce947,c9549b4e-052f-421d-b8f7-e4aa2078007e,2026-05-16T13:48:50.100Z,0,,29.652122497558594,78.09881591796875,29.3511962890625,100027.796875,29.139419555664062,100544.96875,42.62220764160156,100468.28125,19.466459274291992,0,-0.400146484375,-0.923095703125,0.0576171875,0,0,2.0751953125,0.48828125,-5.2490234375,0,0,"0",full
5acf237f-7b18-41f8-b081-ee95f05ce947,c9549b4e-052f-421d-b8f7-e4aa2078007e,2026-05-16T13:48:50.130Z,0,,29.684295654296875,81.799072265625,29.3511962890625,100027.796875,29.13934326171875,100544.875,42.62220764160156,100468.28125,19.438140869140625,0,-0.400146484375,-0.923095703125,0.0576171875,0,0,2.0751953125,0.48828125,-5.2490234375,0,0,"0",full
5acf237f-7b18-41f8-b081-ee95f05ce947,c9549b4e-052f-421d-b8f7-e4aa2078007e,2026-05-16T13:48:50.220Z,0,,29.684295654296875,81.799072265625,29.3511962890625,100027.796875,29.13934326171875,100544.875,42.61991882324219,100468.34375,19.438140869140625,0,-0.400146484375,-0.923095703125,0.0576171875,0,0,2.0751953125,0.48828125,-5.2490234375,0,0,"0",full
5acf237f-7b18-41f8-b081-ee95f05ce947,c9549b4e-052f-421d-b8f7-e4aa2078007e,2026-05-16T13:48:50.250Z,0,,29.684295654296875,81.799072265625,29.354507446289062,100017.546875,29.137908935546875,100544.609375,42.61991882324219,100468.34375,19.438140869140625,0,-0.38623046875,-0.918701171875,0.078125,0,0,-0.6103515625,-2.38037109375,1.64794921875,0,0,"0",full
5acf237f-7b18-41f8-b081-ee95f05ce947,c9549b4e-052f-421d-b8f7-e4aa2078007e,2026-05-16T13:48:50.326Z,0,,29.684295654296875,81.799072265625,29.354507446289062,100017.546875,29.137908935546875,100544.609375,42.61915588378906,100468.328125,19.438140869140625,0,-0.38623046875,-0.918701171875,0.078125,0,0,-0.6103515625,-2.38037109375,1.64794921875,0,0,"0",full
5acf237f-7b18-41f8-b081-ee95f05ce947,c9549b4e-052f-421d-b8f7-e4aa2078007e,2026-05-16T13:48:50.384Z,0,,29.684295654296875,81.799072265625,29.357223510742188,100009.140625,29.14202880859375,100543.765625,42.61883544921875,100468.3125,19.438140869140625,0,-0.384765625,-0.924072265625,0.082275390625,0,0,1.46484375,0.67138671875,-2.38037109375,0,0,"0",full
5acf237f-7b18-41f8-b081-ee95f05ce947,c9549b4e-052f-421d-b8f7-e4aa2078007e,2026-05-16T13:48:50.401Z,0,,29.684295654296875,84.85845947265625,29.35858154296875,100008.921875,29.14202880859375,100543.765625,42.619140625,100468.28125,19.409820556640625,0,-0.384765625,-0.924072265625,0.082275390625,0,0,1.46484375,0.67138671875,-2.38037109375,0,0,"0",full
5acf237f-7b18-41f8-b081-ee95f05ce947,c9549b4e-052f-421d-b8f7-e4aa2078007e,2026-05-16T13:48:50.490Z,0,,29.684295654296875,84.85845947265625,29.35858154296875,100008.921875,29.14202880859375,100543.765625,42.61955261230469,100468.234375,19.409820556640625,0,-0.384765625,-0.924072265625,0.082275390625,0,0,1.46484375,0.67138671875,-2.38037109375,0,0,"0",full
5acf237f-7b18-41f8-b081-ee95f05ce947,c9549b4e-052f-421d-b8f7-e4aa2078007e,2026-05-16T13:48:50.513Z,0,,29.684295654296875,84.85845947265625,29.355865478515625,100024.34375,29.143478393554688,100543.53125,42.61955261230469,100468.234375,19.409820556640625,0,-0.33056640625,-0.930908203125,0.05908203125,0,0,3.173828125,9.1552734375,8.72802734375,0,0,"0",full
5acf237f-7b18-41f8-b081-ee95f05ce947,c9549b4e-052f-421d-b8f7-e4aa2078007e,2026-05-16T13:48:50.615Z,0,,29.684295654296875,84.85845947265625,29.355865478515625,100024.34375,29.143478393554688,100543.53125,42.6180419921875,100468.203125,19.409820556640625,0,-0.33056640625,-0.930908203125,0.05908203125,0,0,3.173828125,9.1552734375,8.72802734375,0,0,"0",full
5acf237f-7b18-41f8-b081-ee95f05ce947,c9549b4e-052f-421d-b8f7-e4aa2078007e,2026-05-16T13:48:50.641Z,0,,29.684295654296875,84.85845947265625,29.339935302734375,100088.296875,29.144027709960938,100544.734375,42.618316650390625,100468.140625,19.409820556640625,0,-0.310302734375,-0.935791015625,0.046875,0,0,2.5634765625,4.94384765625,11.77978515625,0,0,"0",full
5acf237f-7b18-41f8-b081-ee95f05ce947,c9549b4e-052f-421d-b8f7-e4aa2078007e,2026-05-16T13:48:50.670Z,0,,29.48052215576172,85.9036865234375,29.339935302734375,100088.296875,29.14404296875,100544.921875,42.618316650390625,100468.140625,19.353179931640625,0,-0.29736328125,-0.9365234375,0.0302734375,0,0,2.0751953125,3.2958984375,9.033203125,0,0,"0",full
5acf237f-7b18-41f8-b081-ee95f05ce947,c9549b4e-052f-421d-b8f7-e4aa2078007e,2026-05-16T13:48:50.761Z,0,,29.48052215576172,85.9036865234375,29.339935302734375,100088.296875,29.14404296875,100544.921875,42.617889404296875,100468.015625,19.353179931640625,0,-0.29736328125,-0.9365234375,0.0302734375,0,0,2.0751953125,3.2958984375,9.033203125,0,0,"0",full
5acf237f-7b18-41f8-b081-ee95f05ce947,c9549b4e-052f-421d-b8f7-e4aa2078007e,2026-05-16T13:48:50.791Z,0,,29.48052215576172,85.9036865234375,29.329757690429688,100154.171875,29.143844604492188,100546.171875,42.617889404296875,100468.015625,19.353179931640625,0,-0.336669921875,-0.93603515625,0.06640625,0,0,0.3662109375,3.41796875,2.197265625,0,0,"0",full
5acf237f-7b18-41f8-b081-ee95f05ce947,c9549b4e-052f-421d-b8f7-e4aa2078007e,2026-05-16T13:48:50.866Z,0,,29.48052215576172,85.9036865234375,29.329757690429688,100154.171875,29.143844604492188,100546.171875,42.6162109375,100467.9375,19.353179931640625,0,-0.336669921875,-0.93603515625,0.06640625,0,0,0.3662109375,3.41796875,2.197265625,0,0,"0",full
5acf237f-7b18-41f8-b081-ee95f05ce947,c9549b4e-052f-421d-b8f7-e4aa2078007e,2026-05-16T13:48:50.940Z,0,,29.48052215576172,85.9036865234375,29.31341552734375,100248.03125,29.142333984375,100548.859375,42.6148681640625,100467.9375,19.353179931640625,0,-0.296142578125,-0.9345703125,0.062744140625,0,0,-2.62451171875,2.62451171875,-1.52587890625,0,0,"0",full
5acf237f-7b18-41f8-b081-ee95f05ce947,c9549b4e-052f-421d-b8f7-e4aa2078007e,2026-05-16T13:48:50.941Z,0,,29.362548828125,80.32659912109375,29.312576293945312,100260.546875,29.142501831054688,100549.296875,42.6148681640625,100467.9375,19.324859619140625,0,-0.296142578125,-0.9345703125,0.062744140625,0,0,-2.62451171875,2.62451171875,-1.52587890625,0,0,"0",full
5acf237f-7b18-41f8-b081-ee95f05ce947,c9549b4e-052f-421d-b8f7-e4aa2078007e,2026-05-16T13:48:51.046Z,0,,29.362548828125,80.32659912109375,29.312576293945312,100260.546875,29.142501831054688,100549.296875,42.61260986328125,100467.890625,19.324859619140625,0,-0.296142578125,-0.9345703125,0.062744140625,0,0,-2.62451171875,2.62451171875,-1.52587890625,0,0,"0",full
5acf237f-7b18-41f8-b081-ee95f05ce947,c9549b4e-052f-421d-b8f7-e4aa2078007e,2026-05-16T13:48:51.071Z,0,,29.362548828125,80.32659912109375,29.306167602539062,100316.65625,29.142166137695312,100551.28125,42.61260986328125,100467.890625,19.324859619140625,0,-0.309814453125,-0.9580078125,0.0869140625,0,0,-2.0751953125,0.54931640625,-2.44140625,0,0,"0",full
5acf237f-7b18-41f8-b081-ee95f05ce947,c9549b4e-052f-421d-b8f7-e4aa2078007e,2026-05-16T13:48:51.150Z,0,,29.362548828125,80.32659912109375,29.306167602539062,100316.65625,29.142166137695312,100551.28125,42.61201477050781,100467.859375,19.324859619140625,0,-0.309814453125,-0.9580078125,0.0869140625,0,0,-2.0751953125,0.54931640625,-2.44140625,0,0,"0",full
5acf237f-7b18-41f8-b081-ee95f05ce947,c9549b4e-052f-421d-b8f7-e4aa2078007e,2026-05-16T13:48:51.211Z,0,,29.362548828125,80.32659912109375,29.293212890625,100375.6875,29.142440795898438,100553.03125,42.61012268066406,100467.859375,19.324859619140625,0,-0.289794921875,-0.92626953125,0.044189453125,0,0,-0.732421875,1.28173828125,2.44140625,0,0,"0",full
5acf237f-7b18-41f8-b081-ee95f05ce947,c9549b4e-052f-421d-b8f7-e4aa2078007e,2026-05-16T13:48:51.226Z,0,,29.351821899414062,73.90264892578125,29.293212890625,100375.6875,29.142440795898438,100553.03125,42.609588623046875,100467.84375,19.324859619140625,0,-0.289794921875,-0.92626953125,0.044189453125,0,0,-0.732421875,1.28173828125,2.44140625,0,0,"0",full
5acf237f-7b18-41f8-b081-ee95f05ce947,c9549b4e-052f-421d-b8f7-e4aa2078007e,2026-05-16T13:48:51.301Z,0,,29.351821899414062,73.90264892578125,29.293212890625,100375.6875,29.142440795898438,100553.03125,42.60877990722656,100467.796875,19.324859619140625,0,-0.289794921875,-0.92626953125,0.044189453125,0,0,-0.732421875,1.28173828125,2.44140625,0,0,"0",full
5acf237f-7b18-41f8-b081-ee95f05ce947,c9549b4e-052f-421d-b8f7-e4aa2078007e,2026-05-16T13:48:51.331Z,0,,29.351821899414062,73.90264892578125,29.288558959960938,100412.96875,29.138565063476562,100553.453125,42.60784912109375,100467.78125,19.324859619140625,0,-0.322509765625,-0.9541015625,0.095458984375,0,0,-3.47900390625,-0.79345703125,-2.99072265625,0,0,"0",full
5acf237f-7b18-41f8-b081-ee95f05ce947,c9549b4e-052f-421d-b8f7-e4aa2078007e,2026-05-16T13:48:51.420Z,0,,29.351821899414062,73.90264892578125,29.288558959960938,100412.96875,29.138565063476562,100553.453125,42.60542297363281,100467.796875,19.324859619140625,0,-0.322509765625,-0.9541015625,0.095458984375,0,0,-3.47900390625,-0.79345703125,-2.99072265625,0,0,"0",full
5acf237f-7b18-41f8-b081-ee95f05ce947,c9549b4e-052f-421d-b8f7-e4aa2078007e,2026-05-16T13:48:51.464Z,0,,29.351821899414062,73.90264892578125,29.2833251953125,100444.015625,29.140899658203125,100551.625,42.604827880859375,100467.796875,19.324859619140625,0,-0.339111328125,-0.94580078125,0.1044921875,0,0,-0.91552734375,-3.5400390625,-0.91552734375,0,0,"0",full
5acf237f-7b18-41f8-b081-ee95f05ce947,c9549b4e-052f-421d-b8f7-e4aa2078007e,2026-05-16T13:48:51.481Z,0,,29.351821899414062,69.836181640625,29.2833251953125,100441,29.1407470703125,100551.125,42.604827880859375,100467.796875,19.381500244140625,0,-0.328369140625,-0.9443359375,0.095458984375,0,0,0.30517578125,-2.44140625,1.0986328125,0,0,"0",full
5acf237f-7b18-41f8-b081-ee95f05ce947,c9549b4e-052f-421d-b8f7-e4aa2078007e,2026-05-16T13:48:51.588Z,0,,29.351821899414062,69.836181640625,29.2833251953125,100441,29.1407470703125,100551.125,42.604095458984375,100467.71875,19.381500244140625,0,-0.328369140625,-0.9443359375,0.095458984375,0,0,0.30517578125,-2.44140625,1.0986328125,0,0,"0",full
5acf237f-7b18-41f8-b081-ee95f05ce947,c9549b4e-052f-421d-b8f7-e4aa2078007e,2026-05-16T13:48:51.612Z,0,,29.351821899414062,69.836181640625,29.285675048828125,100385.171875,29.141799926757812,100549.6875,42.604095458984375,100467.71875,19.381500244140625,0,-0.3759765625,-0.922119140625,0.079345703125,0,0,-0.732421875,-0.9765625,-0.244140625,0,0,"0",full
5acf237f-7b18-41f8-b081-ee95f05ce947,c9549b4e-052f-421d-b8f7-e4aa2078007e,2026-05-16T13:48:51.690Z,0,,29.351821899414062,69.836181640625,29.285675048828125,100385.171875,29.141799926757812,100549.6875,42.601318359375,100467.734375,19.381500244140625,0,-0.3759765625,-0.922119140625,0.079345703125,0,0,-0.732421875,-0.9765625,-0.244140625,0,0,"0",full
5acf237f-7b18-41f8-b081-ee95f05ce947,c9549b4e-052f-421d-b8f7-e4aa2078007e,2026-05-16T13:48:51.749Z,0,,29.351821899414062,69.836181640625,29.29937744140625,100269.34375,29.14373779296875,100547.828125,42.60096740722656,100467.78125,19.381500244140625,0,-0.399658203125,-0.93310546875,0.10888671875,0,0,-0.48828125,-0.3662109375,-3.0517578125,0,0,"0",full
5acf237f-7b18-41f8-b081-ee95f05ce947,c9549b4e-052f-421d-b8f7-e4aa2078007e,2026-05-16T13:48:51.764Z,0,,29.4376220703125,69.59967041015625,29.29937744140625,100269.34375,29.14373779296875,100547.828125,42.600433349609375,100467.765625,19.466459274291992,0,-0.399658203125,-0.93310546875,0.10888671875,0,0,-0.48828125,-0.3662109375,-3.0517578125,0,0,"0",full
5acf237f-7b18-41f8-b081-ee95f05ce947,c9549b4e-052f-421d-b8f7-e4aa2078007e,2026-05-16T13:48:51.841Z,0,,29.4376220703125,69.59967041015625,29.29937744140625,100269.34375,29.14373779296875,100547.828125,42.598907470703125,100467.84375,19.466459274291992,0,-0.399658203125,-0.93310546875,0.10888671875,0,0,-0.48828125,-0.3662109375,-3.0517578125,0,0,"0",full
5acf237f-7b18-41f8-b081-ee95f05ce947,c9549b4e-052f-421d-b8f7-e4aa2078007e,2026-05-16T13:48:51.871Z,0,,29.4376220703125,69.59967041015625,29.314987182617188,100196.25,29.145828247070312,100546.9375,42.598907470703125,100467.84375,19.466459274291992,0,-0.3212890625,-0.9228515625,0.094482421875,0,0,-0.732421875,1.40380859375,3.23486328125,0,0,"0",full
5acf237f-7b18-41f8-b081-ee95f05ce947,c9549b4e-052f-421d-b8f7-e4aa2078007e,2026-05-16T13:48:51.960Z,0,,29.4376220703125,69.59967041015625,29.314987182617188,100196.25,29.145828247070312,100546.9375,42.601287841796875,100467.9375,19.466459274291992,0,-0.3212890625,-0.9228515625,0.094482421875,0,0,-0.732421875,1.40380859375,3.23486328125,0,0,"0",full
5acf237f-7b18-41f8-b081-ee95f05ce947,c9549b4e-052f-421d-b8f7-e4aa2078007e,2026-05-16T13:48:52.020Z,0,,29.4376220703125,69.59967041015625,29.337493896484375,100119.796875,29.147003173828125,100546.171875,42.60020446777344,100467.9375,19.466459274291992,0,-0.322021484375,-0.916015625,0.07958984375,0,0,1.220703125,-0.06103515625,0.8544921875,0,0,"0",full
5acf237f-7b18-41f8-b081-ee95f05ce947,c9549b4e-052f-421d-b8f7-e4aa2078007e,2026-05-16T13:48:52.050Z,0,,29.619949340820312,76.11517333984375,29.339126586914062,100111.15625,29.147003173828125,100546.171875,42.60020446777344,100467.9375,19.494779586791992,0,-0.322021484375,-0.916015625,0.07958984375,0,0,1.220703125,-0.06103515625,0.8544921875,0,0,"0",full
5acf237f-7b18-41f8-b081-ee95f05ce947,c9549b4e-052f-421d-b8f7-e4aa2078007e,2026-05-16T13:48:52.125Z,0,,29.619949340820312,76.11517333984375,29.339126586914062,100111.15625,29.147003173828125,100546.171875,42.597320556640625,100468.03125,19.494779586791992,0,-0.322021484375,-0.916015625,0.07958984375,0,0,1.220703125,-0.06103515625,0.8544921875,0,0,"0",full
5acf237f-7b18-41f8-b081-ee95f05ce947,c9549b4e-052f-421d-b8f7-e4aa2078007e,2026-05-16T13:48:52.149Z,0,,29.619949340820312,76.11517333984375,29.351287841796875,100075.84375,29.14923095703125,100545.609375,42.597320556640625,100468.03125,19.494779586791992,0,-0.34619140625,-0.937744140625,0.099365234375,0,0,-0.42724609375,1.953125,-1.89208984375,0,0,"0",full
5acf237f-7b18-41f8-b081-ee95f05ce947,c9549b4e-052f-421d-b8f7-e4aa2078007e,2026-05-16T13:48:52.233Z,0,,29.619949340820312,76.11517333984375,29.351287841796875,100075.84375,29.14923095703125,100545.609375,42.59684753417969,100468.0625,19.494779586791992,0,-0.34619140625,-0.937744140625,0.099365234375,0,0,-0.42724609375,1.953125,-1.89208984375,0,0,"0",full
5acf237f-7b18-41f8-b081-ee95f05ce947,c9549b4e-052f-421d-b8f7-e4aa2078007e,2026-05-16T13:48:52.291Z,0,,29.619949340820312,76.11517333984375,29.3614501953125,100043.546875,29.151092529296875,100544.859375,42.59541320800781,100468.09375,19.494779586791992,0,-0.32763671875,-0.93505859375,0.091064453125,0,0,0.244140625,2.0751953125,7.38525390625,0,0,"0",full
5acf237f-7b18-41f8-b081-ee95f05ce947,c9549b4e-052f-421d-b8f7-e4aa2078007e,2026-05-16T13:48:52.307Z,0,,29.67357635498047,80.32659912109375,29.3614501953125,100043.546875,29.149703979492188,100544.765625,42.59541320800781,100468.09375,19.494779586791992,0,-0.3115234375,-0.939208984375,0.087890625,0,0,-0.30517578125,2.62451171875,5.92041015625,0,0,"0",full
5acf237f-7b18-41f8-b081-ee95f05ce947,c9549b4e-052f-421d-b8f7-e4aa2078007e,2026-05-16T13:48:52.412Z,0,,29.67357635498047,80.32659912109375,29.3614501953125,100043.546875,29.149703979492188,100544.765625,42.59397888183594,100468.109375,19.494779586791992,0,-0.3115234375,-0.939208984375,0.087890625,0,0,-0.30517578125,2.62451171875,5.92041015625,0,0,"0",full
5acf237f-7b18-41f8-b081-ee95f05ce947,c9549b4e-052f-421d-b8f7-e4aa2078007e,2026-05-16T13:48:52.437Z,0,,29.67357635498047,80.32659912109375,29.3671875,100028.703125,29.14990234375,100544.265625,42.59397888183594,100468.109375,19.494779586791992,0,-0.36083984375,-0.9580078125,0.131103515625,0,0,-1.77001953125,-0.67138671875,-4.8828125,0,0,"0",full
5acf237f-7b18-41f8-b081-ee95f05ce947,c9549b4e-052f-421d-b8f7-e4aa2078007e,2026-05-16T13:48:52.499Z,0,,29.67357635498047,80.32659912109375,29.3671875,100028.703125,29.14990234375,100544.265625,42.59712219238281,100468.171875,19.494779586791992,0,-0.36083984375,-0.9580078125,0.131103515625,0,0,-1.77001953125,-0.67138671875,-4.8828125,0,0,"0",full
5acf237f-7b18-41f8-b081-ee95f05ce947,c9549b4e-052f-421d-b8f7-e4aa2078007e,2026-05-16T13:48:52.575Z,0,,29.67357635498047,80.32659912109375,29.372512817382812,100015.828125,29.15057373046875,100543.921875,42.59626770019531,100468.171875,19.494779586791992,0,-0.33447265625,-0.949462890625,0.10595703125,0,0,0.30517578125,-0.30517578125,-8.30078125,0,0,"0",full
5acf237f-7b18-41f8-b081-ee95f05ce947,c9549b4e-052f-421d-b8f7-e4aa2078007e,2026-05-16T13:48:52.604Z,0,,29.684295654296875,83.2486572265625,29.372085571289062,100014.5625,29.15057373046875,100543.921875,42.59730529785156,100468.1875,19.466459274291992,0,-0.33447265625,-0.949462890625,0.10595703125,0,0,0.30517578125,-0.30517578125,-8.30078125,0,0,"0",full
5acf237f-7b18-41f8-b081-ee95f05ce947,c9549b4e-052f-421d-b8f7-e4aa2078007e,2026-05-16T13:48:52.680Z,0,,29.684295654296875,83.2486572265625,29.372085571289062,100014.5625,29.15057373046875,100543.921875,42.594451904296875,100468.203125,19.466459274291992,0,-0.33447265625,-0.949462890625,0.10595703125,0,0,0.30517578125,-0.30517578125,-8.30078125,0,0,"0",full
5acf237f-7b18-41f8-b081-ee95f05ce947,c9549b4e-052f-421d-b8f7-e4aa2078007e,2026-05-16T13:48:52.702Z,0,,29.684295654296875,83.2486572265625,29.374588012695312,100011.125,29.150863647460938,100543.609375,42.59503173828125,100468.21875,19.466459274291992,0,-0.355712890625,-0.949951171875,0.0859375,0,0,1.64794921875,2.685546875,3.90625,0,0,"0",full
5acf237f-7b18-41f8-b081-ee95f05ce947,c9549b4e-052f-421d-b8f7-e4aa2078007e,2026-05-16T13:48:52.786Z,0,,29.684295654296875,83.2486572265625,29.374588012695312,100011.125,29.150863647460938,100543.609375,42.595611572265625,100468.25,19.466459274291992,0,-0.355712890625,-0.949951171875,0.0859375,0,0,1.64794921875,2.685546875,3.90625,0,0,"0",full
5acf237f-7b18-41f8-b081-ee95f05ce947,c9549b4e-052f-421d-b8f7-e4aa2078007e,2026-05-16T13:48:52.830Z,0,,29.684295654296875,83.2486572265625,29.367111206054688,100034.046875,29.151565551757812,100543.796875,42.59596252441406,100468.234375,19.466459274291992,0,-0.353759765625,-0.927490234375,0.08203125,0,0,0.48828125,1.28173828125,0.6103515625,0,0,"0",full
5acf237f-7b18-41f8-b081-ee95f05ce947,c9549b4e-052f-421d-b8f7-e4aa2078007e,2026-05-16T13:48:52.846Z,0,,29.598495483398438,85.1712646484375,29.367111206054688,100034.046875,29.151565551757812,100543.796875,42.59596252441406,100468.234375,19.409820556640625,0,-0.353759765625,-0.927490234375,0.08203125,0,0,0.48828125,1.28173828125,0.6103515625,0,0,"0",full
5acf237f-7b18-41f8-b081-ee95f05ce947,c9549b4e-052f-421d-b8f7-e4aa2078007e,2026-05-16T13:48:52.952Z,0,,29.598495483398438,85.1712646484375,29.367111206054688,100034.046875,29.151565551757812,100543.796875,42.595367431640625,100468.15625,19.409820556640625,0,-0.353759765625,-0.927490234375,0.08203125,0,0,0.48828125,1.28173828125,0.6103515625,0,0,"0",full
5acf237f-7b18-41f8-b081-ee95f05ce947,c9549b4e-052f-421d-b8f7-e4aa2078007e,2026-05-16T13:48:52.975Z,0,,29.598495483398438,85.1712646484375,29.356658935546875,100080.953125,29.15277099609375,100544.4375,42.595367431640625,100468.15625,19.409820556640625,0,-0.364990234375,-0.929443359375,0.110107421875,0,0,1.28173828125,1.89208984375,4.2724609375,0,0,"0",full
5acf237f-7b18-41f8-b081-ee95f05ce947,c9549b4e-052f-421d-b8f7-e4aa2078007e,2026-05-16T13:48:53.057Z,0,,29.598495483398438,85.1712646484375,29.356658935546875,100080.953125,29.15277099609375,100544.4375,42.593963623046875,100468.15625,19.409820556640625,0,-0.364990234375,-0.929443359375,0.110107421875,0,0,1.28173828125,1.89208984375,4.2724609375,0,0,"0",full
5acf237f-7b18-41f8-b081-ee95f05ce947,c9549b4e-052f-421d-b8f7-e4aa2078007e,2026-05-16T13:48:53.116Z,0,,29.598495483398438,85.1712646484375,29.339187622070312,100171.40625,29.151321411132812,100546.28125,42.593048095703125,100468.15625,19.409820556640625,0,-0.355712890625,-0.958251953125,0.107177734375,0,0,-0.3662109375,0.1220703125,-3.7841796875,0,0,"0",full
5acf237f-7b18-41f8-b081-ee95f05ce947,c9549b4e-052f-421d-b8f7-e4aa2078007e,2026-05-16T13:48:53.131Z,0,,29.416168212890625,82.287353515625,29.33526611328125,100185.09375,29.15087890625,100546.609375,42.59364318847656,100468.171875,19.353179931640625,0,-0.341552734375,-0.949462890625,0.105224609375,0,0,-0.67138671875,-0.244140625,-4.0283203125,0,0,"0",full
5acf237f-7b18-41f8-b081-ee95f05ce947,c9549b4e-052f-421d-b8f7-e4aa2078007e,2026-05-16T13:48:53.207Z,0,,29.416168212890625,82.287353515625,29.33526611328125,100185.09375,29.15087890625,100546.609375,42.592071533203125,100468.15625,19.353179931640625,0,-0.341552734375,-0.949462890625,0.105224609375,0,0,-0.67138671875,-0.244140625,-4.0283203125,0,0,"0",full
5acf237f-7b18-41f8-b081-ee95f05ce947,c9549b4e-052f-421d-b8f7-e4aa2078007e,2026-05-16T13:48:53.237Z,0,,29.416168212890625,82.287353515625,29.326324462890625,100239.15625,29.151153564453125,100548.515625,42.59223937988281,100468.15625,19.353179931640625,0,-0.344482421875,-0.926025390625,0.083251953125,0,0,0.06103515625,2.25830078125,-1.28173828125,0,0,"0",full
5acf237f-7b18-41f8-b081-ee95f05ce947,c9549b4e-052f-421d-b8f7-e4aa2078007e,2026-05-16T13:48:53.327Z,0,,29.416168212890625,82.287353515625,29.326324462890625,100239.15625,29.151153564453125,100548.515625,42.59007263183594,100468.171875,19.353179931640625,0,-0.344482421875,-0.926025390625,0.083251953125,0,0,0.06103515625,2.25830078125,-1.28173828125,0,0,"0",full
5acf237f-7b18-41f8-b081-ee95f05ce947,c9549b4e-052f-421d-b8f7-e4aa2078007e,2026-05-16T13:48:53.386Z,0,,29.416168212890625,82.287353515625,29.316848754882812,100332.234375,29.151336669921875,100551.453125,42.589752197265625,100468.125,19.353179931640625,0,-0.349853515625,-0.9345703125,0.090576171875,0,0,-1.03759765625,0.91552734375,-4.08935546875,0,0,"0",full
5acf237f-7b18-41f8-b081-ee95f05ce947,c9549b4e-052f-421d-b8f7-e4aa2078007e,2026-05-16T13:48:53.401Z,0,,29.362548828125,75.36749267578125,29.316848754882812,100332.234375,29.151336669921875,100551.453125,42.589752197265625,100468.125,19.353179931640625,0,-0.349853515625,-0.9345703125,0.090576171875,0,0,-1.03759765625,0.91552734375,-4.08935546875,0,0,"0",full
5acf237f-7b18-41f8-b081-ee95f05ce947,c9549b4e-052f-421d-b8f7-e4aa2078007e,2026-05-16T13:48:53.490Z,0,,29.362548828125,75.36749267578125,29.316848754882812,100332.234375,29.151336669921875,100551.453125,42.588043212890625,100468.140625,19.353179931640625,0,-0.349853515625,-0.9345703125,0.090576171875,0,0,-1.03759765625,0.91552734375,-4.08935546875,0,0,"0",full
5acf237f-7b18-41f8-b081-ee95f05ce947,c9549b4e-052f-421d-b8f7-e4aa2078007e,2026-05-16T13:48:53.514Z,0,,29.362548828125,75.36749267578125,29.310623168945312,100380.078125,29.151580810546875,100552.609375,42.588043212890625,100468.140625,19.353179931640625,0,-0.348876953125,-0.93310546875,0.1181640625,0,0,-0.06103515625,3.72314453125,3.11279296875,0,0,"0",full
5acf237f-7b18-41f8-b081-ee95f05ce947,c9549b4e-052f-421d-b8f7-e4aa2078007e,2026-05-16T13:48:53.597Z,0,,29.362548828125,75.36749267578125,29.310623168945312,100380.078125,29.151580810546875,100552.609375,42.58689880371094,100468.078125,19.353179931640625,0,-0.348876953125,-0.93310546875,0.1181640625,0,0,-0.06103515625,3.72314453125,3.11279296875,0,0,"0",full
5acf237f-7b18-41f8-b081-ee95f05ce947,c9549b4e-052f-421d-b8f7-e4aa2078007e,2026-05-16T13:48:53.657Z,0,,29.362548828125,75.36749267578125,29.303970336914062,100422.984375,29.150543212890625,100551.8125,42.586395263671875,100468.078125,19.353179931640625,0,-0.361083984375,-0.901611328125,0.087646484375,0,0,1.5869140625,-4.33349609375,1.15966796875,0,0,"0",full
5acf237f-7b18-41f8-b081-ee95f05ce947,c9549b4e-052f-421d-b8f7-e4aa2078007e,2026-05-16T13:48:53.673Z,0,,29.373268127441406,70.3092041015625,29.302871704101562,100421.5625,29.150222778320312,100551.40625,42.586395263671875,100468.078125,19.381500244140625,0,-0.361083984375,-0.901611328125,0.087646484375,0,0,1.5869140625,-4.33349609375,1.15966796875,0,0,"0",full
5acf237f-7b18-41f8-b081-ee95f05ce947,c9549b4e-052f-421d-b8f7-e4aa2078007e,2026-05-16T13:48:53.778Z,0,,29.373268127441406,70.3092041015625,29.302871704101562,100421.5625,29.150222778320312,100551.40625,42.58332824707031,100468.140625,19.381500244140625,0,-0.361083984375,-0.901611328125,0.087646484375,0,0,1.5869140625,-4.33349609375,1.15966796875,0,0,"0",full
5acf237f-7b18-41f8-b081-ee95f05ce947,c9549b4e-052f-421d-b8f7-e4aa2078007e,2026-05-16T13:48:53.803Z,0,,29.373268127441406,70.3092041015625,29.301361083984375,100390.890625,29.150863647460938,100550.015625,42.58332824707031,100468.140625,19.381500244140625,0,-0.342041015625,-0.928466796875,0.0947265625,0,0,-1.0986328125,-4.33349609375,-4.21142578125,0,0,"0",full
5acf237f-7b18-41f8-b081-ee95f05ce947,c9549b4e-052f-421d-b8f7-e4aa2078007e,2026-05-16T13:48:53.866Z,0,,29.373268127441406,70.3092041015625,29.301361083984375,100390.890625,29.150863647460938,100550.015625,42.580169677734375,100468.21875,19.381500244140625,0,-0.342041015625,-0.928466796875,0.0947265625,0,0,-1.0986328125,-4.33349609375,-4.21142578125,0,0,"0",full
5acf237f-7b18-41f8-b081-ee95f05ce947,c9549b4e-052f-421d-b8f7-e4aa2078007e,2026-05-16T13:48:53.927Z,0,,29.373268127441406,70.3092041015625,29.314300537109375,100270.65625,29.15142822265625,100548.859375,42.58149719238281,100468.28125,19.381500244140625,0,-0.30712890625,-0.92822265625,0.084716796875,0,0,-2.0751953125,-3.72314453125,7.568359375,0,0,"0",full
5acf237f-7b18-41f8-b081-ee95f05ce947,c9549b4e-052f-421d-b8f7-e4aa2078007e,2026-05-16T13:48:53.957Z,0,,29.4376220703125,69.439453125,29.314300537109375,100270.65625,29.1513671875,100548.6875,42.58155822753906,100468.265625,19.438140869140625,0,-0.38525390625,-0.937744140625,0.11865234375,0,0,-1.64794921875,-5.4931640625,5.18798828125,0,0,"0",full
5acf237f-7b18-41f8-b081-ee95f05ce947,c9549b4e-052f-421d-b8f7-e4aa2078007e,2026-05-16T13:48:54.031Z,0,,29.4376220703125,69.439453125,29.314300537109375,100270.65625,29.1513671875,100548.6875,42.58110046386719,100468.34375,19.438140869140625,0,-0.38525390625,-0.937744140625,0.11865234375,0,0,-1.64794921875,-5.4931640625,5.18798828125,0,0,"0",full
5acf237f-7b18-41f8-b081-ee95f05ce947,c9549b4e-052f-421d-b8f7-e4aa2078007e,2026-05-16T13:48:54.054Z,0,,29.4376220703125,69.439453125,29.325210571289062,100198.796875,29.152633666992188,100547.75,42.5811767578125,100468.359375,19.438140869140625,0,-0.31982421875,-0.9013671875,0.062255859375,0,0,-1.5869140625,-7.50732421875,-3.173828125,0,0,"0",full
5acf237f-7b18-41f8-b081-ee95f05ce947,c9549b4e-052f-421d-b8f7-e4aa2078007e,2026-05-16T13:48:54.151Z,0,,29.4376220703125,69.439453125,29.325210571289062,100198.796875,29.152633666992188,100547.75,42.58064270019531,100468.375,19.438140869140625,0,-0.31982421875,-0.9013671875,0.062255859375,0,0,-1.5869140625,-7.50732421875,-3.173828125,0,0,"0",full
5acf237f-7b18-41f8-b081-ee95f05ce947,c9549b4e-052f-421d-b8f7-e4aa2078007e,2026-05-16T13:48:54.196Z,0,,29.4376220703125,69.439453125,29.339157104492188,100124.46875,29.15631103515625,100546.421875,42.57958984375,100468.40625,19.438140869140625,0,-0.371337890625,-0.94482421875,0.12890625,0,0,-5.79833984375,-5.18798828125,-5.92041015625,0,0,"0",full
5acf237f-7b18-41f8-b081-ee95f05ce947,c9549b4e-052f-421d-b8f7-e4aa2078007e,2026-05-16T13:48:54.212Z,0,,29.609222412109375,75.8328857421875,29.340652465820312,100116.046875,29.15631103515625,100546.421875,42.57958984375,100468.40625,19.466459274291992,0,-0.371337890625,-0.94482421875,0.12890625,0,0,-5.79833984375,-5.18798828125,-5.92041015625,0,0,"0",full
5acf237f-7b18-41f8-b081-ee95f05ce947,c9549b4e-052f-421d-b8f7-e4aa2078007e,2026-05-16T13:48:54.316Z,0,,29.609222412109375,75.8328857421875,29.340652465820312,100116.046875,29.15631103515625,100546.421875,42.57688903808594,100468.375,19.466459274291992,0,-0.371337890625,-0.94482421875,0.12890625,0,0,-5.79833984375,-5.18798828125,-5.92041015625,0,0,"0",full
5acf237f-7b18-41f8-b081-ee95f05ce947,c9549b4e-052f-421d-b8f7-e4aa2078007e,2026-05-16T13:48:54.339Z,0,,29.609222412109375,75.8328857421875,29.348556518554688,100087.5,29.157913208007812,100545.75,42.57688903808594,100468.375,19.466459274291992,0,-0.383056640625,-0.9150390625,0.113525390625,0,0,-1.708984375,0.732421875,-2.13623046875,0,0,"0",full
5acf237f-7b18-41f8-b081-ee95f05ce947,c9549b4e-052f-421d-b8f7-e4aa2078007e,2026-05-16T13:48:54.406Z,0,,29.609222412109375,75.8328857421875,29.348556518554688,100087.5,29.157913208007812,100545.75,42.57562255859375,100468.328125,19.466459274291992,0,-0.383056640625,-0.9150390625,0.113525390625,0,0,-1.708984375,0.732421875,-2.13623046875,0,0,"0",full
5acf237f-7b18-41f8-b081-ee95f05ce947,c9549b4e-052f-421d-b8f7-e4aa2078007e,2026-05-16T13:48:54.464Z,0,,29.609222412109375,75.8328857421875,29.362380981445312,100049.0625,29.157745361328125,100544.8125,42.57453918457031,100468.3125,19.466459274291992,0,-0.390380859375,-0.9423828125,0.136962890625,0,0,0.18310546875,-0.54931640625,-3.662109375,0,0,"0",full
5acf237f-7b18-41f8-b081-ee95f05ce947,c9549b4e-052f-421d-b8f7-e4aa2078007e,2026-05-16T13:48:54.495Z,0,,29.66284942626953,80.0748291015625,29.362380981445312,100049.0625,29.157119750976562,100544.6875,42.575347900390625,100468.328125,19.494779586791992,0,-0.390380859375,-0.9423828125,0.136962890625,0,0,0.18310546875,-0.54931640625,-3.662109375,0,0,"0",full
5acf237f-7b18-41f8-b081-ee95f05ce947,c9549b4e-052f-421d-b8f7-e4aa2078007e,2026-05-16T13:48:54.586Z,0,,29.66284942626953,80.0748291015625,29.362380981445312,100049.0625,29.157119750976562,100544.6875,42.57373046875,100468.34375,19.494779586791992,0,-0.390380859375,-0.9423828125,0.136962890625,0,0,0.18310546875,-0.54931640625,-3.662109375,0,0,"0",full
5acf237f-7b18-41f8-b081-ee95f05ce947,c9549b4e-052f-421d-b8f7-e4aa2078007e,2026-05-16T13:48:54.615Z,0,,29.66284942626953,80.0748291015625,29.370849609375,100033.4375,29.160079956054688,100544.03125,42.57325744628906,100468.359375,19.494779586791992,0,-0.4384765625,-0.950439453125,0.093505859375,0,0,0.67138671875,2.3193359375,-0.8544921875,0,0,"0",full
5acf237f-7b18-41f8-b081-ee95f05ce947,c9549b4e-052f-421d-b8f7-e4aa2078007e,2026-05-16T13:48:54.693Z,0,,29.66284942626953,80.0748291015625,29.370849609375,100033.4375,29.160079956054688,100544.03125,42.572174072265625,100468.328125,19.494779586791992,0,-0.4384765625,-0.950439453125,0.093505859375,0,0,0.67138671875,2.3193359375,-0.8544921875,0,0,"0",full
5acf237f-7b18-41f8-b081-ee95f05ce947,c9549b4e-052f-421d-b8f7-e4aa2078007e,2026-05-16T13:48:54.781Z,0,,29.66284942626953,80.0748291015625,29.376495361328125,100019.53125,29.158966064453125,100543.21875,42.57044982910156,100468.375,19.494779586791992,0,-0.3779296875,-0.9423828125,0.09912109375,0,0,4.69970703125,1.3427734375,4.57763671875,0,0,"0",full
5acf237f-7b18-41f8-b081-ee95f05ce947,c9549b4e-052f-421d-b8f7-e4aa2078007e,2026-05-16T13:48:54.782Z,0,,29.684295654296875,83.04266357421875,29.376495361328125,100019.53125,29.158966064453125,100543.21875,42.57044982910156,100468.375,19.438140869140625,0,-0.375244140625,-0.90966796875,0.159423828125,0,0,4.150390625,2.3193359375,3.5400390625,0,0,"0",full
5acf237f-7b18-41f8-b081-ee95f05ce947,c9549b4e-052f-421d-b8f7-e4aa2078007e,2026-05-16T13:48:54.857Z,0,,29.684295654296875,83.04266357421875,29.376495361328125,100019.53125,29.158966064453125,100543.21875,42.572235107421875,100468.328125,19.438140869140625,0,-0.375244140625,-0.90966796875,0.159423828125,0,0,4.150390625,2.3193359375,3.5400390625,0,0,"0",full
5acf237f-7b18-41f8-b081-ee95f05ce947,c9549b4e-052f-421d-b8f7-e4aa2078007e,2026-05-16T13:48:54.881Z,0,,29.684295654296875,83.04266357421875,29.375747680664062,100014.0625,29.160003662109375,100542.90625,42.572235107421875,100468.328125,19.438140869140625,0,-0.375244140625,-0.893310546875,0.07861328125,0,0,7.26318359375,3.5400390625,7.32421875,0,0,"0",full
5acf237f-7b18-41f8-b081-ee95f05ce947,c9549b4e-052f-421d-b8f7-e4aa2078007e,2026-05-16T13:48:54.947Z,0,,29.684295654296875,83.04266357421875,29.375747680664062,100014.0625,29.160003662109375,100542.90625,42.57252502441406,100468.234375,19.438140869140625,0,-0.375244140625,-0.893310546875,0.07861328125,0,0,7.26318359375,3.5400390625,7.32421875,0,0,"0",full
5acf237f-7b18-41f8-b081-ee95f05ce947,c9549b4e-052f-421d-b8f7-e4aa2078007e,2026-05-16T13:48:55.008Z,0,,29.684295654296875,83.04266357421875,29.37799072265625,100022.28125,29.159576416015625,100542.75,42.571868896484375,100468.234375,19.438140869140625,0,-0.317626953125,-0.87451171875,0.060546875,0,0,4.39453125,4.33349609375,18.1884765625,0,0,"0",full
5acf237f-7b18-41f8-b081-ee95f05ce947,c9549b4e-052f-421d-b8f7-e4aa2078007e,2026-05-16T13:48:55.037Z,0,,29.652122497558594,85.16363525390625,29.37799072265625,100022.28125,29.159576416015625,100542.75,42.571868896484375,100468.234375,19.409820556640625,0,-0.317626953125,-0.87451171875,0.060546875,0,0,4.39453125,4.33349609375,18.1884765625,0,0,"0",full
5acf237f-7b18-41f8-b081-ee95f05ce947,c9549b4e-052f-421d-b8f7-e4aa2078007e,2026-05-16T13:48:55.127Z,0,,29.652122497558594,85.16363525390625,29.37799072265625,100022.28125,29.159576416015625,100542.75,42.57099914550781,100468.0625,19.409820556640625,0,-0.317626953125,-0.87451171875,0.060546875,0,0,4.39453125,4.33349609375,18.1884765625,0,0,"0",full
5acf237f-7b18-41f8-b081-ee95f05ce947,c9549b4e-052f-421d-b8f7-e4aa2078007e,2026-05-16T13:48:55.158Z,0,,29.652122497558594,85.16363525390625,29.369476318359375,100057.0625,29.159622192382812,100542.984375,42.57099914550781,100468.0625,19.409820556640625,0,-0.359619140625,-0.924560546875,0.092041015625,0,0,2.99072265625,0.06103515625,-6.65283203125,0,0,"0",full
5acf237f-7b18-41f8-b081-ee95f05ce947,c9549b4e-052f-421d-b8f7-e4aa2078007e,2026-05-16T13:48:55.231Z,0,,29.652122497558594,85.16363525390625,29.369476318359375,100057.0625,29.159622192382812,100542.984375,42.57012939453125,100468,19.409820556640625,0,-0.359619140625,-0.924560546875,0.092041015625,0,0,2.99072265625,0.06103515625,-6.65283203125,0,0,"0",full
5acf237f-7b18-41f8-b081-ee95f05ce947,c9549b4e-052f-421d-b8f7-e4aa2078007e,2026-05-16T13:48:55.291Z,0,,29.652122497558594,85.16363525390625,29.356689453125,100144.859375,29.161590576171875,100544.0625,42.570281982421875,100467.984375,19.409820556640625,0,-0.34716796875,-0.91357421875,0.062744140625,0,0,1.64794921875,4.21142578125,6.77490234375,0,0,"0",full
5acf237f-7b18-41f8-b081-ee95f05ce947,c9549b4e-052f-421d-b8f7-e4aa2078007e,2026-05-16T13:48:55.306Z,0,,29.426895141601562,84.20233154296875,29.356689453125,100144.859375,29.161087036132812,100544.359375,42.57221984863281,100467.953125,19.324859619140625,0,-0.35302734375,-0.904052734375,0.0693359375,0,0,2.3193359375,3.96728515625,7.87353515625,0,0,"0",full
5acf237f-7b18-41f8-b081-ee95f05ce947,c9549b4e-052f-421d-b8f7-e4aa2078007e,2026-05-16T13:48:55.397Z,0,,29.426895141601562,84.20233154296875,29.356689453125,100144.859375,29.161087036132812,100544.359375,42.56854248046875,100467.90625,19.324859619140625,0,-0.35302734375,-0.904052734375,0.0693359375,0,0,2.3193359375,3.96728515625,7.87353515625,0,0,"0",full
5acf237f-7b18-41f8-b081-ee95f05ce947,c9549b4e-052f-421d-b8f7-e4aa2078007e,2026-05-16T13:48:55.421Z,0,,29.426895141601562,84.20233154296875,29.34722900390625,100216,29.1605224609375,100546.03125,42.56819152832031,100467.90625,19.324859619140625,0,-0.33154296875,-0.966064453125,0.0830078125,0,0,2.38037109375,0,-0.54931640625,0,0,"0",full
5acf237f-7b18-41f8-b081-ee95f05ce947,c9549b4e-052f-421d-b8f7-e4aa2078007e,2026-05-16T13:48:55.517Z,0,,29.426895141601562,84.20233154296875,29.34722900390625,100216,29.1605224609375,100546.03125,42.567413330078125,100467.890625,19.324859619140625,0,-0.33154296875,-0.966064453125,0.0830078125,0,0,2.38037109375,0,-0.54931640625,0,0,"0",full
5acf237f-7b18-41f8-b081-ee95f05ce947,c9549b4e-052f-421d-b8f7-e4aa2078007e,2026-05-16T13:48:55.546Z,0,,29.426895141601562,84.20233154296875,29.334808349609375,100317.734375,29.157852172851562,100549.09375,42.565093994140625,100467.9375,19.324859619140625,0,-0.330322265625,-0.95166015625,0.074951171875,0,0,-0.67138671875,0.54931640625,-2.38037109375,0,0,"0",full
5acf237f-7b18-41f8-b081-ee95f05ce947,c9549b4e-052f-421d-b8f7-e4aa2078007e,2026-05-16T13:48:55.577Z,0,,29.39472198486328,77.19854736328125,29.334808349609375,100317.734375,29.157852172851562,100549.09375,42.565093994140625,100467.9375,19.324859619140625,0,-0.32861328125,-0.951416015625,0.088134765625,0,0,-1.953125,-1.220703125,-5.37109375,0,0,"0",full
5acf237f-7b18-41f8-b081-ee95f05ce947,c9549b4e-052f-421d-b8f7-e4aa2078007e,2026-05-16T13:48:55.667Z,0,,29.39472198486328,77.19854736328125,29.334808349609375,100317.734375,29.157852172851562,100549.09375,42.56364440917969,100467.890625,19.324859619140625,0,-0.32861328125,-0.951416015625,0.088134765625,0,0,-1.953125,-1.220703125,-5.37109375,0,0,"0",full
5acf237f-7b18-41f8-b081-ee95f05ce947,c9549b4e-052f-421d-b8f7-e4aa2078007e,2026-05-16T13:48:55.697Z,0,,29.39472198486328,77.19854736328125,29.331222534179688,100367.328125,29.159332275390625,100550.828125,42.56364440917969,100467.890625,19.324859619140625,0,-0.339599609375,-0.93115234375,0.08056640625,0,0,-1.52587890625,0.91552734375,1.64794921875,0,0,"0",full
5acf237f-7b18-41f8-b081-ee95f05ce947,c9549b4e-052f-421d-b8f7-e4aa2078007e,2026-05-16T13:48:55.778Z,0,,29.39472198486328,77.19854736328125,29.331222534179688,100367.328125,29.159332275390625,100550.828125,42.56121826171875,100467.75,19.324859619140625,0,-0.339599609375,-0.93115234375,0.08056640625,0,0,-1.52587890625,0.91552734375,1.64794921875,0,0,"0",full
5acf237f-7b18-41f8-b081-ee95f05ce947,c9549b4e-052f-421d-b8f7-e4aa2078007e,2026-05-16T13:48:55.831Z,0,,29.39472198486328,77.19854736328125,29.321975708007812,100423.28125,29.16156005859375,100551.84375,42.56178283691406,100467.78125,19.324859619140625,0,-0.367431640625,-0.923095703125,0.0830078125,0,0,-0.244140625,-0.79345703125,-4.638671875,0,0,"0",full
5acf237f-7b18-41f8-b081-ee95f05ce947,c9549b4e-052f-421d-b8f7-e4aa2078007e,2026-05-16T13:48:55.847Z,0,,29.383995056152344,71.46124267578125,29.321975708007812,100423.28125,29.16156005859375,100551.84375,42.56158447265625,100467.75,19.324859619140625,0,-0.367431640625,-0.923095703125,0.0830078125,0,0,-0.244140625,-0.79345703125,-4.638671875,0,0,"0",full
5acf237f-7b18-41f8-b081-ee95f05ce947,c9549b4e-052f-421d-b8f7-e4aa2078007e,2026-05-16T13:48:55.952Z,0,,29.383995056152344,71.46124267578125,29.321975708007812,100423.28125,29.16156005859375,100551.84375,42.559814453125,100467.75,19.324859619140625,0,-0.367431640625,-0.923095703125,0.0830078125,0,0,-0.244140625,-0.79345703125,-4.638671875,0,0,"0",full
5acf237f-7b18-41f8-b081-ee95f05ce947,c9549b4e-052f-421d-b8f7-e4aa2078007e,2026-05-16T13:48:55.975Z,0,,29.383995056152344,71.46124267578125,29.316848754882812,100443.125,29.160751342773438,100550.828125,42.56089782714844,100467.75,19.324859619140625,0,-0.26953125,-0.93896484375,0.081298828125,0,0,-3.41796875,-2.0751953125,-3.35693359375,0,0,"0",full
5acf237f-7b18-41f8-b081-ee95f05ce947,c9549b4e-052f-421d-b8f7-e4aa2078007e,2026-05-16T13:48:56.057Z,0,,29.383995056152344,71.46124267578125,29.316848754882812,100443.125,29.160751342773438,100550.828125,42.558074951171875,100467.765625,19.324859619140625,0,-0.26953125,-0.93896484375,0.081298828125,0,0,-3.41796875,-2.0751953125,-3.35693359375,0,0,"0",full
5acf237f-7b18-41f8-b081-ee95f05ce947,c9549b4e-052f-421d-b8f7-e4aa2078007e,2026-05-16T13:48:56.117Z,0,,29.383995056152344,71.46124267578125,29.318634033203125,100380.359375,29.160263061523438,100547.65625,42.558074951171875,100467.71875,19.324859619140625,0,-0.348876953125,-0.908447265625,0.046630859375,0,0,-1.220703125,-3.0517578125,-9.3994140625,0,0,"0",full
5acf237f-7b18-41f8-b081-ee95f05ce947,c9549b4e-052f-421d-b8f7-e4aa2078007e,2026-05-16T13:48:56.131Z,0,,29.40544891357422,68.05853271484375,29.319503784179688,100365.234375,29.161270141601562,100547.484375,42.558074951171875,100467.71875,19.381500244140625,0,-0.347412109375,-0.9052734375,0.062744140625,0,0,-1.52587890625,-3.2958984375,-8.11767578125,0,0,"0",full
5acf237f-7b18-41f8-b081-ee95f05ce947,c9549b4e-052f-421d-b8f7-e4aa2078007e,2026-05-16T13:48:56.207Z,0,,29.40544891357422,68.05853271484375,29.319503784179688,100365.234375,29.161270141601562,100547.484375,42.55671691894531,100467.703125,19.381500244140625,0,-0.347412109375,-0.9052734375,0.062744140625,0,0,-1.52587890625,-3.2958984375,-8.11767578125,0,0,"0",full
5acf237f-7b18-41f8-b081-ee95f05ce947,c9549b4e-052f-421d-b8f7-e4aa2078007e,2026-05-16T13:48:56.237Z,0,,29.40544891357422,68.05853271484375,29.329727172851562,100284.09375,29.160858154296875,100546.484375,42.55671691894531,100467.703125,19.381500244140625,0,-0.414306640625,-0.946533203125,0.120361328125,0,0,-3.7841796875,-8.4228515625,-6.591796875,0,0,"0",full
5acf237f-7b18-41f8-b081-ee95f05ce947,c9549b4e-052f-421d-b8f7-e4aa2078007e,2026-05-16T13:48:56.327Z,0,,29.40544891357422,68.05853271484375,29.329727172851562,100284.09375,29.160858154296875,100546.484375,42.55476379394531,100467.734375,19.381500244140625,0,-0.414306640625,-0.946533203125,0.120361328125,0,0,-3.7841796875,-8.4228515625,-6.591796875,0,0,"0",full
5acf237f-7b18-41f8-b081-ee95f05ce947,c9549b4e-052f-421d-b8f7-e4aa2078007e,2026-05-16T13:48:56.371Z,0,,29.40544891357422,68.05853271484375,29.345916748046875,100186.640625,29.162155151367188,100545.3125,42.55543518066406,100467.71875,19.381500244140625,0,-0.3583984375,-0.923095703125,0.085693359375,0,0,1.15966796875,3.90625,6.89697265625,0,0,"0",full
5acf237f-7b18-41f8-b081-ee95f05ce947,c9549b4e-052f-421d-b8f7-e4aa2078007e,2026-05-16T13:48:56.386Z,0,,29.566322326660156,72.97186279296875,29.345916748046875,100186.640625,29.162155151367188,100545.3125,42.55543518066406,100467.71875,19.438140869140625,0,-0.349609375,-0.902099609375,0.075439453125,0,0,1.5869140625,3.84521484375,6.89697265625,0,0,"0",full
5acf237f-7b18-41f8-b081-ee95f05ce947,c9549b4e-052f-421d-b8f7-e4aa2078007e,2026-05-16T13:48:56.491Z,0,,29.566322326660156,72.97186279296875,29.345916748046875,100186.640625,29.162155151367188,100545.3125,42.55665588378906,100467.671875,19.438140869140625,0,-0.349609375,-0.902099609375,0.075439453125,0,0,1.5869140625,3.84521484375,6.89697265625,0,0,"0",full
5acf237f-7b18-41f8-b081-ee95f05ce947,c9549b4e-052f-421d-b8f7-e4aa2078007e,2026-05-16T13:48:56.521Z,0,,29.566322326660156,72.97186279296875,29.357086181640625,100135.921875,29.1636962890625,100544.5,42.55665588378906,100467.671875,19.438140869140625,0,-0.31689453125,-0.896240234375,0.0673828125,0,0,-1.03759765625,-4.57763671875,-5.92041015625,0,0,"0",full
5acf237f-7b18-41f8-b081-ee95f05ce947,c9549b4e-052f-421d-b8f7-e4aa2078007e,2026-05-16T13:48:56.596Z,0,,29.566322326660156,72.97186279296875,29.357086181640625,100135.921875,29.1636962890625,100544.5,42.55625915527344,100467.65625,19.438140869140625,0,-0.31689453125,-0.896240234375,0.0673828125,0,0,-1.03759765625,-4.57763671875,-5.92041015625,0,0,"0",full
5acf237f-7b18-41f8-b081-ee95f05ce947,c9549b4e-052f-421d-b8f7-e4aa2078007e,2026-05-16T13:48:56.656Z,0,,29.566322326660156,72.97186279296875,29.366012573242188,100086.234375,29.162384033203125,100543.359375,42.55580139160156,100467.671875,19.438140869140625,0,-0.35107421875,-0.91455078125,0.09716796875,0,0,-2.50244140625,0.8544921875,-3.41796875,0,0,"0",full
5acf237f-7b18-41f8-b081-ee95f05ce947,c9549b4e-052f-421d-b8f7-e4aa2078007e,2026-05-16T13:48:56.673Z,0,,29.67357635498047,78.2437744140625,29.367141723632812,100080.546875,29.162353515625,100543.234375,42.55363464355469,100467.640625,19.466459274291992,0,-0.35107421875,-0.91455078125,0.09716796875,0,0,-2.50244140625,0.8544921875,-3.41796875,0,0,"0",full
5acf237f-7b18-41f8-b081-ee95f05ce947,c9549b4e-052f-421d-b8f7-e4aa2078007e,2026-05-16T13:48:56.747Z,0,,29.67357635498047,78.2437744140625,29.367141723632812,100080.546875,29.162353515625,100543.234375,42.55232238769531,100467.578125,19.466459274291992,0,-0.35107421875,-0.91455078125,0.09716796875,0,0,-2.50244140625,0.8544921875,-3.41796875,0,0,"0",full
5acf237f-7b18-41f8-b081-ee95f05ce947,c9549b4e-052f-421d-b8f7-e4aa2078007e,2026-05-16T13:48:56.777Z,0,,29.67357635498047,78.2437744140625,29.373046875,100057.171875,29.165283203125,100542.734375,42.55143737792969,100467.59375,19.466459274291992,0,-0.4169921875,-0.92626953125,0.07470703125,0,0,0.42724609375,1.220703125,-1.0986328125,0,0,"0",full
5acf237f-7b18-41f8-b081-ee95f05ce947,c9549b4e-052f-421d-b8f7-e4aa2078007e,2026-05-16T13:48:56.867Z,0,,29.67357635498047,78.2437744140625,29.373046875,100057.171875,29.165283203125,100542.734375,42.552032470703125,100467.546875,19.466459274291992,0,-0.4169921875,-0.92626953125,0.07470703125,0,0,0.42724609375,1.220703125,-1.0986328125,0,0,"0",full
5acf237f-7b18-41f8-b081-ee95f05ce947,c9549b4e-052f-421d-b8f7-e4aa2078007e,2026-05-16T13:48:56.925Z,0,,29.67357635498047,78.2437744140625,29.380950927734375,100035.078125,29.167388916015625,100541.6875,42.551910400390625,100467.609375,19.466459274291992,0,-0.34521484375,-0.904296875,0.062255859375,0,0,1.5869140625,-1.03759765625,5.7373046875,0,0,"0",full
5acf237f-7b18-41f8-b081-ee95f05ce947,c9549b4e-052f-421d-b8f7-e4aa2078007e,2026-05-16T13:48:56.957Z,0,,29.695022583007812,81.6922607421875,29.380950927734375,100035.078125,29.167388916015625,100541.6875,42.551910400390625,100467.609375,19.438140869140625,0,-0.385498046875,-0.915771484375,0.060791015625,0,0,1.953125,-0.1220703125,5.55419921875,0,0,"0",full
5acf237f-7b18-41f8-b081-ee95f05ce947,c9549b4e-052f-421d-b8f7-e4aa2078007e,2026-05-16T13:48:57.031Z,0,,29.695022583007812,81.6922607421875,29.380950927734375,100035.078125,29.167388916015625,100541.6875,42.55145263671875,100467.65625,19.438140869140625,0,-0.385498046875,-0.915771484375,0.060791015625,0,0,1.953125,-0.1220703125,5.55419921875,0,0,"0",full
5acf237f-7b18-41f8-b081-ee95f05ce947,c9549b4e-052f-421d-b8f7-e4aa2078007e,2026-05-16T13:48:57.054Z,0,,29.695022583007812,81.6922607421875,29.383285522460938,100025.90625,29.167098999023438,100541.40625,42.55145263671875,100467.65625,19.438140869140625,0,-0.346435546875,-0.92041015625,0.093505859375,0,0,0,-0.6103515625,-2.86865234375,0,0,"0",full
5acf237f-7b18-41f8-b081-ee95f05ce947,c9549b4e-052f-421d-b8f7-e4aa2078007e,2026-05-16T13:48:57.152Z,0,,29.695022583007812,81.6922607421875,29.383285522460938,100025.90625,29.167098999023438,100541.40625,42.551055908203125,100467.6875,19.438140869140625,0,-0.346435546875,-0.92041015625,0.093505859375,0,0,0,-0.6103515625,-2.86865234375,0,0,"0",full
5acf237f-7b18-41f8-b081-ee95f05ce947,c9549b4e-052f-421d-b8f7-e4aa2078007e,2026-05-16T13:48:57.196Z,0,,29.695022583007812,81.6922607421875,29.385971069335938,100021.765625,29.168914794921875,100541,42.551361083984375,100467.65625,19.438140869140625,0,-0.384521484375,-0.92236328125,0.0849609375,0,0,2.86865234375,-1.89208984375,-4.82177734375,0,0,"0",full
5acf237f-7b18-41f8-b081-ee95f05ce947,c9549b4e-052f-421d-b8f7-e4aa2078007e,2026-05-16T13:48:57.211Z,0,,29.67357635498047,84.118408203125,29.3848876953125,100023.1875,29.168914794921875,100541,42.550506591796875,100467.65625,19.409820556640625,0,-0.363525390625,-0.918701171875,0.0810546875,0,0,3.35693359375,-1.77001953125,-2.50244140625,0,0,"0",full
5acf237f-7b18-41f8-b081-ee95f05ce947,c9549b4e-052f-421d-b8f7-e4aa2078007e,2026-05-16T13:48:57.330Z,0,,29.67357635498047,84.118408203125,29.3848876953125,100023.1875,29.168914794921875,100541,42.54931640625,100467.625,19.409820556640625,0,-0.363525390625,-0.918701171875,0.0810546875,0,0,3.35693359375,-1.77001953125,-2.50244140625,0,0,"0",full
5acf237f-7b18-41f8-b081-ee95f05ce947,c9549b4e-052f-421d-b8f7-e4aa2078007e,2026-05-16T13:48:57.331Z,0,,29.67357635498047,84.118408203125,29.37890625,100046.984375,29.169113159179688,100541.296875,42.549468994140625,100467.625,19.409820556640625,0,-0.4111328125,-0.92236328125,0.04638671875,0,0,4.638671875,1.40380859375,6.34765625,0,0,"0",full
5acf237f-7b18-41f8-b081-ee95f05ce947,c9549b4e-052f-421d-b8f7-e4aa2078007e,2026-05-16T13:48:57.406Z,0,,29.67357635498047,84.118408203125,29.37890625,100046.984375,29.169113159179688,100541.296875,42.549774169921875,100467.578125,19.409820556640625,0,-0.4111328125,-0.92236328125,0.04638671875,0,0,4.638671875,1.40380859375,6.34765625,0,0,"0",full
5acf237f-7b18-41f8-b081-ee95f05ce947,c9549b4e-052f-421d-b8f7-e4aa2078007e,2026-05-16T13:48:57.470Z,0,,29.67357635498047,84.118408203125,29.368881225585938,100122.953125,29.167251586914062,100542.390625,42.54986572265625,100467.59375,19.409820556640625,0,-0.413330078125,-0.940673828125,0.079833984375,0,0,2.197265625,2.13623046875,-0.8544921875,0,0,"0",full
5acf237f-7b18-41f8-b081-ee95f05ce947,c9549b4e-052f-421d-b8f7-e4aa2078007e,2026-05-16T13:48:57.500Z,0,,29.491249084472656,84.5914306640625,29.368881225585938,100122.953125,29.167404174804688,100542.625,42.54986572265625,100467.59375,19.353179931640625,0,-0.413330078125,-0.940673828125,0.079833984375,0,0,2.197265625,2.13623046875,-0.8544921875,0,0,"0",full
5acf237f-7b18-41f8-b081-ee95f05ce947,c9549b4e-052f-421d-b8f7-e4aa2078007e,2026-05-16T13:48:57.573Z,0,,29.491249084472656,84.5914306640625,29.368881225585938,100122.953125,29.167404174804688,100542.625,42.546905517578125,100467.484375,19.353179931640625,0,-0.413330078125,-0.940673828125,0.079833984375,0,0,2.197265625,2.13623046875,-0.8544921875,0,0,"0",full
5acf237f-7b18-41f8-b081-ee95f05ce947,c9549b4e-052f-421d-b8f7-e4aa2078007e,2026-05-16T13:48:57.595Z,0,,29.491249084472656,84.5914306640625,29.360610961914062,100192.703125,29.166351318359375,100544.171875,42.546905517578125,100467.484375,19.353179931640625,0,-0.31640625,-0.926025390625,0.06005859375,0,0,6.04248046875,7.32421875,16.4794921875,0,0,"0",full
5acf237f-7b18-41f8-b081-ee95f05ce947,c9549b4e-052f-421d-b8f7-e4aa2078007e,2026-05-16T13:48:57.691Z,0,,29.491249084472656,84.5914306640625,29.360610961914062,100192.703125,29.166351318359375,100544.171875,42.54742431640625,100467.453125,19.353179931640625,0,-0.31640625,-0.926025390625,0.06005859375,0,0,6.04248046875,7.32421875,16.4794921875,0,0,"0",full
5acf237f-7b18-41f8-b081-ee95f05ce947,c9549b4e-052f-421d-b8f7-e4aa2078007e,2026-05-16T13:48:57.735Z,0,,29.491249084472656,84.5914306640625,29.351043701171875,100287.8125,29.167633056640625,100546.8125,42.547393798828125,100467.4375,19.353179931640625,0,-0.357177734375,-0.903076171875,0.03857421875,0,0,3.2958984375,-1.5869140625,-2.0751953125,0,0,"0",full
5acf237f-7b18-41f8-b081-ee95f05ce947,c9549b4e-052f-421d-b8f7-e4aa2078007e,2026-05-16T13:48:57.751Z,0,,29.416168212890625,78.09881591796875,29.350830078125,100300.125,29.167633056640625,100546.8125,42.547515869140625,100467.390625,19.324859619140625,0,-0.360107421875,-0.928955078125,0.057861328125,0,0,3.72314453125,0.30517578125,0.48828125,0,0,"0",full
5acf237f-7b18-41f8-b081-ee95f05ce947,c9549b4e-052f-421d-b8f7-e4aa2078007e,2026-05-16T13:48:57.857Z,0,,29.416168212890625,78.09881591796875,29.350830078125,100300.125,29.167633056640625,100546.8125,42.54743957519531,100467.296875,19.324859619140625,0,-0.360107421875,-0.928955078125,0.057861328125,0,0,3.72314453125,0.30517578125,0.48828125,0,0,"0",full
5acf237f-7b18-41f8-b081-ee95f05ce947,c9549b4e-052f-421d-b8f7-e4aa2078007e,2026-05-16T13:48:57.885Z,0,,29.416168212890625,78.09881591796875,29.347915649414062,100354.875,29.169387817382812,100548.515625,42.54743957519531,100467.296875,19.324859619140625,0,-0.325927734375,-0.92431640625,0.044189453125,0,0,0.42724609375,2.9296875,2.38037109375,0,0,"0",full
5acf237f-7b18-41f8-b081-ee95f05ce947,c9549b4e-052f-421d-b8f7-e4aa2078007e,2026-05-16T13:48:57.945Z,0,,29.416168212890625,78.09881591796875,29.347915649414062,100354.875,29.169387817382812,100548.515625,42.54640197753906,100467.265625,19.324859619140625,0,-0.325927734375,-0.92431640625,0.044189453125,0,0,0.42724609375,2.9296875,2.38037109375,0,0,"0",full
5acf237f-7b18-41f8-b081-ee95f05ce947,c9549b4e-052f-421d-b8f7-e4aa2078007e,2026-05-16T13:48:58.006Z,0,,29.416168212890625,78.09881591796875,29.338027954101562,100413.25,29.167129516601562,100550.421875,42.544830322265625,100467.234375,19.324859619140625,0,-0.292236328125,-0.922607421875,0.0439453125,0,0,1.0986328125,2.8076171875,7.2021484375,0,0,"0",full
5acf237f-7b18-41f8-b081-ee95f05ce947,c9549b4e-052f-421d-b8f7-e4aa2078007e,2026-05-16T13:48:58.036Z,0,,29.40544891357422,72.0487060546875,29.338027954101562,100413.25,29.167129516601562,100550.421875,42.544830322265625,100467.234375,19.353179931640625,0,-0.292236328125,-0.922607421875,0.0439453125,0,0,1.0986328125,2.8076171875,7.2021484375,0,0,"0",full
5acf237f-7b18-41f8-b081-ee95f05ce947,c9549b4e-052f-421d-b8f7-e4aa2078007e,2026-05-16T13:48:58.110Z,0,,29.40544891357422,72.0487060546875,29.338027954101562,100413.25,29.167129516601562,100550.421875,42.542205810546875,100467.1875,19.353179931640625,0,-0.292236328125,-0.922607421875,0.0439453125,0,0,1.0986328125,2.8076171875,7.2021484375,0,0,"0",full
5acf237f-7b18-41f8-b081-ee95f05ce947,c9549b4e-052f-421d-b8f7-e4aa2078007e,2026-05-16T13:48:58.132Z,0,,29.40544891357422,72.0487060546875,29.331451416015625,100443.828125,29.166122436523438,100551.203125,42.54048156738281,100467.1875,19.353179931640625,0,-0.31787109375,-0.933837890625,0.030029296875,0,0,-0.732421875,0.54931640625,-1.953125,0,0,"0",full
5acf237f-7b18-41f8-b081-ee95f05ce947,c9549b4e-052f-421d-b8f7-e4aa2078007e,2026-05-16T13:48:58.231Z,0,,29.40544891357422,72.0487060546875,29.331451416015625,100443.828125,29.166122436523438,100551.203125,42.53887939453125,100467.140625,19.353179931640625,0,-0.31787109375,-0.933837890625,0.030029296875,0,0,-0.732421875,0.54931640625,-1.953125,0,0,"0",full
5acf237f-7b18-41f8-b081-ee95f05ce947,c9549b4e-052f-421d-b8f7-e4aa2078007e,2026-05-16T13:48:58.291Z,0,,29.40544891357422,72.0487060546875,29.328140258789062,100453,29.165130615234375,100548.890625,42.53718566894531,100467.140625,19.353179931640625,0,-0.30322265625,-0.91748046875,0.04638671875,0,0,-0.244140625,-0.91552734375,0.1220703125,0,0,"0",full
5acf237f-7b18-41f8-b081-ee95f05ce947,c9549b4e-052f-421d-b8f7-e4aa2078007e,2026-05-16T13:48:58.306Z,0,,29.39472198486328,68.19586181640625,29.328155517578125,100445.5625,29.165054321289062,100548.296875,42.53718566894531,100467.140625,19.409820556640625,0,-0.30322265625,-0.91748046875,0.04638671875,0,0,-0.244140625,-0.91552734375,0.1220703125,0,0,"0",full
5acf237f-7b18-41f8-b081-ee95f05ce947,c9549b4e-052f-421d-b8f7-e4aa2078007e,2026-05-16T13:48:58.396Z,0,,29.39472198486328,68.19586181640625,29.328155517578125,100445.5625,29.165054321289062,100548.296875,42.537384033203125,100467.234375,19.409820556640625,0,-0.30322265625,-0.91748046875,0.04638671875,0,0,-0.244140625,-0.91552734375,0.1220703125,0,0,"0",full
5acf237f-7b18-41f8-b081-ee95f05ce947,c9549b4e-052f-421d-b8f7-e4aa2078007e,2026-05-16T13:48:58.419Z,0,,29.39472198486328,68.19586181640625,29.3345947265625,100377.03125,29.167800903320312,100546.3125,42.537384033203125,100467.234375,19.409820556640625,0,-0.32080078125,-0.9130859375,0.051513671875,0,0,-1.64794921875,1.0986328125,-1.46484375,0,0,"0",full
5acf237f-7b18-41f8-b081-ee95f05ce947,c9549b4e-052f-421d-b8f7-e4aa2078007e,2026-05-16T13:48:58.487Z,0,,29.39472198486328,68.19586181640625,29.3345947265625,100377.03125,29.167800903320312,100546.3125,42.536834716796875,100467.25,19.409820556640625,0,-0.32080078125,-0.9130859375,0.051513671875,0,0,-1.64794921875,1.0986328125,-1.46484375,0,0,"0",full
5acf237f-7b18-41f8-b081-ee95f05ce947,c9549b4e-052f-421d-b8f7-e4aa2078007e,2026-05-16T13:48:58.546Z,0,,29.39472198486328,68.19586181640625,29.350540161132812,100258.4375,29.169570922851562,100544.703125,42.53753662109375,100467.28125,19.409820556640625,0,-0.33740234375,-0.940185546875,0.052001953125,0,0,-4.8828125,-2.86865234375,-4.21142578125,0,0,"0",full
5acf237f-7b18-41f8-b081-ee95f05ce947,c9549b4e-052f-421d-b8f7-e4aa2078007e,2026-05-16T13:48:58.576Z,0,,29.501976013183594,69.08087158203125,29.350540161132812,100258.4375,29.169570922851562,100544.703125,42.53791809082031,100467.296875,19.438140869140625,0,-0.324462890625,-0.911376953125,0.045166015625,0,0,-3.5400390625,-2.3193359375,-4.82177734375,0,0,"0",full
5acf237f-7b18-41f8-b081-ee95f05ce947,c9549b4e-052f-421d-b8f7-e4aa2078007e,2026-05-16T13:48:58.667Z,0,,29.501976013183594,69.08087158203125,29.350540161132812,100258.4375,29.169570922851562,100544.703125,42.536773681640625,100467.359375,19.438140869140625,0,-0.324462890625,-0.911376953125,0.045166015625,0,0,-3.5400390625,-2.3193359375,-4.82177734375,0,0,"0",full
5acf237f-7b18-41f8-b081-ee95f05ce947,c9549b4e-052f-421d-b8f7-e4aa2078007e,2026-05-16T13:48:58.696Z,0,,29.501976013183594,69.08087158203125,29.363250732421875,100190.21875,29.171066284179688,100543.671875,42.536712646484375,100467.40625,19.438140869140625,0,-0.3291015625,-0.941650390625,0.0625,0,0,-0.732421875,1.708984375,-1.708984375,0,0,"0",full
5acf237f-7b18-41f8-b081-ee95f05ce947,c9549b4e-052f-421d-b8f7-e4aa2078007e,2026-05-16T13:48:58.771Z,0,,29.501976013183594,69.08087158203125,29.363250732421875,100190.21875,29.171066284179688,100543.671875,42.535919189453125,100467.46875,19.438140869140625,0,-0.3291015625,-0.941650390625,0.0625,0,0,-0.732421875,1.708984375,-1.708984375,0,0,"0",full
5acf237f-7b18-41f8-b081-ee95f05ce947,c9549b4e-052f-421d-b8f7-e4aa2078007e,2026-05-16T13:48:58.830Z,0,,29.501976013183594,69.08087158203125,29.379425048828125,100118.140625,29.172332763671875,100542.765625,42.53297424316406,100467.5,19.438140869140625,0,-0.33203125,-0.9228515625,0.0693359375,0,0,-1.0986328125,2.50244140625,5.9814453125,0,0,"0",full
5acf237f-7b18-41f8-b081-ee95f05ce947,c9549b4e-052f-421d-b8f7-e4aa2078007e,2026-05-16T13:48:58.846Z,0,,29.67357635498047,75.62689208984375,29.381851196289062,100110.28125,29.17242431640625,100542.671875,42.53297424316406,100467.5,19.494779586791992,0,-0.33203125,-0.9228515625,0.0693359375,0,0,-1.0986328125,2.50244140625,5.9814453125,0,0,"0",full
5acf237f-7b18-41f8-b081-ee95f05ce947,c9549b4e-052f-421d-b8f7-e4aa2078007e,2026-05-16T13:48:58.936Z,0,,29.67357635498047,75.62689208984375,29.381851196289062,100110.28125,29.17242431640625,100542.671875,42.53178405761719,100467.65625,19.494779586791992,0,-0.33203125,-0.9228515625,0.0693359375,0,0,-1.0986328125,2.50244140625,5.9814453125,0,0,"0",full
5acf237f-7b18-41f8-b081-ee95f05ce947,c9549b4e-052f-421d-b8f7-e4aa2078007e,2026-05-16T13:48:58.960Z,0,,29.67357635498047,75.62689208984375,29.387847900390625,100078.515625,29.174209594726562,100542.25,42.53178405761719,100467.65625,19.494779586791992,0,-0.29345703125,-0.920654296875,0.06884765625,0,0,0.9765625,2.13623046875,1.0986328125,0,0,"0",full
5acf237f-7b18-41f8-b081-ee95f05ce947,c9549b4e-052f-421d-b8f7-e4aa2078007e,2026-05-16T13:48:59.057Z,0,,29.67357635498047,75.62689208984375,29.387847900390625,100078.515625,29.174209594726562,100542.25,42.53334045410156,100467.6875,19.494779586791992,0,-0.29345703125,-0.920654296875,0.06884765625,0,0,0.9765625,2.13623046875,1.0986328125,0,0,"0",full
5acf237f-7b18-41f8-b081-ee95f05ce947,c9549b4e-052f-421d-b8f7-e4aa2078007e,2026-05-16T13:48:59.086Z,0,,29.67357635498047,75.62689208984375,29.397262573242188,100048.5625,29.179092407226562,100541.203125,42.532562255859375,100467.703125,19.494779586791992,0,-0.334228515625,-0.926025390625,0.08349609375,0,0,1.28173828125,-2.99072265625,-10.55908203125,0,0,"0",full
5acf237f-7b18-41f8-b081-ee95f05ce947,c9549b4e-052f-421d-b8f7-e4aa2078007e,2026-05-16T13:48:59.115Z,0,,29.716476440429688,79.88409423828125,29.397262573242188,100048.5625,29.179092407226562,100541.203125,42.53251647949219,100467.71875,19.494779586791992,0,-0.334228515625,-0.926025390625,0.08349609375,0,0,1.28173828125,-2.99072265625,-10.55908203125,0,0,"0",full
5acf237f-7b18-41f8-b081-ee95f05ce947,c9549b4e-052f-421d-b8f7-e4aa2078007e,2026-05-16T13:48:59.206Z,0,,29.716476440429688,79.88409423828125,29.397262573242188,100048.5625,29.179092407226562,100541.203125,42.53364562988281,100467.78125,19.494779586791992,0,-0.334228515625,-0.926025390625,0.08349609375,0,0,1.28173828125,-2.99072265625,-10.55908203125,0,0,"0",full
5acf237f-7b18-41f8-b081-ee95f05ce947,c9549b4e-052f-421d-b8f7-e4aa2078007e,2026-05-16T13:48:59.238Z,0,,29.716476440429688,79.88409423828125,29.401641845703125,100034.421875,29.17767333984375,100540.640625,42.53364562988281,100467.78125,19.494779586791992,0,-0.373779296875,-0.938720703125,0.0673828125,0,0,-0.18310546875,1.708984375,0.732421875,0,0,"0",full
5acf237f-7b18-41f8-b081-ee95f05ce947,c9549b4e-052f-421d-b8f7-e4aa2078007e,2026-05-16T13:48:59.311Z,0,,29.716476440429688,79.88409423828125,29.401641845703125,100034.421875,29.17767333984375,100540.640625,42.53349304199219,100467.875,19.494779586791992,0,-0.373779296875,-0.938720703125,0.0673828125,0,0,-0.18310546875,1.708984375,0.732421875,0,0,"0",full
5acf237f-7b18-41f8-b081-ee95f05ce947,c9549b4e-052f-421d-b8f7-e4aa2078007e,2026-05-16T13:48:59.370Z,0,,29.716476440429688,79.88409423828125,29.40582275390625,100022.453125,29.178863525390625,100540.234375,42.53204345703125,100467.90625,19.494779586791992,0,-0.364990234375,-0.919921875,0.072509765625,0,0,1.5869140625,4.0283203125,4.39453125,0,0,"0",full
5acf237f-7b18-41f8-b081-ee95f05ce947,c9549b4e-052f-421d-b8f7-e4aa2078007e,2026-05-16T13:48:59.390Z,0,,29.716476440429688,82.8671875,29.405075073242188,100021.453125,29.178863525390625,100540.234375,42.53204345703125,100467.90625,19.459379196166992,0,-0.439697265625,-0.939697265625,0.10595703125,0,0,0.18310546875,2.86865234375,-1.15966796875,0,0,"0",full
5acf237f-7b18-41f8-b081-ee95f05ce947,c9549b4e-052f-421d-b8f7-e4aa2078007e,2026-05-16T13:48:59.507Z,0,,29.716476440429688,82.8671875,29.405075073242188,100021.453125,29.178863525390625,100540.234375,42.53111267089844,100467.859375,19.459379196166992,0,-0.439697265625,-0.939697265625,0.10595703125,0,0,0.18310546875,2.86865234375,-1.15966796875,0,0,"0",full
5acf237f-7b18-41f8-b081-ee95f05ce947,c9549b4e-052f-421d-b8f7-e4aa2078007e,2026-05-16T13:48:59.508Z,0,,29.716476440429688,82.8671875,29.401885986328125,100026.5,29.181884765625,100540.1875,42.53111267089844,100467.859375,19.459379196166992,0,-0.279052734375,-0.907470703125,0.034912109375,0,0,3.2958984375,2.9296875,6.4697265625,0,0,"0",full
5acf237f-7b18-41f8-b081-ee95f05ce947,c9549b4e-052f-421d-b8f7-e4aa2078007e,2026-05-16T13:48:59.596Z,0,,29.716476440429688,82.8671875,29.401885986328125,100026.5,29.181884765625,100540.1875,42.53010559082031,100467.875,19.459379196166992,0,-0.279052734375,-0.907470703125,0.034912109375,0,0,3.2958984375,2.9296875,6.4697265625,0,0,"0",full
5acf237f-7b18-41f8-b081-ee95f05ce947,c9549b4e-052f-421d-b8f7-e4aa2078007e,2026-05-16T13:48:59.657Z,0,,29.716476440429688,82.8671875,29.393814086914062,100074.453125,29.178909301757812,100541.0625,42.5302734375,100467.90625,19.459379196166992,0,-0.31982421875,-0.924560546875,0.075927734375,0,0,-1.89208984375,-2.38037109375,-7.080078125,0,0,"0",full
5acf237f-7b18-41f8-b081-ee95f05ce947,c9549b4e-052f-421d-b8f7-e4aa2078007e,2026-05-16T13:48:59.679Z,0,,29.58777618408203,84.50750732421875,29.393814086914062,100074.453125,29.178375244140625,100541.203125,42.5302734375,100467.90625,19.438140869140625,0,-0.31982421875,-0.924560546875,0.075927734375,0,0,-1.89208984375,-2.38037109375,-7.080078125,0,0,"0",full
5acf237f-7b18-41f8-b081-ee95f05ce947,c9549b4e-052f-421d-b8f7-e4aa2078007e,2026-05-16T13:48:59.746Z,0,,29.58777618408203,84.50750732421875,29.393814086914062,100074.453125,29.178375244140625,100541.203125,42.52980041503906,100467.875,19.438140869140625,0,-0.31982421875,-0.924560546875,0.075927734375,0,0,-1.89208984375,-2.38037109375,-7.080078125,0,0,"0",full
5acf237f-7b18-41f8-b081-ee95f05ce947,c9549b4e-052f-421d-b8f7-e4aa2078007e,2026-05-16T13:48:59.777Z,0,,29.58777618408203,84.50750732421875,29.385055541992188,100137.015625,29.177688598632812,100542.71875,42.52980041503906,100467.875,19.438140869140625,0,-0.32470703125,-0.91796875,0.06591796875,0,0,-0.9765625,-0.8544921875,-4.21142578125,0,0,"0",full
5acf237f-7b18-41f8-b081-ee95f05ce947,c9549b4e-052f-421d-b8f7-e4aa2078007e,2026-05-16T13:48:59.852Z,0,,29.58777618408203,84.50750732421875,29.385055541992188,100137.015625,29.177688598632812,100542.71875,42.53211975097656,100467.984375,19.438140869140625,0,-0.32470703125,-0.91796875,0.06591796875,0,0,-0.9765625,-0.8544921875,-4.21142578125,0,0,"0",full
5acf237f-7b18-41f8-b081-ee95f05ce947,c9549b4e-052f-421d-b8f7-e4aa2078007e,2026-05-16T13:48:59.910Z,0,,29.58777618408203,84.50750732421875,29.371292114257812,100233.3125,29.1763916015625,100545.328125,42.53160095214844,100467.96875,19.438140869140625,0,-0.344482421875,-0.922119140625,0.077392578125,0,0,-1.8310546875,1.46484375,-2.38037109375,0,0,"0",full
5acf237f-7b18-41f8-b081-ee95f05ce947,c9549b4e-052f-421d-b8f7-e4aa2078007e,2026-05-16T13:48:59.933Z,0,,29.426895141601562,80.03668212890625,29.369735717773438,100246.5625,29.1763916015625,100545.328125,42.53117370605469,100467.953125,19.381500244140625,0,-0.344482421875,-0.922119140625,0.077392578125,0,0,-1.8310546875,1.46484375,-2.38037109375,0,0,"0",full
5acf237f-7b18-41f8-b081-ee95f05ce947,c9549b4e-052f-421d-b8f7-e4aa2078007e,2026-05-16T13:49:00.031Z,0,,29.426895141601562,80.03668212890625,29.369735717773438,100246.5625,29.1763916015625,100545.328125,42.53007507324219,100467.921875,19.381500244140625,0,-0.344482421875,-0.922119140625,0.077392578125,0,0,-1.8310546875,1.46484375,-2.38037109375,0,0,"0",full
5acf237f-7b18-41f8-b081-ee95f05ce947,c9549b4e-052f-421d-b8f7-e4aa2078007e,2026-05-16T13:49:00.055Z,0,,29.426895141601562,80.03668212890625,29.36395263671875,100307.546875,29.17425537109375,100547.40625,42.52955627441406,100467.90625,19.381500244140625,0,-0.34716796875,-0.93994140625,0.08056640625,0,0,0.18310546875,0.3662109375,0.6103515625,0,0,"0",full
5acf237f-7b18-41f8-b081-ee95f05ce947,c9549b4e-052f-421d-b8f7-e4aa2078007e,2026-05-16T13:49:00.138Z,0,,29.426895141601562,80.03668212890625,29.36395263671875,100307.546875,29.17425537109375,100547.40625,42.528533935546875,100467.9375,19.381500244140625,0,-0.34716796875,-0.93994140625,0.08056640625,0,0,0.18310546875,0.3662109375,0.6103515625,0,0,"0",full
5acf237f-7b18-41f8-b081-ee95f05ce947,c9549b4e-052f-421d-b8f7-e4aa2078007e,2026-05-16T13:49:00.196Z,0,,29.426895141601562,80.03668212890625,29.353668212890625,100374.171875,29.175140380859375,100549.484375,42.52679443359375,100467.9375,19.381500244140625,0,-0.324462890625,-0.92626953125,0.06640625,0,0,-1.15966796875,2.25830078125,3.96728515625,0,0,"0",full
5acf237f-7b18-41f8-b081-ee95f05ce947,c9549b4e-052f-421d-b8f7-e4aa2078007e,2026-05-16T13:49:00.210Z,0,,29.39472198486328,73.5135498046875,29.353668212890625,100374.171875,29.175140380859375,100549.484375,42.52679443359375,100467.9375,19.381500244140625,0,-0.335205078125,-0.924560546875,0.06884765625,0,0,-1.40380859375,1.3427734375,2.86865234375,0,0,"0",full
5acf237f-7b18-41f8-b081-ee95f05ce947,c9549b4e-052f-421d-b8f7-e4aa2078007e,2026-05-16T13:49:00.287Z,0,,29.39472198486328,73.5135498046875,29.353668212890625,100374.171875,29.175140380859375,100549.484375,42.52561950683594,100467.984375,19.381500244140625,0,-0.335205078125,-0.924560546875,0.06884765625,0,0,-1.40380859375,1.3427734375,2.86865234375,0,0,"0",full
5acf237f-7b18-41f8-b081-ee95f05ce947,c9549b4e-052f-421d-b8f7-e4aa2078007e,2026-05-16T13:49:00.316Z,0,,29.39472198486328,73.5135498046875,29.348770141601562,100411.859375,29.176651000976562,100550.015625,42.52561950683594,100467.984375,19.381500244140625,0,-0.33740234375,-0.929443359375,0.078857421875,0,0,-1.77001953125,-2.9296875,-1.8310546875,0,0,"0",full
5acf237f-7b18-41f8-b081-ee95f05ce947,c9549b4e-052f-421d-b8f7-e4aa2078007e,2026-05-16T13:49:00.421Z,0,,29.39472198486328,73.5135498046875,29.348770141601562,100411.859375,29.176651000976562,100550.015625,42.52339172363281,100467.984375,19.381500244140625,0,-0.33740234375,-0.929443359375,0.078857421875,0,0,-1.77001953125,-2.9296875,-1.8310546875,0,0,"0",full
5acf237f-7b18-41f8-b081-ee95f05ce947,c9549b4e-052f-421d-b8f7-e4aa2078007e,2026-05-16T13:49:00.451Z,0,,29.39472198486328,73.5135498046875,29.343246459960938,100446.640625,29.177215576171875,100548.859375,42.522674560546875,100468.015625,19.381500244140625,0,-0.334716796875,-0.927734375,0.058837890625,0,0,-0.3662109375,0,-2.9296875,0,0,"0",full
5acf237f-7b18-41f8-b081-ee95f05ce947,c9549b4e-052f-421d-b8f7-e4aa2078007e,2026-05-16T13:49:00.465Z,0,,29.426895141601562,69.3631591796875,29.343002319335938,100445.765625,29.177200317382812,100548.28125,42.52156066894531,100468.046875,19.438140869140625,0,-0.334716796875,-0.927734375,0.058837890625,0,0,-0.3662109375,0,-2.9296875,0,0,"0",full
5acf237f-7b18-41f8-b081-ee95f05ce947,c9549b4e-052f-421d-b8f7-e4aa2078007e,2026-05-16T13:49:00.577Z,0,,29.426895141601562,69.3631591796875,29.343002319335938,100445.765625,29.177200317382812,100548.28125,42.52162170410156,100468.015625,19.438140869140625,0,-0.334716796875,-0.927734375,0.058837890625,0,0,-0.3662109375,0,-2.9296875,0,0,"0",full
5acf237f-7b18-41f8-b081-ee95f05ce947,c9549b4e-052f-421d-b8f7-e4aa2078007e,2026-05-16T13:49:00.600Z,0,,29.426895141601562,69.3631591796875,29.345687866210938,100401.6875,29.178878784179688,100545.84375,42.52162170410156,100468.015625,19.438140869140625,0,-0.37353515625,-0.93359375,0.098876953125,0,0,-1.46484375,-2.25830078125,0.6103515625,0,0,"0",full
5acf237f-7b18-41f8-b081-ee95f05ce947,c9549b4e-052f-421d-b8f7-e4aa2078007e,2026-05-16T13:49:00.675Z,0,,29.426895141601562,69.3631591796875,29.345687866210938,100401.6875,29.178878784179688,100545.84375,42.52250671386719,100468.078125,19.438140869140625,0,-0.37353515625,-0.93359375,0.098876953125,0,0,-1.46484375,-2.25830078125,0.6103515625,0,0,"0",full
5acf237f-7b18-41f8-b081-ee95f05ce947,c9549b4e-052f-421d-b8f7-e4aa2078007e,2026-05-16T13:49:00.736Z,0,,29.426895141601562,69.3631591796875,29.355712890625,100287.9375,29.179702758789062,100544.390625,42.52198791503906,100468.09375,19.438140869140625,0,-0.375244140625,-0.964599609375,0.133056640625,0,0,-4.33349609375,1.40380859375,-5.2490234375,0,0,"0",full
5acf237f-7b18-41f8-b081-ee95f05ce947,c9549b4e-052f-421d-b8f7-e4aa2078007e,2026-05-16T13:49:00.759Z,0,,29.48052215576172,68.462890625,29.355712890625,100287.9375,29.179702758789062,100544.390625,42.52198791503906,100468.09375,19.494779586791992,0,-0.375244140625,-0.964599609375,0.133056640625,0,0,-4.33349609375,1.40380859375,-5.2490234375,0,0,"0",full
5acf237f-7b18-41f8-b081-ee95f05ce947,c9549b4e-052f-421d-b8f7-e4aa2078007e,2026-05-16T13:49:00.856Z,0,,29.48052215576172,68.462890625,29.355712890625,100287.9375,29.179702758789062,100544.390625,42.51861572265625,100468.21875,19.494779586791992,0,-0.375244140625,-0.964599609375,0.133056640625,0,0,-4.33349609375,1.40380859375,-5.2490234375,0,0,"0",full
5acf237f-7b18-41f8-b081-ee95f05ce947,c9549b4e-052f-421d-b8f7-e4aa2078007e,2026-05-16T13:49:00.877Z,0,,29.48052215576172,68.462890625,29.365493774414062,100213.734375,29.181777954101562,100543.65625,42.51861572265625,100468.21875,19.494779586791992,0,-0.316650390625,-0.9052734375,0.057373046875,0,0,2.25830078125,1.708984375,7.01904296875,0,0,"0",full
5acf237f-7b18-41f8-b081-ee95f05ce947,c9549b4e-052f-421d-b8f7-e4aa2078007e,2026-05-16T13:49:00.945Z,0,,29.48052215576172,68.462890625,29.365493774414062,100213.734375,29.181777954101562,100543.65625,42.51820373535156,100468.21875,19.494779586791992,0,-0.316650390625,-0.9052734375,0.057373046875,0,0,2.25830078125,1.708984375,7.01904296875,0,0,"0",full
5acf237f-7b18-41f8-b081-ee95f05ce947,c9549b4e-052f-421d-b8f7-e4aa2078007e,2026-05-16T13:49:01.005Z,0,,29.48052215576172,68.462890625,29.383392333984375,100136.8125,29.183914184570312,100542.859375,42.517242431640625,100468.25,19.494779586791992,0,-0.341552734375,-0.943359375,0.106201171875,0,0,-0.06103515625,-1.64794921875,-1.5869140625,0,0,"0",full
5acf237f-7b18-41f8-b081-ee95f05ce947,c9549b4e-052f-421d-b8f7-e4aa2078007e,2026-05-16T13:49:01.036Z,0,,29.652122497558594,74.97076416015625,29.384689331054688,100128.40625,29.183914184570312,100542.859375,42.517242431640625,100468.25,19.551420211791992,0,-0.35986328125,-0.9248046875,0.095703125,0,0,0.3662109375,-0.732421875,-0.3662109375,0,0,"0",full
5acf237f-7b18-41f8-b081-ee95f05ce947,c9549b4e-052f-421d-b8f7-e4aa2078007e,2026-05-16T13:49:01.111Z,0,,29.652122497558594,74.97076416015625,29.384689331054688,100128.40625,29.183914184570312,100542.859375,42.517913818359375,100468.3125,19.551420211791992,0,-0.35986328125,-0.9248046875,0.095703125,0,0,0.3662109375,-0.732421875,-0.3662109375,0,0,"0",full
5acf237f-7b18-41f8-b081-ee95f05ce947,c9549b4e-052f-421d-b8f7-e4aa2078007e,2026-05-16T13:49:01.133Z,0,,29.652122497558594,74.97076416015625,29.392898559570312,100093.96875,29.185089111328125,100542.15625,42.517913818359375,100468.3125,19.551420211791992,0,-0.3955078125,-0.947265625,0.095703125,0,0,-0.54931640625,-1.3427734375,-0.54931640625,0,0,"0",full
5acf237f-7b18-41f8-b081-ee95f05ce947,c9549b4e-052f-421d-b8f7-e4aa2078007e,2026-05-16T13:49:01.231Z,0,,29.652122497558594,74.97076416015625,29.392898559570312,100093.96875,29.185089111328125,100542.15625,42.51753234863281,100468.359375,19.551420211791992,0,-0.3955078125,-0.947265625,0.095703125,0,0,-0.54931640625,-1.3427734375,-0.54931640625,0,0,"0",full
5acf237f-7b18-41f8-b081-ee95f05ce947,c9549b4e-052f-421d-b8f7-e4aa2078007e,2026-05-16T13:49:01.275Z,0,,29.652122497558594,74.97076416015625,29.400527954101562,100061.828125,29.184463500976562,100541.203125,42.517486572265625,100468.390625,19.551420211791992,0,-0.35205078125,-0.92041015625,0.09619140625,0,0,-0.48828125,-5.31005859375,-8.30078125,0,0,"0",full
5acf237f-7b18-41f8-b081-ee95f05ce947,c9549b4e-052f-421d-b8f7-e4aa2078007e,2026-05-16T13:49:01.290Z,0,,29.695022583007812,79.3271484375,29.400527954101562,100061.828125,29.184539794921875,100541.09375,42.516845703125,100468.40625,19.551420211791992,0,-0.35205078125,-0.92041015625,0.09619140625,0,0,-0.48828125,-5.31005859375,-8.30078125,0,0,"0",full
5acf237f-7b18-41f8-b081-ee95f05ce947,c9549b4e-052f-421d-b8f7-e4aa2078007e,2026-05-16T13:49:01.397Z,0,,29.695022583007812,79.3271484375,29.400527954101562,100061.828125,29.184539794921875,100541.09375,42.5169677734375,100468.421875,19.551420211791992,0,-0.35205078125,-0.92041015625,0.09619140625,0,0,-0.48828125,-5.31005859375,-8.30078125,0,0,"0",full
5acf237f-7b18-41f8-b081-ee95f05ce947,c9549b4e-052f-421d-b8f7-e4aa2078007e,2026-05-16T13:49:01.422Z,0,,29.695022583007812,79.3271484375,29.405181884765625,100047.96875,29.186172485351562,100540.8125,42.517242431640625,100468.421875,19.551420211791992,0,-0.344482421875,-0.938232421875,0.088623046875,0,0,0.91552734375,3.7841796875,-2.38037109375,0,0,"0",full
5acf237f-7b18-41f8-b081-ee95f05ce947,c9549b4e-052f-421d-b8f7-e4aa2078007e,2026-05-16T13:49:01.486Z,0,,29.695022583007812,79.3271484375,29.405181884765625,100047.96875,29.186172485351562,100540.8125,42.51434326171875,100468.46875,19.551420211791992,0,-0.344482421875,-0.938232421875,0.088623046875,0,0,0.91552734375,3.7841796875,-2.38037109375,0,0,"0",full
5acf237f-7b18-41f8-b081-ee95f05ce947,c9549b4e-052f-421d-b8f7-e4aa2078007e,2026-05-16T13:49:01.547Z,0,,29.695022583007812,79.3271484375,29.402572631835938,100045.8125,29.189498901367188,100541.25,42.515472412109375,100468.46875,19.551420211791992,0,-0.3837890625,-0.892333984375,0.0625,0,0,1.5869140625,2.74658203125,2.50244140625,0,0,"0",full
5acf237f-7b18-41f8-b081-ee95f05ce947,c9549b4e-052f-421d-b8f7-e4aa2078007e,2026-05-16T13:49:01.576Z,0,,29.67357635498047,82.134765625,29.401962280273438,100048.34375,29.189498901367188,100541.25,42.515472412109375,100468.46875,19.523099899291992,0,-0.3837890625,-0.892333984375,0.0625,0,0,1.5869140625,2.74658203125,2.50244140625,0,0,"0",full
5acf237f-7b18-41f8-b081-ee95f05ce947,c9549b4e-052f-421d-b8f7-e4aa2078007e,2026-05-16T13:49:01.651Z,0,,29.67357635498047,82.134765625,29.401962280273438,100048.34375,29.189498901367188,100541.25,42.5140380859375,100468.5,19.523099899291992,0,-0.3837890625,-0.892333984375,0.0625,0,0,1.5869140625,2.74658203125,2.50244140625,0,0,"0",full
5acf237f-7b18-41f8-b081-ee95f05ce947,c9549b4e-052f-421d-b8f7-e4aa2078007e,2026-05-16T13:49:01.675Z,0,,29.67357635498047,82.134765625,29.400787353515625,100068,29.187881469726562,100542.046875,42.5140380859375,100468.5,19.523099899291992,0,-0.34912109375,-0.938232421875,0.0927734375,0,0,0.8544921875,-0.3662109375,-5.2490234375,0,0,"0",full
5acf237f-7b18-41f8-b081-ee95f05ce947,c9549b4e-052f-421d-b8f7-e4aa2078007e,2026-05-16T13:49:01.786Z,0,,29.67357635498047,82.134765625,29.400787353515625,100068,29.187881469726562,100542.046875,42.512237548828125,100468.53125,19.523099899291992,0,-0.34912109375,-0.938232421875,0.0927734375,0,0,0.8544921875,-0.3662109375,-5.2490234375,0,0,"0",full
5acf237f-7b18-41f8-b081-ee95f05ce947,c9549b4e-052f-421d-b8f7-e4aa2078007e,2026-05-16T13:49:01.830Z,0,,29.67357635498047,82.134765625,29.39129638671875,100149.734375,29.184280395507812,100543.9375,42.5111083984375,100468.515625,19.523099899291992,0,-0.37939453125,-0.919189453125,0.088623046875,0,0,0.79345703125,0.48828125,0,0,0,"0",full
5acf237f-7b18-41f8-b081-ee95f05ce947,c9549b4e-052f-421d-b8f7-e4aa2078007e,2026-05-16T13:49:01.844Z,0,,29.5126953125,81.65411376953125,29.39129638671875,100149.734375,29.184295654296875,100544.203125,42.5113525390625,100468.5,19.466459274291992,0,-0.321533203125,-0.908447265625,0.063720703125,0,0,2.25830078125,2.197265625,3.7841796875,0,0,"0",full
5acf237f-7b18-41f8-b081-ee95f05ce947,c9549b4e-052f-421d-b8f7-e4aa2078007e,2026-05-16T13:49:01.936Z,0,,29.5126953125,81.65411376953125,29.39129638671875,100149.734375,29.184295654296875,100544.203125,42.511566162109375,100468.515625,19.466459274291992,0,-0.321533203125,-0.908447265625,0.063720703125,0,0,2.25830078125,2.197265625,3.7841796875,0,0,"0",full
5acf237f-7b18-41f8-b081-ee95f05ce947,c9549b4e-052f-421d-b8f7-e4aa2078007e,2026-05-16T13:49:01.966Z,0,,29.5126953125,81.65411376953125,29.38531494140625,100212.3125,29.1845703125,100545.328125,42.511566162109375,100468.515625,19.466459274291992,0,-0.417724609375,-0.9482421875,0.115966796875,0,0,-0.30517578125,1.953125,-3.2958984375,0,0,"0",full
5acf237f-7b18-41f8-b081-ee95f05ce947,c9549b4e-052f-421d-b8f7-e4aa2078007e,2026-05-16T13:49:02.026Z,0,,29.5126953125,81.65411376953125,29.38531494140625,100212.3125,29.1845703125,100545.328125,42.511566162109375,100468.515625,19.466459274291992,0,-0.417724609375,-0.9482421875,0.115966796875,0,0,-0.30517578125,1.953125,-3.2958984375,0,0,"0",full
5acf237f-7b18-41f8-b081-ee95f05ce947,c9549b4e-052f-421d-b8f7-e4aa2078007e,2026-05-16T13:49:02.086Z,0,,29.5126953125,81.65411376953125,29.375213623046875,100296.078125,29.185470581054688,100548.078125,42.51130676269531,100468.546875,19.466459274291992,0,-0.3818359375,-0.93115234375,0.093994140625,0,0,1.220703125,0.79345703125,-0.48828125,0,0,"0",full
5acf237f-7b18-41f8-b081-ee95f05ce947,c9549b4e-052f-421d-b8f7-e4aa2078007e,2026-05-16T13:49:02.117Z,0,,29.448348999023438,75.1309814453125,29.3746337890625,100306.8125,29.185470581054688,100548.078125,42.51130676269531,100468.546875,19.466459274291992,0,-0.3818359375,-0.93115234375,0.093994140625,0,0,1.220703125,0.79345703125,-0.48828125,0,0,"0",full
5acf237f-7b18-41f8-b081-ee95f05ce947,c9549b4e-052f-421d-b8f7-e4aa2078007e,2026-05-16T13:49:02.207Z,0,,29.448348999023438,75.1309814453125,29.3746337890625,100306.8125,29.185470581054688,100548.078125,42.51084899902344,100468.546875,19.466459274291992,0,-0.3818359375,-0.93115234375,0.093994140625,0,0,1.220703125,0.79345703125,-0.48828125,0,0,"0",full
5acf237f-7b18-41f8-b081-ee95f05ce947,c9549b4e-052f-421d-b8f7-e4aa2078007e,2026-05-16T13:49:02.236Z,0,,29.448348999023438,75.1309814453125,29.371109008789062,100345.859375,29.185379028320312,100549.484375,42.51084899902344,100468.546875,19.466459274291992,0,-0.389892578125,-0.895751953125,0.072998046875,0,0,-1.0986328125,0.67138671875,0.91552734375,0,0,"0",full
5acf237f-7b18-41f8-b081-ee95f05ce947,c9549b4e-052f-421d-b8f7-e4aa2078007e,2026-05-16T13:49:02.326Z,0,,29.448348999023438,75.1309814453125,29.371109008789062,100345.859375,29.185379028320312,100549.484375,42.50959777832031,100468.546875,19.466459274291992,0,-0.389892578125,-0.895751953125,0.072998046875,0,0,-1.0986328125,0.67138671875,0.91552734375,0,0,"0",full
5acf237f-7b18-41f8-b081-ee95f05ce947,c9549b4e-052f-421d-b8f7-e4aa2078007e,2026-05-16T13:49:02.371Z,0,,29.448348999023438,75.1309814453125,29.360443115234375,100400.6875,29.184616088867188,100548.65625,42.50770568847656,100468.5625,19.466459274291992,0,-0.386962890625,-0.889892578125,0.10107421875,0,0,-4.94384765625,-2.5634765625,2.62451171875,0,0,"0",full
5acf237f-7b18-41f8-b081-ee95f05ce947,c9549b4e-052f-421d-b8f7-e4aa2078007e,2026-05-16T13:49:02.387Z,0,,29.4376220703125,69.958251953125,29.360443115234375,100400.6875,29.184616088867188,100548.65625,42.50770568847656,100468.5625,19.466459274291992,0,-0.386962890625,-0.889892578125,0.10107421875,0,0,-4.94384765625,-2.5634765625,2.62451171875,0,0,"0",full
5acf237f-7b18-41f8-b081-ee95f05ce947,c9549b4e-052f-421d-b8f7-e4aa2078007e,2026-05-16T13:49:02.487Z,0,,29.4376220703125,69.958251953125,29.360443115234375,100400.6875,29.184616088867188,100548.65625,42.50724792480469,100468.59375,19.466459274291992,0,-0.386962890625,-0.889892578125,0.10107421875,0,0,-4.94384765625,-2.5634765625,2.62451171875,0,0,"0",full
5acf237f-7b18-41f8-b081-ee95f05ce947,c9549b4e-052f-421d-b8f7-e4aa2078007e,2026-05-16T13:49:02.510Z,0,,29.4376220703125,69.958251953125,29.3609619140625,100368.234375,29.183242797851562,100547.78125,42.50724792480469,100468.59375,19.466459274291992,0,-0.389404296875,-0.940185546875,0.1220703125,0,0,-5.2490234375,-8.36181640625,-13.36669921875,0,0,"0",full
5acf237f-7b18-41f8-b081-ee95f05ce947,c9549b4e-052f-421d-b8f7-e4aa2078007e,2026-05-16T13:49:02.596Z,0,,29.4376220703125,69.958251953125,29.3609619140625,100368.234375,29.183242797851562,100547.78125,42.5052490234375,100468.609375,19.466459274291992,0,-0.389404296875,-0.940185546875,0.1220703125,0,0,-5.2490234375,-8.36181640625,-13.36669921875,0,0,"0",full
5acf237f-7b18-41f8-b081-ee95f05ce947,c9549b4e-052f-421d-b8f7-e4aa2078007e,2026-05-16T13:49:02.625Z,0,,29.4376220703125,69.958251953125,29.369888305664062,100277.796875,29.186203002929688,100546.453125,42.50531005859375,100468.625,19.466459274291992,0,-0.409423828125,-0.87646484375,0.106689453125,0,0,-5.615234375,-1.220703125,-6.65283203125,0,0,"0",full
5acf237f-7b18-41f8-b081-ee95f05ce947,c9549b4e-052f-421d-b8f7-e4aa2078007e,2026-05-16T13:49:02.654Z,0,,29.501976013183594,69.1495361328125,29.370819091796875,100264.796875,29.1861572265625,100546.296875,42.50531005859375,100468.65625,19.523099899291992,0,-0.370849609375,-0.896728515625,0.096435546875,0,0,-4.150390625,-0.30517578125,-3.41796875,0,0,"0",full
5acf237f-7b18-41f8-b081-ee95f05ce947,c9549b4e-052f-421d-b8f7-e4aa2078007e,2026-05-16T13:49:02.747Z,0,,29.501976013183594,69.1495361328125,29.370819091796875,100264.796875,29.1861572265625,100546.296875,42.50462341308594,100468.671875,19.523099899291992,0,-0.370849609375,-0.896728515625,0.096435546875,0,0,-4.150390625,-0.30517578125,-3.41796875,0,0,"0",full
5acf237f-7b18-41f8-b081-ee95f05ce947,c9549b4e-052f-421d-b8f7-e4aa2078007e,2026-05-16T13:49:02.777Z,0,,29.501976013183594,69.1495361328125,29.373992919921875,100216.84375,29.186981201171875,100545.046875,42.502838134765625,100468.6875,19.523099899291992,0,-0.451171875,-0.906982421875,0.114990234375,0,0,-3.90625,0.42724609375,1.953125,0,0,"0",full
5acf237f-7b18-41f8-b081-ee95f05ce947,c9549b4e-052f-421d-b8f7-e4aa2078007e,2026-05-16T13:49:02.850Z,0,,29.501976013183594,69.1495361328125,29.373992919921875,100216.84375,29.186981201171875,100545.046875,42.502227783203125,100468.734375,19.523099899291992,0,-0.451171875,-0.906982421875,0.114990234375,0,0,-3.90625,0.42724609375,1.953125,0,0,"0",full
5acf237f-7b18-41f8-b081-ee95f05ce947,c9549b4e-052f-421d-b8f7-e4aa2078007e,2026-05-16T13:49:02.911Z,0,,29.501976013183594,69.1495361328125,29.38323974609375,100145.34375,29.18792724609375,100542.484375,42.50187683105469,100468.78125,19.523099899291992,0,-0.4423828125,-0.891845703125,0.1240234375,0,0,-1.8310546875,0.3662109375,-2.0751953125,0,0,"0",full
5acf237f-7b18-41f8-b081-ee95f05ce947,c9549b4e-052f-421d-b8f7-e4aa2078007e,2026-05-16T13:49:02.924Z,0,,29.619949340820312,75.2225341796875,29.38323974609375,100145.34375,29.18792724609375,100542.484375,42.50187683105469,100468.78125,19.551420211791992,0,-0.4423828125,-0.891845703125,0.1240234375,0,0,-1.8310546875,0.3662109375,-2.0751953125,0,0,"0",full
5acf237f-7b18-41f8-b081-ee95f05ce947,c9549b4e-052f-421d-b8f7-e4aa2078007e,2026-05-16T13:49:03.015Z,0,,29.619949340820312,75.2225341796875,29.38323974609375,100145.34375,29.18792724609375,100542.484375,42.50294494628906,100468.84375,19.551420211791992,0,-0.4423828125,-0.891845703125,0.1240234375,0,0,-1.8310546875,0.3662109375,-2.0751953125,0,0,"0",full
5acf237f-7b18-41f8-b081-ee95f05ce947,c9549b4e-052f-421d-b8f7-e4aa2078007e,2026-05-16T13:49:03.038Z,0,,29.619949340820312,75.2225341796875,29.388107299804688,100114.8125,29.18841552734375,100541.34375,42.50294494628906,100468.84375,19.551420211791992,0,-0.4091796875,-0.89453125,0.12744140625,0,0,-0.06103515625,-0.18310546875,0.54931640625,0,0,"0",full
5acf237f-7b18-41f8-b081-ee95f05ce947,c9549b4e-052f-421d-b8f7-e4aa2078007e,2026-05-16T13:49:03.136Z,0,,29.619949340820312,75.2225341796875,29.388107299804688,100114.8125,29.18841552734375,100541.34375,42.49855041503906,100468.859375,19.551420211791992,0,-0.4091796875,-0.89453125,0.12744140625,0,0,-0.06103515625,-0.18310546875,0.54931640625,0,0,"0",full
5acf237f-7b18-41f8-b081-ee95f05ce947,c9549b4e-052f-421d-b8f7-e4aa2078007e,2026-05-16T13:49:03.202Z,0,,29.619949340820312,75.2225341796875,29.393844604492188,100085.8125,29.1903076171875,100540.03125,42.49871826171875,100468.859375,19.551420211791992,0,-0.422607421875,-0.886474609375,0.131591796875,0,0,-0.30517578125,0.42724609375,-0.42724609375,0,0,"0",full
5acf237f-7b18-41f8-b081-ee95f05ce947,c9549b4e-052f-421d-b8f7-e4aa2078007e,2026-05-16T13:49:03.210Z,0,,29.66284942626953,79.14404296875,29.394302368164062,100082.84375,29.1903076171875,100540.03125,42.499664306640625,100468.875,19.551420211791992,0,-0.422607421875,-0.886474609375,0.131591796875,0,0,-0.30517578125,0.42724609375,-0.42724609375,0,0,"0",full
5acf237f-7b18-41f8-b081-ee95f05ce947,c9549b4e-052f-421d-b8f7-e4aa2078007e,2026-05-16T13:49:03.287Z,0,,29.66284942626953,79.14404296875,29.394302368164062,100082.84375,29.1903076171875,100540.03125,42.49674987792969,100468.984375,19.551420211791992,0,-0.422607421875,-0.886474609375,0.131591796875,0,0,-0.30517578125,0.42724609375,-0.42724609375,0,0,"0",full
5acf237f-7b18-41f8-b081-ee95f05ce947,c9549b4e-052f-421d-b8f7-e4aa2078007e,2026-05-16T13:49:03.317Z,0,,29.66284942626953,79.14404296875,29.396041870117188,100074.34375,29.19183349609375,100540.078125,42.49674987792969,100468.984375,19.551420211791992,0,-0.425537109375,-0.93115234375,0.140380859375,0,0,-2.01416015625,-1.0986328125,-8.4228515625,0,0,"0",full
5acf237f-7b18-41f8-b081-ee95f05ce947,c9549b4e-052f-421d-b8f7-e4aa2078007e,2026-05-16T13:49:03.391Z,0,,29.66284942626953,79.14404296875,29.396041870117188,100074.34375,29.19183349609375,100540.078125,42.49674987792969,100469.078125,19.551420211791992,0,-0.425537109375,-0.93115234375,0.140380859375,0,0,-2.01416015625,-1.0986328125,-8.4228515625,0,0,"0",full
5acf237f-7b18-41f8-b081-ee95f05ce947,c9549b4e-052f-421d-b8f7-e4aa2078007e,2026-05-16T13:49:03.451Z,0,,29.66284942626953,79.14404296875,29.394943237304688,100076.9375,29.192459106445312,100540.296875,42.496856689453125,100469.046875,19.551420211791992,0,-0.455322265625,-0.904296875,0.15283203125,0,0,-0.3662109375,1.40380859375,-4.2724609375,0,0,"0",full
5acf237f-7b18-41f8-b081-ee95f05ce947,c9549b4e-052f-421d-b8f7-e4aa2078007e,2026-05-16T13:49:03.465Z,0,,29.63067626953125,81.80670166015625,29.394943237304688,100076.9375,29.19366455078125,100540.4375,42.496856689453125,100469.046875,19.523099899291992,0,-0.430419921875,-0.91259765625,0.15478515625,0,0,-0.732421875,0.06103515625,-6.04248046875,0,0,"0",full
5acf237f-7b18-41f8-b081-ee95f05ce947,c9549b4e-052f-421d-b8f7-e4aa2078007e,2026-05-16T13:49:03.571Z,0,,29.63067626953125,81.80670166015625,29.394943237304688,100076.9375,29.19366455078125,100540.4375,42.49781799316406,100469.0625,19.523099899291992,0,-0.430419921875,-0.91259765625,0.15478515625,0,0,-0.732421875,0.06103515625,-6.04248046875,0,0,"0",full
5acf237f-7b18-41f8-b081-ee95f05ce947,c9549b4e-052f-421d-b8f7-e4aa2078007e,2026-05-16T13:49:03.595Z,0,,29.63067626953125,81.80670166015625,29.39312744140625,100108.125,29.194381713867188,100541.4375,42.49781799316406,100469.0625,19.523099899291992,0,-0.439697265625,-0.888671875,0.1064453125,0,0,1.8310546875,-1.64794921875,0.18310546875,0,0,"0",full
5acf237f-7b18-41f8-b081-ee95f05ce947,c9549b4e-052f-421d-b8f7-e4aa2078007e,2026-05-16T13:49:03.677Z,0,,29.63067626953125,81.80670166015625,29.39312744140625,100108.125,29.194381713867188,100541.4375,42.498046875,100469.109375,19.523099899291992,0,-0.439697265625,-0.888671875,0.1064453125,0,0,1.8310546875,-1.64794921875,0.18310546875,0,0,"0",full
5acf237f-7b18-41f8-b081-ee95f05ce947,c9549b4e-052f-421d-b8f7-e4aa2078007e,2026-05-16T13:49:03.736Z,0,,29.63067626953125,81.80670166015625,29.385711669921875,100178.8125,29.192337036132812,100542.953125,42.49737548828125,100469.09375,19.523099899291992,0,-0.409912109375,-0.86669921875,0.119140625,0,0,2.3193359375,-0.54931640625,5.06591796875,0,0,"0",full
5acf237f-7b18-41f8-b081-ee95f05ce947,c9549b4e-052f-421d-b8f7-e4aa2078007e,2026-05-16T13:49:03.752Z,0,,29.5126953125,81.30316162109375,29.385711669921875,100178.8125,29.192337036132812,100542.953125,42.49737548828125,100469.09375,19.466459274291992,0,-0.409912109375,-0.86669921875,0.119140625,0,0,2.3193359375,-0.54931640625,5.06591796875,0,0,"0",full
5acf237f-7b18-41f8-b081-ee95f05ce947,c9549b4e-052f-421d-b8f7-e4aa2078007e,2026-05-16T13:49:03.826Z,0,,29.5126953125,81.30316162109375,29.385711669921875,100178.8125,29.192337036132812,100542.953125,42.498565673828125,100469.046875,19.466459274291992,0,-0.409912109375,-0.86669921875,0.119140625,0,0,2.3193359375,-0.54931640625,5.06591796875,0,0,"0",full
5acf237f-7b18-41f8-b081-ee95f05ce947,c9549b4e-052f-421d-b8f7-e4aa2078007e,2026-05-16T13:49:03.856Z,0,,29.5126953125,81.30316162109375,29.382888793945312,100238.015625,29.190231323242188,100544.25,42.498565673828125,100469.046875,19.466459274291992,0,-0.40771484375,-0.8876953125,0.123291015625,0,0,0.6103515625,-0.48828125,0,0,0,"0",full
5acf237f-7b18-41f8-b081-ee95f05ce947,c9549b4e-052f-421d-b8f7-e4aa2078007e,2026-05-16T13:49:03.947Z,0,,29.5126953125,81.30316162109375,29.382888793945312,100238.015625,29.190231323242188,100544.25,42.49601745605469,100469.046875,19.466459274291992,0,-0.40771484375,-0.8876953125,0.123291015625,0,0,0.6103515625,-0.48828125,0,0,0,"0",full
5acf237f-7b18-41f8-b081-ee95f05ce947,c9549b4e-052f-421d-b8f7-e4aa2078007e,2026-05-16T13:49:03.994Z,0,,29.5126953125,81.30316162109375,29.37738037109375,100327.734375,29.18975830078125,100546.765625,42.49568176269531,100469,19.466459274291992,0,-0.429931640625,-0.87353515625,0.115478515625,0,0,1.15966796875,0.48828125,1.5869140625,0,0,"0",full
5acf237f-7b18-41f8-b081-ee95f05ce947,c9549b4e-052f-421d-b8f7-e4aa2078007e,2026-05-16T13:49:04.005Z,0,,29.46979522705078,74.84869384765625,29.37738037109375,100327.734375,29.188827514648438,100547.09375,42.495758056640625,100469,19.438140869140625,0,-0.429931640625,-0.87353515625,0.115478515625,0,0,1.15966796875,0.48828125,1.5869140625,0,0,"0",full
5acf237f-7b18-41f8-b081-ee95f05ce947,c9549b4e-052f-421d-b8f7-e4aa2078007e,2026-05-16T13:49:04.111Z,0,,29.46979522705078,74.84869384765625,29.37738037109375,100327.734375,29.188827514648438,100547.09375,42.494293212890625,100468.90625,19.438140869140625,0,-0.429931640625,-0.87353515625,0.115478515625,0,0,1.15966796875,0.48828125,1.5869140625,0,0,"0",full
5acf237f-7b18-41f8-b081-ee95f05ce947,c9549b4e-052f-421d-b8f7-e4aa2078007e,2026-05-16T13:49:04.135Z,0,,29.46979522705078,74.84869384765625,29.371841430664062,100372,29.187469482421875,100548.140625,42.494293212890625,100468.90625,19.438140869140625,0,-0.353515625,-0.900146484375,0.116455078125,0,0,0.30517578125,-3.47900390625,0.1220703125,0,0,"0",full
5acf237f-7b18-41f8-b081-ee95f05ce947,c9549b4e-052f-421d-b8f7-e4aa2078007e,2026-05-16T13:49:04.217Z,0,,29.46979522705078,74.84869384765625,29.371841430664062,100372,29.187469482421875,100548.140625,42.493011474609375,100468.828125,19.438140869140625,0,-0.353515625,-0.900146484375,0.116455078125,0,0,0.30517578125,-3.47900390625,0.1220703125,0,0,"0",full
5acf237f-7b18-41f8-b081-ee95f05ce947,c9549b4e-052f-421d-b8f7-e4aa2078007e,2026-05-16T13:49:04.275Z,0,,29.46979522705078,74.84869384765625,29.370132446289062,100418.875,29.18988037109375,100548.90625,42.49041748046875,100468.796875,19.438140869140625,0,-0.373291015625,-0.8974609375,0.141845703125,0,0,-2.9296875,-5.0048828125,-5.0048828125,0,0,"0",full
5acf237f-7b18-41f8-b081-ee95f05ce947,c9549b4e-052f-421d-b8f7-e4aa2078007e,2026-05-16T13:49:04.289Z,0,,29.448348999023438,69.64544677734375,29.370132446289062,100418.875,29.18988037109375,100548.90625,42.49041748046875,100468.796875,19.438140869140625,0,-0.380615234375,-0.8857421875,0.114501953125,0,0,-2.0751953125,-6.28662109375,-4.0283203125,0,0,"0",full
5acf237f-7b18-41f8-b081-ee95f05ce947,c9549b4e-052f-421d-b8f7-e4aa2078007e,2026-05-16T13:49:04.397Z,0,,29.448348999023438,69.64544677734375,29.370132446289062,100418.875,29.18988037109375,100548.90625,42.490142822265625,100468.71875,19.438140869140625,0,-0.380615234375,-0.8857421875,0.114501953125,0,0,-2.0751953125,-6.28662109375,-4.0283203125,0,0,"0",full
5acf237f-7b18-41f8-b081-ee95f05ce947,c9549b4e-052f-421d-b8f7-e4aa2078007e,2026-05-16T13:49:04.421Z,0,,29.448348999023438,69.64544677734375,29.367828369140625,100443.359375,29.191741943359375,100547.875,42.490142822265625,100468.71875,19.438140869140625,0,-0.42431640625,-0.8974609375,0.129150390625,0,0,1.708984375,1.46484375,-2.197265625,0,0,"0",full
5acf237f-7b18-41f8-b081-ee95f05ce947,c9549b4e-052f-421d-b8f7-e4aa2078007e,2026-05-16T13:49:04.486Z,0,,29.448348999023438,69.64544677734375,29.367828369140625,100443.359375,29.191741943359375,100547.875,42.489593505859375,100468.75,19.438140869140625,0,-0.42431640625,-0.8974609375,0.129150390625,0,0,1.708984375,1.46484375,-2.197265625,0,0,"0",full
5acf237f-7b18-41f8-b081-ee95f05ce947,c9549b4e-052f-421d-b8f7-e4aa2078007e,2026-05-16T13:49:04.551Z,0,,29.448348999023438,69.64544677734375,29.369857788085938,100383.1875,29.190032958984375,100546.125,42.487579345703125,100468.734375,19.438140869140625,0,-0.421630859375,-0.90234375,0.136962890625,0,0,-4.33349609375,-3.47900390625,2.3193359375,0,0,"0",full
5acf237f-7b18-41f8-b081-ee95f05ce947,c9549b4e-052f-421d-b8f7-e4aa2078007e,2026-05-16T13:49:04.579Z,0,,29.46979522705078,66.99041748046875,29.369857788085938,100383.1875,29.190032958984375,100546.125,42.48712158203125,100468.703125,19.466459274291992,0,-0.421630859375,-0.90234375,0.136962890625,0,0,-4.33349609375,-3.47900390625,2.3193359375,0,0,"0",full
5acf237f-7b18-41f8-b081-ee95f05ce947,c9549b4e-052f-421d-b8f7-e4aa2078007e,2026-05-16T13:49:04.651Z,0,,29.46979522705078,66.99041748046875,29.369857788085938,100383.1875,29.190032958984375,100546.125,42.48780822753906,100468.734375,19.466459274291992,0,-0.421630859375,-0.90234375,0.136962890625,0,0,-4.33349609375,-3.47900390625,2.3193359375,0,0,"0",full
5acf237f-7b18-41f8-b081-ee95f05ce947,c9549b4e-052f-421d-b8f7-e4aa2078007e,2026-05-16T13:49:04.672Z,0,,29.46979522705078,66.99041748046875,29.37579345703125,100316.0625,29.190887451171875,100544.203125,42.48780822753906,100468.734375,19.466459274291992,0,-0.371337890625,-0.9189453125,0.138916015625,0,0,1.15966796875,-4.57763671875,1.40380859375,0,0,"0",full
5acf237f-7b18-41f8-b081-ee95f05ce947,c9549b4e-052f-421d-b8f7-e4aa2078007e,2026-05-16T13:49:04.755Z,0,,29.46979522705078,66.99041748046875,29.37579345703125,100316.0625,29.190887451171875,100544.203125,42.48765563964844,100468.71875,19.466459274291992,0,-0.371337890625,-0.9189453125,0.138916015625,0,0,1.15966796875,-4.57763671875,1.40380859375,0,0,"0",full
5acf237f-7b18-41f8-b081-ee95f05ce947,c9549b4e-052f-421d-b8f7-e4aa2078007e,2026-05-16T13:49:04.816Z,0,,29.46979522705078,66.99041748046875,29.3824462890625,100225.734375,29.19287109375,100541.609375,42.48646545410156,100468.78125,19.466459274291992,0,-0.364501953125,-0.935791015625,0.07763671875,0,0,2.3193359375,-1.8310546875,-1.0986328125,0,0,"0",full
5acf237f-7b18-41f8-b081-ee95f05ce947,c9549b4e-052f-421d-b8f7-e4aa2078007e,2026-05-16T13:49:04.830Z,0,,29.566322326660156,71.08740234375,29.3824462890625,100225.734375,29.193466186523438,100541.203125,42.48646545410156,100468.78125,19.523099899291992,0,-0.376708984375,-0.92333984375,0.116455078125,0,0,2.13623046875,-3.0517578125,-3.41796875,0,0,"0",full
5acf237f-7b18-41f8-b081-ee95f05ce947,c9549b4e-052f-421d-b8f7-e4aa2078007e,2026-05-16T13:49:04.936Z,0,,29.566322326660156,71.08740234375,29.3824462890625,100225.734375,29.193466186523438,100541.203125,42.48638916015625,100468.765625,19.523099899291992,0,-0.376708984375,-0.92333984375,0.116455078125,0,0,2.13623046875,-3.0517578125,-3.41796875,0,0,"0",full
5acf237f-7b18-41f8-b081-ee95f05ce947,c9549b4e-052f-421d-b8f7-e4aa2078007e,2026-05-16T13:49:04.959Z,0,,29.566322326660156,71.08740234375,29.3868408203125,100176.484375,29.194442749023438,100540,42.48638916015625,100468.765625,19.523099899291992,0,-0.400146484375,-0.88232421875,0.11279296875,0,0,-0.732421875,3.23486328125,6.34765625,0,0,"0",full
5acf237f-7b18-41f8-b081-ee95f05ce947,c9549b4e-052f-421d-b8f7-e4aa2078007e,2026-05-16T13:49:05.025Z,0,,29.566322326660156,71.08740234375,29.3868408203125,100176.484375,29.194442749023438,100540,42.48675537109375,100468.828125,19.523099899291992,0,-0.400146484375,-0.88232421875,0.11279296875,0,0,-0.732421875,3.23486328125,6.34765625,0,0,"0",full
5acf237f-7b18-41f8-b081-ee95f05ce947,c9549b4e-052f-421d-b8f7-e4aa2078007e,2026-05-16T13:49:05.086Z,0,,29.566322326660156,71.08740234375,29.392654418945312,100127.953125,29.199539184570312,100538.484375,42.487884521484375,100468.859375,19.523099899291992,0,-0.3857421875,-0.8984375,0.105712890625,0,0,2.3193359375,3.90625,8.72802734375,0,0,"0",full
5acf237f-7b18-41f8-b081-ee95f05ce947,c9549b4e-052f-421d-b8f7-e4aa2078007e,2026-05-16T13:49:05.117Z,0,,29.641395568847656,76.05413818359375,29.393356323242188,100122.71875,29.199539184570312,100538.484375,42.487884521484375,100468.859375,19.551420211791992,0,-0.393798828125,-0.899658203125,0.111572265625,0,0,3.0517578125,4.45556640625,10.986328125,0,0,"0",full
5acf237f-7b18-41f8-b081-ee95f05ce947,c9549b4e-052f-421d-b8f7-e4aa2078007e,2026-05-16T13:49:05.190Z,0,,29.641395568847656,76.05413818359375,29.393356323242188,100122.71875,29.199539184570312,100538.484375,42.48529052734375,100468.921875,19.551420211791992,0,-0.393798828125,-0.899658203125,0.111572265625,0,0,3.0517578125,4.45556640625,10.986328125,0,0,"0",full
5acf237f-7b18-41f8-b081-ee95f05ce947,c9549b4e-052f-421d-b8f7-e4aa2078007e,2026-05-16T13:49:05.213Z,0,,29.641395568847656,76.05413818359375,29.395645141601562,100102.0625,29.20037841796875,100538.03125,42.48529052734375,100468.921875,19.551420211791992,0,-0.411865234375,-0.92529296875,0.146484375,0,0,-0.9765625,-2.0751953125,-10.19287109375,0,0,"0",full
5acf237f-7b18-41f8-b081-ee95f05ce947,c9549b4e-052f-421d-b8f7-e4aa2078007e,2026-05-16T13:49:05.312Z,0,,29.641395568847656,76.05413818359375,29.395645141601562,100102.0625,29.20037841796875,100538.03125,42.484283447265625,100468.90625,19.551420211791992,0,-0.411865234375,-0.92529296875,0.146484375,0,0,-0.9765625,-2.0751953125,-10.19287109375,0,0,"0",full
5acf237f-7b18-41f8-b081-ee95f05ce947,c9549b4e-052f-421d-b8f7-e4aa2078007e,2026-05-16T13:49:05.355Z,0,,29.641395568847656,76.05413818359375,29.4027099609375,100088.828125,29.201095581054688,100538.265625,42.48286437988281,100468.90625,19.551420211791992,0,-0.40087890625,-0.8876953125,0.088623046875,0,0,3.7841796875,2.0751953125,2.9296875,0,0,"0",full
5acf237f-7b18-41f8-b081-ee95f05ce947,c9549b4e-052f-421d-b8f7-e4aa2078007e,2026-05-16T13:49:05.370Z,0,,29.652122497558594,79.39581298828125,29.4027099609375,100088.828125,29.201095581054688,100538.265625,42.48133850097656,100468.875,19.523099899291992,0,-0.40087890625,-0.8876953125,0.088623046875,0,0,3.7841796875,2.0751953125,2.9296875,0,0,"0",full
5acf237f-7b18-41f8-b081-ee95f05ce947,c9549b4e-052f-421d-b8f7-e4aa2078007e,2026-05-16T13:49:05.475Z,0,,29.652122497558594,79.39581298828125,29.4027099609375,100088.828125,29.201095581054688,100538.265625,42.481353759765625,100468.8125,19.523099899291992,0,-0.40087890625,-0.8876953125,0.088623046875,0,0,3.7841796875,2.0751953125,2.9296875,0,0,"0",full
5acf237f-7b18-41f8-b081-ee95f05ce947,c9549b4e-052f-421d-b8f7-e4aa2078007e,2026-05-16T13:49:05.499Z,0,,29.652122497558594,79.39581298828125,29.4024658203125,100095.71875,29.201080322265625,100538.671875,42.48188781738281,100468.8125,19.523099899291992,0,-0.38330078125,-0.91845703125,0.123779296875,0,0,-1.15966796875,0.6103515625,3.173828125,0,0,"0",full
5acf237f-7b18-41f8-b081-ee95f05ce947,c9549b4e-052f-421d-b8f7-e4aa2078007e,2026-05-16T13:49:05.567Z,0,,29.652122497558594,79.39581298828125,29.4024658203125,100095.71875,29.201080322265625,100538.671875,42.48268127441406,100468.796875,19.523099899291992,0,-0.38330078125,-0.91845703125,0.123779296875,0,0,-1.15966796875,0.6103515625,3.173828125,0,0,"0",full
5acf237f-7b18-41f8-b081-ee95f05ce947,c9549b4e-052f-421d-b8f7-e4aa2078007e,2026-05-16T13:49:05.626Z,0,,29.652122497558594,79.39581298828125,29.399826049804688,100147.125,29.202056884765625,100539.75,42.48284912109375,100468.78125,19.523099899291992,0,-0.389892578125,-0.8828125,0.103759765625,0,0,-0.18310546875,-0.3662109375,-1.03759765625,0,0,"0",full
5acf237f-7b18-41f8-b081-ee95f05ce947,c9549b4e-052f-421d-b8f7-e4aa2078007e,2026-05-16T13:49:05.657Z,0,,29.566322326660156,80.822509765625,29.399505615234375,100158.015625,29.202194213867188,100539.953125,42.48284912109375,100468.78125,19.466459274291992,0,-0.414306640625,-0.882080078125,0.10107421875,0,0,0.6103515625,1.52587890625,1.15966796875,0,0,"0",full
5acf237f-7b18-41f8-b081-ee95f05ce947,c9549b4e-052f-421d-b8f7-e4aa2078007e,2026-05-16T13:49:05.745Z,0,,29.566322326660156,80.822509765625,29.399505615234375,100158.015625,29.202194213867188,100539.953125,42.482177734375,100468.796875,19.466459274291992,0,-0.414306640625,-0.882080078125,0.10107421875,0,0,0.6103515625,1.52587890625,1.15966796875,0,0,"0",full
5acf237f-7b18-41f8-b081-ee95f05ce947,c9549b4e-052f-421d-b8f7-e4aa2078007e,2026-05-16T13:49:05.777Z,0,,29.566322326660156,80.822509765625,29.39373779296875,100218.796875,29.202484130859375,100541.328125,42.482177734375,100468.796875,19.466459274291992,0,-0.3564453125,-0.917724609375,0.115234375,0,0,0.42724609375,-1.46484375,0.06103515625,0,0,"0",full
5acf237f-7b18-41f8-b081-ee95f05ce947,c9549b4e-052f-421d-b8f7-e4aa2078007e,2026-05-16T13:49:05.850Z,0,,29.566322326660156,80.822509765625,29.39373779296875,100218.796875,29.202484130859375,100541.328125,42.48211669921875,100468.75,19.466459274291992,0,-0.3564453125,-0.917724609375,0.115234375,0,0,0.42724609375,-1.46484375,0.06103515625,0,0,"0",full
5acf237f-7b18-41f8-b081-ee95f05ce947,c9549b4e-052f-421d-b8f7-e4aa2078007e,2026-05-16T13:49:05.910Z,0,,29.566322326660156,80.822509765625,29.389114379882812,100306.53125,29.199310302734375,100543.5625,42.48150634765625,100468.765625,19.466459274291992,0,-0.375244140625,-0.905029296875,0.10546875,0,0,-1.5869140625,-1.64794921875,-4.39453125,0,0,"0",full
5acf237f-7b18-41f8-b081-ee95f05ce947,c9549b4e-052f-421d-b8f7-e4aa2078007e,2026-05-16T13:49:05.925Z,0,,29.491249084472656,75.13861083984375,29.389114379882812,100306.53125,29.199310302734375,100543.5625,42.48139953613281,100468.765625,19.409820556640625,0,-0.369384765625,-0.898193359375,0.0986328125,0,0,-0.30517578125,-2.01416015625,-3.5400390625,0,0,"0",full
5acf237f-7b18-41f8-b081-ee95f05ce947,c9549b4e-052f-421d-b8f7-e4aa2078007e,2026-05-16T13:49:06.016Z,0,,29.491249084472656,75.13861083984375,29.389114379882812,100306.53125,29.199310302734375,100543.5625,42.479888916015625,100468.796875,19.409820556640625,0,-0.369384765625,-0.898193359375,0.0986328125,0,0,-0.30517578125,-2.01416015625,-3.5400390625,0,0,"0",full
5acf237f-7b18-41f8-b081-ee95f05ce947,c9549b4e-052f-421d-b8f7-e4aa2078007e,2026-05-16T13:49:06.039Z,0,,29.491249084472656,75.13861083984375,29.383880615234375,100360.765625,29.198638916015625,100545.171875,42.479888916015625,100468.796875,19.409820556640625,0,-0.397705078125,-0.921875,0.102294921875,0,0,-0.06103515625,1.77001953125,1.03759765625,0,0,"0",full
5acf237f-7b18-41f8-b081-ee95f05ce947,c9549b4e-052f-421d-b8f7-e4aa2078007e,2026-05-16T13:49:06.136Z,0,,29.491249084472656,75.13861083984375,29.383880615234375,100360.765625,29.198638916015625,100545.171875,42.47669982910156,100468.796875,19.409820556640625,0,-0.397705078125,-0.921875,0.102294921875,0,0,-0.06103515625,1.77001953125,1.03759765625,0,0,"0",full
5acf237f-7b18-41f8-b081-ee95f05ce947,c9549b4e-052f-421d-b8f7-e4aa2078007e,2026-05-16T13:49:06.166Z,0,,29.491249084472656,75.13861083984375,29.37982177734375,100419.875,29.19586181640625,100547.265625,42.47514343261719,100468.8125,19.409820556640625,0,-0.377685546875,-0.880126953125,0.10009765625,0,0,2.86865234375,5.43212890625,10.43701171875,0,0,"0",full
5acf237f-7b18-41f8-b081-ee95f05ce947,c9549b4e-052f-421d-b8f7-e4aa2078007e,2026-05-16T13:49:06.195Z,0,,29.48052215576172,69.49285888671875,29.378860473632812,100426.734375,29.19488525390625,100547.46875,42.47514343261719,100468.8125,19.409820556640625,0,-0.377685546875,-0.880126953125,0.10009765625,0,0,2.86865234375,5.43212890625,10.43701171875,0,0,"0",full
5acf237f-7b18-41f8-b081-ee95f05ce947,c9549b4e-052f-421d-b8f7-e4aa2078007e,2026-05-16T13:49:06.301Z,0,,29.48052215576172,69.49285888671875,29.378860473632812,100426.734375,29.19488525390625,100547.46875,42.47456359863281,100468.84375,19.409820556640625,0,-0.377685546875,-0.880126953125,0.10009765625,0,0,2.86865234375,5.43212890625,10.43701171875,0,0,"0",full
5acf237f-7b18-41f8-b081-ee95f05ce947,c9549b4e-052f-421d-b8f7-e4aa2078007e,2026-05-16T13:49:06.302Z,0,,29.48052215576172,69.49285888671875,29.376296997070312,100457.703125,29.196319580078125,100548.125,42.47456359863281,100468.84375,19.409820556640625,0,-0.419677734375,-0.941650390625,0.15966796875,0,0,-2.197265625,-5.79833984375,-8.30078125,0,0,"0",full
5acf237f-7b18-41f8-b081-ee95f05ce947,c9549b4e-052f-421d-b8f7-e4aa2078007e,2026-05-16T13:49:06.392Z,0,,29.48052215576172,69.49285888671875,29.376296997070312,100457.703125,29.196319580078125,100548.125,42.47328186035156,100468.9375,19.409820556640625,0,-0.419677734375,-0.941650390625,0.15966796875,0,0,-2.197265625,-5.79833984375,-8.30078125,0,0,"0",full
5acf237f-7b18-41f8-b081-ee95f05ce947,c9549b4e-052f-421d-b8f7-e4aa2078007e,2026-05-16T13:49:06.450Z,0,,29.48052215576172,69.49285888671875,29.371688842773438,100465.53125,29.197433471679688,100547.125,42.47235107421875,100468.953125,19.409820556640625,0,-0.4453125,-0.89990234375,0.122314453125,0,0,2.99072265625,2.62451171875,0.67138671875,0,0,"0",full
5acf237f-7b18-41f8-b081-ee95f05ce947,c9549b4e-052f-421d-b8f7-e4aa2078007e,2026-05-16T13:49:06.474Z,0,,29.46979522705078,65.76971435546875,29.371688842773438,100465.53125,29.197509765625,100546.859375,42.47235107421875,100468.953125,19.438140869140625,0,-0.47412109375,-0.9404296875,0.13818359375,0,0,1.0986328125,0.244140625,-4.0283203125,0,0,"0",full
5acf237f-7b18-41f8-b081-ee95f05ce947,c9549b4e-052f-421d-b8f7-e4aa2078007e,2026-05-16T13:49:06.555Z,0,,29.46979522705078,65.76971435546875,29.371688842773438,100465.53125,29.197509765625,100546.859375,42.47239685058594,100468.9375,19.438140869140625,0,-0.47412109375,-0.9404296875,0.13818359375,0,0,1.0986328125,0.244140625,-4.0283203125,0,0,"0",full
5acf237f-7b18-41f8-b081-ee95f05ce947,c9549b4e-052f-421d-b8f7-e4aa2078007e,2026-05-16T13:49:06.578Z,0,,29.46979522705078,65.76971435546875,29.37335205078125,100413.984375,29.1988525390625,100545.3125,42.47239685058594,100468.9375,19.438140869140625,0,-0.380859375,-0.890869140625,0.082763671875,0,0,3.23486328125,1.52587890625,5.7373046875,0,0,"0",full
5acf237f-7b18-41f8-b081-ee95f05ce947,c9549b4e-052f-421d-b8f7-e4aa2078007e,2026-05-16T13:49:06.676Z,0,,29.46979522705078,65.76971435546875,29.37335205078125,100413.984375,29.1988525390625,100545.3125,42.47132873535156,100468.953125,19.438140869140625,0,-0.380859375,-0.890869140625,0.082763671875,0,0,3.23486328125,1.52587890625,5.7373046875,0,0,"0",full
5acf237f-7b18-41f8-b081-ee95f05ce947,c9549b4e-052f-421d-b8f7-e4aa2078007e,2026-05-16T13:49:06.735Z,0,,29.46979522705078,65.76971435546875,29.384109497070312,100302.515625,29.201889038085938,100543.1875,42.471435546875,100468.96875,19.438140869140625,0,-0.388916015625,-0.896240234375,0.1064453125,0,0,0.42724609375,1.64794921875,4.7607421875,0,0,"0",full
5acf237f-7b18-41f8-b081-ee95f05ce947,c9549b4e-052f-421d-b8f7-e4aa2078007e,2026-05-16T13:49:06.750Z,0,,29.544876098632812,66.601318359375,29.38494873046875,100287.0625,29.201889038085938,100543.1875,42.471221923828125,100468.953125,19.466459274291992,0,-0.411865234375,-0.92138671875,0.10791015625,0,0,0.6103515625,1.77001953125,2.8076171875,0,0,"0",full
5acf237f-7b18-41f8-b081-ee95f05ce947,c9549b4e-052f-421d-b8f7-e4aa2078007e,2026-05-16T13:49:06.826Z,0,,29.544876098632812,66.601318359375,29.38494873046875,100287.0625,29.201889038085938,100543.1875,42.47071838378906,100469.046875,19.466459274291992,0,-0.411865234375,-0.92138671875,0.10791015625,0,0,0.6103515625,1.77001953125,2.8076171875,0,0,"0",full
5acf237f-7b18-41f8-b081-ee95f05ce947,c9549b4e-052f-421d-b8f7-e4aa2078007e,2026-05-16T13:49:06.856Z,0,,29.544876098632812,66.601318359375,29.3958740234375,100219.1875,29.20355224609375,100542.1875,42.470123291015625,100469.046875,19.466459274291992,0,-0.375244140625,-0.907958984375,0.10498046875,0,0,-0.1220703125,-1.03759765625,-1.0986328125,0,0,"0",full
5acf237f-7b18-41f8-b081-ee95f05ce947,c9549b4e-052f-421d-b8f7-e4aa2078007e,2026-05-16T13:49:06.931Z,0,,29.544876098632812,66.601318359375,29.3958740234375,100219.1875,29.20355224609375,100542.1875,42.47056579589844,100469.03125,19.466459274291992,0,-0.375244140625,-0.907958984375,0.10498046875,0,0,-0.1220703125,-1.03759765625,-1.0986328125,0,0,"0",full
5acf237f-7b18-41f8-b081-ee95f05ce947,c9549b4e-052f-421d-b8f7-e4aa2078007e,2026-05-16T13:49:06.990Z,0,,29.544876098632812,66.601318359375,29.406448364257812,100150.359375,29.20208740234375,100540.734375,42.46763610839844,100469.078125,19.466459274291992,0,-0.35986328125,-0.895263671875,0.08642578125,0,0,-0.67138671875,1.03759765625,0.244140625,0,0,"0",full
5acf237f-7b18-41f8-b081-ee95f05ce947,c9549b4e-052f-421d-b8f7-e4aa2078007e,2026-05-16T13:49:07.036Z,0,,29.652122497558594,72.55987548828125,29.406448364257812,100150.359375,29.20184326171875,100540.53125,42.46763610839844,100469.078125,19.494779586791992,0,-0.35986328125,-0.895263671875,0.08642578125,0,0,-0.67138671875,1.03759765625,0.244140625,0,0,"0",full
5acf237f-7b18-41f8-b081-ee95f05ce947,c9549b4e-052f-421d-b8f7-e4aa2078007e,2026-05-16T13:49:07.111Z,0,,29.652122497558594,72.55987548828125,29.406448364257812,100150.359375,29.20184326171875,100540.53125,42.46638488769531,100469.15625,19.494779586791992,0,-0.35986328125,-0.895263671875,0.08642578125,0,0,-0.67138671875,1.03759765625,0.244140625,0,0,"0",full
5acf237f-7b18-41f8-b081-ee95f05ce947,c9549b4e-052f-421d-b8f7-e4aa2078007e,2026-05-16T13:49:07.131Z,0,,29.652122497558594,72.55987548828125,29.409957885742188,100116.046875,29.20526123046875,100539.796875,42.46638488769531,100469.15625,19.494779586791992,0,-0.366943359375,-0.921630859375,0.140869140625,0,0,-0.67138671875,-0.3662109375,-3.96728515625,0,0,"0",full
5acf237f-7b18-41f8-b081-ee95f05ce947,c9549b4e-052f-421d-b8f7-e4aa2078007e,2026-05-16T13:49:07.216Z,0,,29.652122497558594,72.55987548828125,29.409957885742188,100116.046875,29.20526123046875,100539.796875,42.467376708984375,100469.203125,19.494779586791992,0,-0.366943359375,-0.921630859375,0.140869140625,0,0,-0.67138671875,-0.3662109375,-3.96728515625,0,0,"0",full
5acf237f-7b18-41f8-b081-ee95f05ce947,c9549b4e-052f-421d-b8f7-e4aa2078007e,2026-05-16T13:49:07.275Z,0,,29.652122497558594,72.55987548828125,29.413558959960938,100083.140625,29.20489501953125,100539.640625,42.46612548828125,100469.28125,19.494779586791992,0,-0.44970703125,-0.945068359375,0.1171875,0,0,1.46484375,-0.48828125,-8.36181640625,0,0,"0",full
5acf237f-7b18-41f8-b081-ee95f05ce947,c9549b4e-052f-421d-b8f7-e4aa2078007e,2026-05-16T13:49:07.291Z,0,,29.67357635498047,76.87811279296875,29.414154052734375,100080.078125,29.20489501953125,100539.640625,42.46488952636719,100469.265625,19.494779586791992,0,-0.400390625,-0.94482421875,0.135498046875,0,0,0.67138671875,-1.708984375,-11.3525390625,0,0,"0",full
5acf237f-7b18-41f8-b081-ee95f05ce947,c9549b4e-052f-421d-b8f7-e4aa2078007e,2026-05-16T13:49:07.366Z,0,,29.67357635498047,76.87811279296875,29.414154052734375,100080.078125,29.20489501953125,100539.640625,42.46490478515625,100469.28125,19.494779586791992,0,-0.400390625,-0.94482421875,0.135498046875,0,0,0.67138671875,-1.708984375,-11.3525390625,0,0,"0",full
5acf237f-7b18-41f8-b081-ee95f05ce947,c9549b4e-052f-421d-b8f7-e4aa2078007e,2026-05-16T13:49:07.395Z,0,,29.67357635498047,76.87811279296875,29.417221069335938,100070.703125,29.206085205078125,100539.953125,42.4649658203125,100469.296875,19.494779586791992,0,-0.399169921875,-0.89453125,0.09765625,0,0,1.0986328125,0.244140625,4.08935546875,0,0,"0",full
5acf237f-7b18-41f8-b081-ee95f05ce947,c9549b4e-052f-421d-b8f7-e4aa2078007e,2026-05-16T13:49:07.484Z,0,,29.67357635498047,76.87811279296875,29.417221069335938,100070.703125,29.206085205078125,100539.953125,42.46513366699219,100469.3125,19.494779586791992,0,-0.399169921875,-0.89453125,0.09765625,0,0,1.0986328125,0.244140625,4.08935546875,0,0,"0",full
5acf237f-7b18-41f8-b081-ee95f05ce947,c9549b4e-052f-421d-b8f7-e4aa2078007e,2026-05-16T13:49:07.529Z,0,,29.67357635498047,76.87811279296875,29.415939331054688,100088.59375,29.20648193359375,100540.875,42.46372985839844,100469.3125,19.494779586791992,0,-0.36767578125,-0.9033203125,0.089599609375,0,0,3.90625,3.5400390625,10.55908203125,0,0,"0",full
5acf237f-7b18-41f8-b081-ee95f05ce947,c9549b4e-052f-421d-b8f7-e4aa2078007e,2026-05-16T13:49:07.545Z,0,,29.641395568847656,79.65521240234375,29.415939331054688,100088.59375,29.20648193359375,100540.875,42.46372985839844,100469.3125,19.466459274291992,0,-0.396240234375,-0.88134765625,0.084228515625,0,0,2.8076171875,4.39453125,10.25390625,0,0,"0",full
5acf237f-7b18-41f8-b081-ee95f05ce947,c9549b4e-052f-421d-b8f7-e4aa2078007e,2026-05-16T13:49:07.651Z,0,,29.641395568847656,79.65521240234375,29.415939331054688,100088.59375,29.20648193359375,100540.875,42.463165283203125,100469.40625,19.466459274291992,0,-0.396240234375,-0.88134765625,0.084228515625,0,0,2.8076171875,4.39453125,10.25390625,0,0,"0",full
5acf237f-7b18-41f8-b081-ee95f05ce947,c9549b4e-052f-421d-b8f7-e4aa2078007e,2026-05-16T13:49:07.675Z,0,,29.641395568847656,79.65521240234375,29.412277221679688,100133.734375,29.204971313476562,100541.90625,42.463165283203125,100469.40625,19.466459274291992,0,-0.349853515625,-0.8984375,0.10107421875,0,0,-0.1220703125,0.8544921875,0.67138671875,0,0,"0",full
5acf237f-7b18-41f8-b081-ee95f05ce947,c9549b4e-052f-421d-b8f7-e4aa2078007e,2026-05-16T13:49:07.755Z,0,,29.641395568847656,79.65521240234375,29.412277221679688,100133.734375,29.204971313476562,100541.90625,42.46174621582031,100469.4375,19.466459274291992,0,-0.349853515625,-0.8984375,0.10107421875,0,0,-0.1220703125,0.8544921875,0.67138671875,0,0,"0",full
5acf237f-7b18-41f8-b081-ee95f05ce947,c9549b4e-052f-421d-b8f7-e4aa2078007e,2026-05-16T13:49:07.816Z,0,,29.641395568847656,79.65521240234375,29.402481079101562,100220.421875,29.205184936523438,100544.0625,42.462158203125,100469.46875,19.466459274291992,0,-0.4150390625,-0.894287109375,0.112548828125,0,0,0.244140625,1.46484375,-2.50244140625,0,0,"0",full
5acf237f-7b18-41f8-b081-ee95f05ce947,c9549b4e-052f-421d-b8f7-e4aa2078007e,2026-05-16T13:49:07.830Z,0,,29.5126953125,76.80181884765625,29.40142822265625,100233.265625,29.20513916015625,100544.375,42.462158203125,100469.46875,19.409820556640625,0,-0.4150390625,-0.894287109375,0.112548828125,0,0,0.244140625,1.46484375,-2.50244140625,0,0,"0",full
5acf237f-7b18-41f8-b081-ee95f05ce947,c9549b4e-052f-421d-b8f7-e4aa2078007e,2026-05-16T13:49:07.935Z,0,,29.5126953125,76.80181884765625,29.40142822265625,100233.265625,29.20513916015625,100544.375,42.46272277832031,100469.546875,19.409820556640625,0,-0.4150390625,-0.894287109375,0.112548828125,0,0,0.244140625,1.46484375,-2.50244140625,0,0,"0",full
5acf237f-7b18-41f8-b081-ee95f05ce947,c9549b4e-052f-421d-b8f7-e4aa2078007e,2026-05-16T13:49:07.959Z,0,,29.5126953125,76.80181884765625,29.396163940429688,100295.359375,29.205047607421875,100546.34375,42.46272277832031,100469.546875,19.409820556640625,0,-0.36669921875,-0.905029296875,0.098388671875,0,0,0.48828125,-0.42724609375,-1.0986328125,0,0,"0",full
5acf237f-7b18-41f8-b081-ee95f05ce947,c9549b4e-052f-421d-b8f7-e4aa2078007e,2026-05-16T13:49:08.025Z,0,,29.5126953125,76.80181884765625,29.396163940429688,100295.359375,29.205047607421875,100546.34375,42.46122741699219,100469.53125,19.409820556640625,0,-0.36669921875,-0.905029296875,0.098388671875,0,0,0.48828125,-0.42724609375,-1.0986328125,0,0,"0",full
5acf237f-7b18-41f8-b081-ee95f05ce947,c9549b4e-052f-421d-b8f7-e4aa2078007e,2026-05-16T13:49:08.087Z,0,,29.5126953125,76.80181884765625,29.390396118164062,100366.8125,29.206771850585938,100548.78125,42.46136474609375,100469.59375,19.409820556640625,0,-0.308349609375,-0.898193359375,0.09375,0,0,1.52587890625,2.25830078125,10.31494140625,0,0,"0",full
5acf237f-7b18-41f8-b081-ee95f05ce947,c9549b4e-052f-421d-b8f7-e4aa2078007e,2026-05-16T13:49:08.116Z,0,,29.491249084472656,70.5838623046875,29.390396118164062,100366.8125,29.206771850585938,100548.78125,42.46049499511719,100469.578125,19.381500244140625,0,-0.351318359375,-0.92724609375,0.1025390625,0,0,1.89208984375,3.0517578125,12.0849609375,0,0,"0",full
5acf237f-7b18-41f8-b081-ee95f05ce947,c9549b4e-052f-421d-b8f7-e4aa2078007e,2026-05-16T13:49:08.191Z,0,,29.491249084472656,70.5838623046875,29.390396118164062,100366.8125,29.206771850585938,100548.78125,42.460540771484375,100469.65625,19.381500244140625,0,-0.351318359375,-0.92724609375,0.1025390625,0,0,1.89208984375,3.0517578125,12.0849609375,0,0,"0",full
5acf237f-7b18-41f8-b081-ee95f05ce947,c9549b4e-052f-421d-b8f7-e4aa2078007e,2026-05-16T13:49:08.214Z,0,,29.491249084472656,70.5838623046875,29.386337280273438,100405.359375,29.204864501953125,100549.859375,42.45953369140625,100469.6875,19.381500244140625,0,-0.353271484375,-0.9052734375,0.0947265625,0,0,-0.9765625,0.18310546875,-3.5400390625,0,0,"0",full
5acf237f-7b18-41f8-b081-ee95f05ce947,c9549b4e-052f-421d-b8f7-e4aa2078007e,2026-05-16T13:49:08.295Z,0,,29.491249084472656,70.5838623046875,29.386337280273438,100405.359375,29.204864501953125,100549.859375,42.45649719238281,100469.640625,19.381500244140625,0,-0.353271484375,-0.9052734375,0.0947265625,0,0,-0.9765625,0.18310546875,-3.5400390625,0,0,"0",full
5acf237f-7b18-41f8-b081-ee95f05ce947,c9549b4e-052f-421d-b8f7-e4aa2078007e,2026-05-16T13:49:08.355Z,0,,29.491249084472656,70.5838623046875,29.38641357421875,100428.578125,29.205245971679688,100548.6875,42.45652770996094,100469.71875,19.381500244140625,0,-0.32177734375,-0.904296875,0.082763671875,0,0,0.06103515625,0.48828125,2.44140625,0,0,"0",full
5acf237f-7b18-41f8-b081-ee95f05ce947,c9549b4e-052f-421d-b8f7-e4aa2078007e,2026-05-16T13:49:08.370Z,0,,29.491249084472656,66.31903076171875,29.385711669921875,100424.125,29.205245971679688,100548.6875,42.45652770996094,100469.71875,19.409820556640625,0,-0.341552734375,-0.89208984375,0.07421875,0,0,1.52587890625,0.30517578125,3.47900390625,0,0,"0",full
5acf237f-7b18-41f8-b081-ee95f05ce947,c9549b4e-052f-421d-b8f7-e4aa2078007e,2026-05-16T13:49:08.475Z,0,,29.491249084472656,66.31903076171875,29.385711669921875,100424.125,29.205245971679688,100548.6875,42.45361328125,100469.75,19.409820556640625,0,-0.341552734375,-0.89208984375,0.07421875,0,0,1.52587890625,0.30517578125,3.47900390625,0,0,"0",full
5acf237f-7b18-41f8-b081-ee95f05ce947,c9549b4e-052f-421d-b8f7-e4aa2078007e,2026-05-16T13:49:08.499Z,0,,29.491249084472656,66.31903076171875,29.387176513671875,100371.5625,29.205703735351562,100547.9375,42.45361328125,100469.75,19.409820556640625,0,-0.36865234375,-0.9296875,0.1123046875,0,0,0.9765625,3.41796875,-3.7841796875,0,0,"0",full
5acf237f-7b18-41f8-b081-ee95f05ce947,c9549b4e-052f-421d-b8f7-e4aa2078007e,2026-05-16T13:49:08.564Z,0,,29.491249084472656,66.31903076171875,29.387176513671875,100371.5625,29.205703735351562,100547.9375,42.45234680175781,100469.828125,19.409820556640625,0,-0.36865234375,-0.9296875,0.1123046875,0,0,0.9765625,3.41796875,-3.7841796875,0,0,"0",full
5acf237f-7b18-41f8-b081-ee95f05ce947,c9549b4e-052f-421d-b8f7-e4aa2078007e,2026-05-16T13:49:08.626Z,0,,29.491249084472656,66.31903076171875,29.3951416015625,100272.21875,29.20672607421875,100546.34375,42.45164489746094,100469.875,19.409820556640625,0,-0.363525390625,-0.934814453125,0.113037109375,0,0,2.197265625,0.8544921875,-2.25830078125,0,0,"0",full
5acf237f-7b18-41f8-b081-ee95f05ce947,c9549b4e-052f-421d-b8f7-e4aa2078007e,2026-05-16T13:49:08.657Z,0,,29.566322326660156,67.24981689453125,29.3951416015625,100272.21875,29.206069946289062,100546.15625,42.451507568359375,100469.859375,19.438140869140625,0,-0.363525390625,-0.934814453125,0.113037109375,0,0,2.197265625,0.8544921875,-2.25830078125,0,0,"0",full
5acf237f-7b18-41f8-b081-ee95f05ce947,c9549b4e-052f-421d-b8f7-e4aa2078007e,2026-05-16T13:49:08.730Z,0,,29.566322326660156,67.24981689453125,29.3951416015625,100272.21875,29.206069946289062,100546.15625,42.45111083984375,100469.859375,19.438140869140625,0,-0.363525390625,-0.934814453125,0.113037109375,0,0,2.197265625,0.8544921875,-2.25830078125,0,0,"0",full
5acf237f-7b18-41f8-b081-ee95f05ce947,c9549b4e-052f-421d-b8f7-e4aa2078007e,2026-05-16T13:49:08.752Z,0,,29.566322326660156,67.24981689453125,29.399429321289062,100212.40625,29.207138061523438,100545.078125,42.450836181640625,100469.875,19.438140869140625,0,-0.3603515625,-0.91357421875,0.0771484375,0,0,2.74658203125,2.50244140625,4.5166015625,0,0,"0",full
5acf237f-7b18-41f8-b081-ee95f05ce947,c9549b4e-052f-421d-b8f7-e4aa2078007e,2026-05-16T13:49:08.850Z,0,,29.566322326660156,67.24981689453125,29.399429321289062,100212.40625,29.207138061523438,100545.078125,42.450347900390625,100469.875,19.438140869140625,0,-0.3603515625,-0.91357421875,0.0771484375,0,0,2.74658203125,2.50244140625,4.5166015625,0,0,"0",full
5acf237f-7b18-41f8-b081-ee95f05ce947,c9549b4e-052f-421d-b8f7-e4aa2078007e,2026-05-16T13:49:08.896Z,0,,29.566322326660156,67.24981689453125,29.406280517578125,100150.28125,29.207809448242188,100543.25,42.45062255859375,100469.875,19.438140869140625,0,-0.352294921875,-0.915283203125,0.0810546875,0,0,-0.3662109375,1.89208984375,3.173828125,0,0,"0",full
5acf237f-7b18-41f8-b081-ee95f05ce947,c9549b4e-052f-421d-b8f7-e4aa2078007e,2026-05-16T13:49:08.910Z,0,,29.652122497558594,73.193115234375,29.407760620117188,100143.25,29.207809448242188,100543.25,42.45062255859375,100469.875,19.466459274291992,0,-0.33984375,-0.916259765625,0.073974609375,0,0,-0.18310546875,2.50244140625,3.7841796875,0,0,"0",full
5acf237f-7b18-41f8-b081-ee95f05ce947,c9549b4e-052f-421d-b8f7-e4aa2078007e,2026-05-16T13:49:09.031Z,0,,29.652122497558594,73.193115234375,29.407760620117188,100143.25,29.207809448242188,100543.25,42.44984436035156,100469.890625,19.466459274291992,0,-0.33984375,-0.916259765625,0.073974609375,0,0,-0.18310546875,2.50244140625,3.7841796875,0,0,"0",full
5acf237f-7b18-41f8-b081-ee95f05ce947,c9549b4e-052f-421d-b8f7-e4aa2078007e,2026-05-16T13:49:09.032Z,0,,29.652122497558594,73.193115234375,29.412307739257812,100114.859375,29.212677001953125,100542.359375,42.44984436035156,100469.890625,19.466459274291992,0,-0.3408203125,-0.9345703125,0.106689453125,0,0,-2.3193359375,-1.64794921875,-2.62451171875,0,0,"0",full
5acf237f-7b18-41f8-b081-ee95f05ce947,c9549b4e-052f-421d-b8f7-e4aa2078007e,2026-05-16T13:49:09.106Z,0,,29.652122497558594,73.193115234375,29.412307739257812,100114.859375,29.212677001953125,100542.359375,42.45112609863281,100469.890625,19.466459274291992,0,-0.3408203125,-0.9345703125,0.106689453125,0,0,-2.3193359375,-1.64794921875,-2.62451171875,0,0,"0",full
5acf237f-7b18-41f8-b081-ee95f05ce947,c9549b4e-052f-421d-b8f7-e4aa2078007e,2026-05-16T13:49:09.166Z,0,,29.652122497558594,73.193115234375,29.418060302734375,100095.96875,29.213714599609375,100542.484375,42.4505615234375,100469.875,19.466459274291992,0,-0.328369140625,-0.921875,0.118896484375,0,0,-2.38037109375,-1.220703125,-2.5634765625,0,0,"0",full
5acf237f-7b18-41f8-b081-ee95f05ce947,c9549b4e-052f-421d-b8f7-e4aa2078007e,2026-05-16T13:49:09.204Z,0,,29.66284942626953,77.07647705078125,29.418060302734375,100095.96875,29.213043212890625,100542.546875,42.45054626464844,100469.90625,19.466459274291992,0,-0.32470703125,-0.90966796875,0.094970703125,0,0,-1.77001953125,-1.46484375,0.8544921875,0,0,"0",full
5acf237f-7b18-41f8-b081-ee95f05ce947,c9549b4e-052f-421d-b8f7-e4aa2078007e,2026-05-16T13:49:09.285Z,0,,29.66284942626953,77.07647705078125,29.418060302734375,100095.96875,29.213043212890625,100542.546875,42.45182800292969,100469.96875,19.466459274291992,0,-0.32470703125,-0.90966796875,0.094970703125,0,0,-1.77001953125,-1.46484375,0.8544921875,0,0,"0",full
5acf237f-7b18-41f8-b081-ee95f05ce947,c9549b4e-052f-421d-b8f7-e4aa2078007e,2026-05-16T13:49:09.315Z,0,,29.66284942626953,77.07647705078125,29.417800903320312,100097.515625,29.213348388671875,100542.84375,42.45182800292969,100469.96875,19.466459274291992,0,-0.431884765625,-0.95166015625,0.123046875,0,0,-1.0986328125,-1.64794921875,-3.60107421875,0,0,"0",full
5acf237f-7b18-41f8-b081-ee95f05ce947,c9549b4e-052f-421d-b8f7-e4aa2078007e,2026-05-16T13:49:09.391Z,0,,29.66284942626953,77.07647705078125,29.417800903320312,100097.515625,29.213348388671875,100542.84375,42.44935607910156,100470.015625,19.466459274291992,0,-0.431884765625,-0.95166015625,0.123046875,0,0,-1.0986328125,-1.64794921875,-3.60107421875,0,0,"0",full
5acf237f-7b18-41f8-b081-ee95f05ce947,c9549b4e-052f-421d-b8f7-e4aa2078007e,2026-05-16T13:49:09.449Z,0,,29.66284942626953,77.07647705078125,29.414077758789062,100136.75,29.211441040039062,100544.015625,42.44776916503906,100470.046875,19.466459274291992,0,-0.391357421875,-0.95361328125,0.1171875,0,0,-2.38037109375,-1.708984375,-2.9296875,0,0,"0",full
5acf237f-7b18-41f8-b081-ee95f05ce947,c9549b4e-052f-421d-b8f7-e4aa2078007e,2026-05-16T13:49:09.465Z,0,,29.58777618408203,79.01434326171875,29.414154052734375,100146.03125,29.211441040039062,100544.015625,42.44776916503906,100470.046875,19.438140869140625,0,-0.391357421875,-0.95361328125,0.1171875,0,0,-2.38037109375,-1.708984375,-2.9296875,0,0,"0",full
5acf237f-7b18-41f8-b081-ee95f05ce947,c9549b4e-052f-421d-b8f7-e4aa2078007e,2026-05-16T13:49:09.555Z,0,,29.58777618408203,79.01434326171875,29.414154052734375,100146.03125,29.211441040039062,100544.015625,42.4473876953125,100469.953125,19.438140869140625,0,-0.391357421875,-0.95361328125,0.1171875,0,0,-2.38037109375,-1.708984375,-2.9296875,0,0,"0",full
5acf237f-7b18-41f8-b081-ee95f05ce947,c9549b4e-052f-421d-b8f7-e4aa2078007e,2026-05-16T13:49:09.578Z,0,,29.58777618408203,79.01434326171875,29.409133911132812,100201.625,29.211563110351562,100545.15625,42.44755554199219,100469.96875,19.438140869140625,0,-0.357666015625,-0.931884765625,0.098876953125,0,0,2.0751953125,2.38037109375,5.7373046875,0,0,"0",full
5acf237f-7b18-41f8-b081-ee95f05ce947,c9549b4e-052f-421d-b8f7-e4aa2078007e,2026-05-16T13:49:09.676Z,0,,29.58777618408203,79.01434326171875,29.409133911132812,100201.625,29.211563110351562,100545.15625,42.444976806640625,100469.9375,19.438140869140625,0,-0.357666015625,-0.931884765625,0.098876953125,0,0,2.0751953125,2.38037109375,5.7373046875,0,0,"0",full
5acf237f-7b18-41f8-b081-ee95f05ce947,c9549b4e-052f-421d-b8f7-e4aa2078007e,2026-05-16T13:49:09.716Z,0,,29.58777618408203,79.01434326171875,29.404083251953125,100288.03125,29.212936401367188,100546.8125,42.44512939453125,100469.9375,19.438140869140625,0,-0.345458984375,-0.916015625,0.089111328125,0,0,3.72314453125,4.57763671875,5.06591796875,0,0,"0",full
5acf237f-7b18-41f8-b081-ee95f05ce947,c9549b4e-052f-421d-b8f7-e4aa2078007e,2026-05-16T13:49:09.734Z,0,,29.523422241210938,74.16204833984375,29.404083251953125,100288.03125,29.212936401367188,100546.8125,42.44512939453125,100469.9375,19.381500244140625,0,-0.364501953125,-0.93603515625,0.095947265625,0,0,3.47900390625,4.8828125,5.2490234375,0,0,"0",full
5acf237f-7b18-41f8-b081-ee95f05ce947,c9549b4e-052f-421d-b8f7-e4aa2078007e,2026-05-16T13:49:09.825Z,0,,29.523422241210938,74.16204833984375,29.404083251953125,100288.03125,29.212936401367188,100546.8125,42.44456481933594,100469.90625,19.381500244140625,0,-0.364501953125,-0.93603515625,0.095947265625,0,0,3.47900390625,4.8828125,5.2490234375,0,0,"0",full
5acf237f-7b18-41f8-b081-ee95f05ce947,c9549b4e-052f-421d-b8f7-e4aa2078007e,2026-05-16T13:49:09.861Z,0,,29.523422241210938,74.16204833984375,29.398086547851562,100345.890625,29.211349487304688,100548.84375,42.44456481933594,100469.90625,19.381500244140625,0,-0.355224609375,-0.91259765625,0.08740234375,0,0,2.5634765625,-0.6103515625,0.30517578125,0,0,"0",full
5acf237f-7b18-41f8-b081-ee95f05ce947,c9549b4e-052f-421d-b8f7-e4aa2078007e,2026-05-16T13:49:09.930Z,0,,29.523422241210938,74.16204833984375,29.398086547851562,100345.890625,29.211349487304688,100548.84375,42.44432067871094,100469.859375,19.381500244140625,0,-0.355224609375,-0.91259765625,0.08740234375,0,0,2.5634765625,-0.6103515625,0.30517578125,0,0,"0",full
5acf237f-7b18-41f8-b081-ee95f05ce947,c9549b4e-052f-421d-b8f7-e4aa2078007e,2026-05-16T13:49:09.990Z,0,,29.523422241210938,74.16204833984375,29.394302368164062,100410.46875,29.209884643554688,100551.546875,42.44322204589844,100469.84375,19.381500244140625,0,-0.330810546875,-0.932373046875,0.100830078125,0,0,-1.40380859375,-1.52587890625,0.06103515625,0,0,"0",full
5acf237f-7b18-41f8-b081-ee95f05ce947,c9549b4e-052f-421d-b8f7-e4aa2078007e,2026-05-16T13:49:10.004Z,0,,29.501976013183594,68.4476318359375,29.392669677734375,100417.9375,29.208877563476562,100551.8125,42.444183349609375,100469.84375,19.381500244140625,0,-0.330810546875,-0.932373046875,0.100830078125,0,0,-1.40380859375,-1.52587890625,0.06103515625,0,0,"0",full
5acf237f-7b18-41f8-b081-ee95f05ce947,c9549b4e-052f-421d-b8f7-e4aa2078007e,2026-05-16T13:49:10.095Z,0,,29.501976013183594,68.4476318359375,29.392669677734375,100417.9375,29.208877563476562,100551.8125,42.442352294921875,100469.796875,19.381500244140625,0,-0.330810546875,-0.932373046875,0.100830078125,0,0,-1.40380859375,-1.52587890625,0.06103515625,0,0,"0",full
5acf237f-7b18-41f8-b081-ee95f05ce947,c9549b4e-052f-421d-b8f7-e4aa2078007e,2026-05-16T13:49:10.118Z,0,,29.501976013183594,68.4476318359375,29.39215087890625,100450.8125,29.209182739257812,100552.546875,42.44122314453125,100469.8125,19.381500244140625,0,-0.446044921875,-0.951416015625,0.096923828125,0,0,-0.48828125,0.67138671875,-0.91552734375,0,0,"0",full
5acf237f-7b18-41f8-b081-ee95f05ce947,c9549b4e-052f-421d-b8f7-e4aa2078007e,2026-05-16T13:49:10.229Z,0,,29.501976013183594,68.4476318359375,29.39215087890625,100450.8125,29.209182739257812,100552.546875,42.44175720214844,100469.75,19.381500244140625,0,-0.446044921875,-0.951416015625,0.096923828125,0,0,-0.48828125,0.67138671875,-0.91552734375,0,0,"0",full
5acf237f-7b18-41f8-b081-ee95f05ce947,c9549b4e-052f-421d-b8f7-e4aa2078007e,2026-05-16T13:49:10.275Z,0,,29.501976013183594,68.4476318359375,29.3883056640625,100467.984375,29.21063232421875,100550.734375,42.441864013671875,100469.671875,19.381500244140625,0,-0.39794921875,-0.9111328125,0.074951171875,0,0,-0.91552734375,4.57763671875,5.0048828125,0,0,"0",full
5acf237f-7b18-41f8-b081-ee95f05ce947,c9549b4e-052f-421d-b8f7-e4aa2078007e,2026-05-16T13:49:10.290Z,0,,29.491249084472656,64.5718994140625,29.3883056640625,100467.984375,29.21063232421875,100550.734375,42.441864013671875,100469.671875,19.409820556640625,0,-0.39794921875,-0.9111328125,0.074951171875,0,0,-0.91552734375,4.57763671875,5.0048828125,0,0,"0",full
5acf237f-7b18-41f8-b081-ee95f05ce947,c9549b4e-052f-421d-b8f7-e4aa2078007e,2026-05-16T13:49:10.368Z,0,,29.491249084472656,64.5718994140625,29.3883056640625,100467.984375,29.21063232421875,100550.734375,42.43865966796875,100469.671875,19.409820556640625,0,-0.39794921875,-0.9111328125,0.074951171875,0,0,-0.91552734375,4.57763671875,5.0048828125,0,0,"0",full
5acf237f-7b18-41f8-b081-ee95f05ce947,c9549b4e-052f-421d-b8f7-e4aa2078007e,2026-05-16T13:49:10.396Z,0,,29.491249084472656,64.5718994140625,29.39129638671875,100414.0625,29.210403442382812,100549.453125,42.43865966796875,100469.671875,19.409820556640625,0,-0.343994140625,-0.939697265625,0.110595703125,0,0,-1.77001953125,0.67138671875,3.35693359375,0,0,"0",full
5acf237f-7b18-41f8-b081-ee95f05ce947,c9549b4e-052f-421d-b8f7-e4aa2078007e,2026-05-16T13:49:10.471Z,0,,29.491249084472656,64.5718994140625,29.39129638671875,100414.0625,29.210403442382812,100549.453125,42.437225341796875,100469.6875,19.409820556640625,0,-0.343994140625,-0.939697265625,0.110595703125,0,0,-1.77001953125,0.67138671875,3.35693359375,0,0,"0",full
5acf237f-7b18-41f8-b081-ee95f05ce947,c9549b4e-052f-421d-b8f7-e4aa2078007e,2026-05-16T13:49:10.530Z,0,,29.491249084472656,64.5718994140625,29.402191162109375,100298.625,29.212509155273438,100548.265625,42.43641662597656,100469.671875,19.409820556640625,0,-0.328857421875,-0.962646484375,0.105712890625,0,0,-2.50244140625,-1.40380859375,2.99072265625,0,0,"0",full
5acf237f-7b18-41f8-b081-ee95f05ce947,c9549b4e-052f-421d-b8f7-e4aa2078007e,2026-05-16T13:49:10.546Z,0,,29.566322326660156,64.9991455078125,29.403274536132812,100282.453125,29.212509155273438,100548.265625,42.43678283691406,100469.671875,19.438140869140625,0,-0.31591796875,-0.9169921875,0.099365234375,0,0,-1.40380859375,-0.9765625,5.67626953125,0,0,"0",full
5acf237f-7b18-41f8-b081-ee95f05ce947,c9549b4e-052f-421d-b8f7-e4aa2078007e,2026-05-16T13:49:10.650Z,0,,29.566322326660156,64.9991455078125,29.403274536132812,100282.453125,29.212509155273438,100548.265625,42.436798095703125,100469.65625,19.438140869140625,0,-0.31591796875,-0.9169921875,0.099365234375,0,0,-1.40380859375,-0.9765625,5.67626953125,0,0,"0",full
5acf237f-7b18-41f8-b081-ee95f05ce947,c9549b4e-052f-421d-b8f7-e4aa2078007e,2026-05-16T13:49:10.673Z,0,,29.566322326660156,64.9991455078125,29.413360595703125,100210.921875,29.213882446289062,100546.1875,42.436798095703125,100469.65625,19.438140869140625,0,-0.35986328125,-0.945068359375,0.10986328125,0,0,-2.86865234375,-4.7607421875,-1.0986328125,0,0,"0",full
5acf237f-7b18-41f8-b081-ee95f05ce947,c9549b4e-052f-421d-b8f7-e4aa2078007e,2026-05-16T13:49:10.755Z,0,,29.566322326660156,64.9991455078125,29.413360595703125,100210.921875,29.213882446289062,100546.1875,42.437408447265625,100469.609375,19.438140869140625,0,-0.35986328125,-0.945068359375,0.10986328125,0,0,-2.86865234375,-4.7607421875,-1.0986328125,0,0,"0",full
5acf237f-7b18-41f8-b081-ee95f05ce947,c9549b4e-052f-421d-b8f7-e4aa2078007e,2026-05-16T13:49:10.814Z,0,,29.566322326660156,64.9991455078125,29.427993774414062,100140.078125,29.215240478515625,100543.140625,42.43589782714844,100469.578125,19.438140869140625,0,-0.33251953125,-0.915771484375,0.092041015625,0,0,-0.54931640625,1.708984375,2.685546875,0,0,"0",full
5acf237f-7b18-41f8-b081-ee95f05ce947,c9549b4e-052f-421d-b8f7-e4aa2078007e,2026-05-16T13:49:10.830Z,0,,29.70574951171875,71.880859375,29.427993774414062,100140.078125,29.215774536132812,100542.703125,42.43589782714844,100469.578125,19.459379196166992,0,-0.33251953125,-0.915771484375,0.092041015625,0,0,-0.54931640625,1.708984375,2.685546875,0,0,"0",full
5acf237f-7b18-41f8-b081-ee95f05ce947,c9549b4e-052f-421d-b8f7-e4aa2078007e,2026-05-16T13:49:10.905Z,0,,29.70574951171875,71.880859375,29.427993774414062,100140.078125,29.215774536132812,100542.703125,42.4334716796875,100469.5625,19.459379196166992,0,-0.33251953125,-0.915771484375,0.092041015625,0,0,-0.54931640625,1.708984375,2.685546875,0,0,"0",full
5acf237f-7b18-41f8-b081-ee95f05ce947,c9549b4e-052f-421d-b8f7-e4aa2078007e,2026-05-16T13:49:10.935Z,0,,29.70574951171875,71.880859375,29.433517456054688,100104.125,29.219451904296875,100541.046875,42.432952880859375,100469.5625,19.459379196166992,0,-0.35791015625,-0.944580078125,0.13134765625,0,0,-1.46484375,-1.8310546875,-6.04248046875,0,0,"0",full
5acf237f-7b18-41f8-b081-ee95f05ce947,c9549b4e-052f-421d-b8f7-e4aa2078007e,2026-05-16T13:49:11.023Z,0,,29.70574951171875,71.880859375,29.433517456054688,100104.125,29.219451904296875,100541.046875,42.431549072265625,100469.53125,19.459379196166992,0,-0.35791015625,-0.944580078125,0.13134765625,0,0,-1.46484375,-1.8310546875,-6.04248046875,0,0,"0",full
5acf237f-7b18-41f8-b081-ee95f05ce947,c9549b4e-052f-421d-b8f7-e4aa2078007e,2026-05-16T13:49:11.069Z,0,,29.70574951171875,71.880859375,29.442611694335938,100068.828125,29.217147827148438,100539.78125,42.43016052246094,100469.53125,19.459379196166992,0,-0.348876953125,-0.928466796875,0.12939453125,0,0,-2.197265625,-0.42724609375,-2.01416015625,0,0,"0",full
5acf237f-7b18-41f8-b081-ee95f05ce947,c9549b4e-052f-421d-b8f7-e4aa2078007e,2026-05-16T13:49:11.085Z,0,,29.727195739746094,76.427978515625,29.443328857421875,100065.03125,29.217147827148438,100539.78125,42.43016052246094,100469.53125,19.466459274291992,0,-0.348876953125,-0.928466796875,0.12939453125,0,0,-2.197265625,-0.42724609375,-2.01416015625,0,0,"0",full
5acf237f-7b18-41f8-b081-ee95f05ce947,c9549b4e-052f-421d-b8f7-e4aa2078007e,2026-05-16T13:49:11.188Z,0,,29.727195739746094,76.427978515625,29.443328857421875,100065.03125,29.217147827148438,100539.78125,42.429962158203125,100469.515625,19.466459274291992,0,-0.348876953125,-0.928466796875,0.12939453125,0,0,-2.197265625,-0.42724609375,-2.01416015625,0,0,"0",full
5acf237f-7b18-41f8-b081-ee95f05ce947,c9549b4e-052f-421d-b8f7-e4aa2078007e,2026-05-16T13:49:11.216Z,0,,29.727195739746094,76.427978515625,29.444976806640625,100049.734375,29.220733642578125,100539.015625,42.429962158203125,100469.515625,19.466459274291992,0,-0.342041015625,-0.9248046875,0.115478515625,0,0,0.06103515625,-1.708984375,-0.79345703125,0,0,"0",full
5acf237f-7b18-41f8-b081-ee95f05ce947,c9549b4e-052f-421d-b8f7-e4aa2078007e,2026-05-16T13:49:11.293Z,0,,29.727195739746094,76.427978515625,29.444976806640625,100049.734375,29.220733642578125,100539.015625,42.42803955078125,100469.53125,19.466459274291992,0,-0.342041015625,-0.9248046875,0.115478515625,0,0,0.06103515625,-1.708984375,-0.79345703125,0,0,"0",full
5acf237f-7b18-41f8-b081-ee95f05ce947,c9549b4e-052f-421d-b8f7-e4aa2078007e,2026-05-16T13:49:11.353Z,0,,29.727195739746094,76.427978515625,29.445816040039062,100037.796875,29.224105834960938,100538.671875,42.428802490234375,100469.546875,19.466459274291992,0,-0.325439453125,-0.892822265625,0.1103515625,0,0,2.86865234375,5.43212890625,9.70458984375,0,0,"0",full
5acf237f-7b18-41f8-b081-ee95f05ce947,c9549b4e-052f-421d-b8f7-e4aa2078007e,2026-05-16T13:49:11.368Z,0,,29.73792266845703,79.8154296875,29.445816040039062,100037.796875,29.224029541015625,100538.671875,42.428619384765625,100469.546875,19.438140869140625,0,-0.334228515625,-0.908447265625,0.10986328125,0,0,2.01416015625,5.2490234375,12.87841796875,0,0,"0",full
5acf237f-7b18-41f8-b081-ee95f05ce947,c9549b4e-052f-421d-b8f7-e4aa2078007e,2026-05-16T13:49:11.445Z,0,,29.73792266845703,79.8154296875,29.445816040039062,100037.796875,29.224029541015625,100538.671875,42.42909240722656,100469.46875,19.438140869140625,0,-0.334228515625,-0.908447265625,0.10986328125,0,0,2.01416015625,5.2490234375,12.87841796875,0,0,"0",full
5acf237f-7b18-41f8-b081-ee95f05ce947,c9549b4e-052f-421d-b8f7-e4aa2078007e,2026-05-16T13:49:11.473Z,0,,29.73792266845703,79.8154296875,29.443374633789062,100035.359375,29.224411010742188,100538.71875,42.428863525390625,100469.484375,19.438140869140625,0,-0.361083984375,-0.9306640625,0.111572265625,0,0,2.44140625,-4.8828125,-3.662109375,0,0,"0",full
5acf237f-7b18-41f8-b081-ee95f05ce947,c9549b4e-052f-421d-b8f7-e4aa2078007e,2026-05-16T13:49:11.563Z,0,,29.73792266845703,79.8154296875,29.443374633789062,100035.359375,29.224411010742188,100538.71875,42.42787170410156,100469.453125,19.438140869140625,0,-0.361083984375,-0.9306640625,0.111572265625,0,0,2.44140625,-4.8828125,-3.662109375,0,0,"0",full
5acf237f-7b18-41f8-b081-ee95f05ce947,c9549b4e-052f-421d-b8f7-e4aa2078007e,2026-05-16T13:49:11.624Z,0,,29.73792266845703,79.8154296875,29.440673828125,100044.171875,29.223556518554688,100539.359375,42.426177978515625,100469.46875,19.438140869140625,0,-0.344970703125,-0.891357421875,0.0869140625,0,0,1.15966796875,1.953125,3.7841796875,0,0,"0",full
5acf237f-7b18-41f8-b081-ee95f05ce947,c9549b4e-052f-421d-b8f7-e4aa2078007e,2026-05-16T13:49:11.653Z,0,,29.684295654296875,82.19580078125,29.440948486328125,100047.671875,29.223556518554688,100539.359375,42.426177978515625,100469.46875,19.381500244140625,0,-0.344970703125,-0.891357421875,0.0869140625,0,0,1.15966796875,1.953125,3.7841796875,0,0,"0",full
5acf237f-7b18-41f8-b081-ee95f05ce947,c9549b4e-052f-421d-b8f7-e4aa2078007e,2026-05-16T13:49:11.728Z,0,,29.684295654296875,82.19580078125,29.440948486328125,100047.671875,29.223556518554688,100539.359375,42.425048828125,100469.375,19.381500244140625,0,-0.344970703125,-0.891357421875,0.0869140625,0,0,1.15966796875,1.953125,3.7841796875,0,0,"0",full
5acf237f-7b18-41f8-b081-ee95f05ce947,c9549b4e-052f-421d-b8f7-e4aa2078007e,2026-05-16T13:49:11.752Z,0,,29.684295654296875,82.19580078125,29.440231323242188,100077.640625,29.221450805664062,100539.734375,42.425048828125,100469.375,19.381500244140625,0,-0.3310546875,-0.91259765625,0.09814453125,0,0,-0.18310546875,-1.03759765625,-2.44140625,0,0,"0",full
5acf237f-7b18-41f8-b081-ee95f05ce947,c9549b4e-052f-421d-b8f7-e4aa2078007e,2026-05-16T13:49:11.835Z,0,,29.684295654296875,82.19580078125,29.440231323242188,100077.640625,29.221450805664062,100539.734375,42.42701721191406,100469.328125,19.381500244140625,0,-0.3310546875,-0.91259765625,0.09814453125,0,0,-0.18310546875,-1.03759765625,-2.44140625,0,0,"0",full
5acf237f-7b18-41f8-b081-ee95f05ce947,c9549b4e-052f-421d-b8f7-e4aa2078007e,2026-05-16T13:49:11.893Z,0,,29.684295654296875,82.19580078125,29.428985595703125,100157.15625,29.22119140625,100540.109375,42.42591857910156,100469.3125,19.381500244140625,0,-0.320068359375,-0.91552734375,0.093017578125,0,0,0.6103515625,-1.89208984375,-1.77001953125,0,0,"0",full
5acf237f-7b18-41f8-b081-ee95f05ce947,c9549b4e-052f-421d-b8f7-e4aa2078007e,2026-05-16T13:49:11.910Z,0,,29.544876098632812,81.33367919921875,29.428985595703125,100157.15625,29.22119140625,100540.109375,42.42536926269531,100469.28125,19.296539306640625,0,-0.320068359375,-0.91552734375,0.093017578125,0,0,0.6103515625,-1.89208984375,-1.77001953125,0,0,"0",full
5acf237f-7b18-41f8-b081-ee95f05ce947,c9549b4e-052f-421d-b8f7-e4aa2078007e,2026-05-16T13:49:12.014Z,0,,29.544876098632812,81.33367919921875,29.428985595703125,100157.15625,29.22119140625,100540.109375,42.42559814453125,100469.203125,19.296539306640625,0,-0.320068359375,-0.91552734375,0.093017578125,0,0,0.6103515625,-1.89208984375,-1.77001953125,0,0,"0",full
5acf237f-7b18-41f8-b081-ee95f05ce947,c9549b4e-052f-421d-b8f7-e4aa2078007e,2026-05-16T13:49:12.039Z,0,,29.544876098632812,81.33367919921875,29.424041748046875,100227.03125,29.221511840820312,100541.359375,42.42559814453125,100469.203125,19.296539306640625,0,-0.391357421875,-0.962158203125,0.122802734375,0,0,-2.44140625,1.64794921875,-0.732421875,0,0,"0",full
5acf237f-7b18-41f8-b081-ee95f05ce947,c9549b4e-052f-421d-b8f7-e4aa2078007e,2026-05-16T13:49:12.103Z,0,,29.544876098632812,81.33367919921875,29.424041748046875,100227.03125,29.221511840820312,100541.359375,42.42669677734375,100469.203125,19.296539306640625,0,-0.391357421875,-0.962158203125,0.122802734375,0,0,-2.44140625,1.64794921875,-0.732421875,0,0,"0",full
5acf237f-7b18-41f8-b081-ee95f05ce947,c9549b4e-052f-421d-b8f7-e4aa2078007e,2026-05-16T13:49:12.166Z,0,,29.544876098632812,81.33367919921875,29.414047241210938,100318.390625,29.218902587890625,100544.390625,42.425689697265625,100469.1875,19.296539306640625,0,-0.388671875,-0.970458984375,0.098876953125,0,0,1.64794921875,-0.3662109375,-5.06591796875,0,0,"0",full
5acf237f-7b18-41f8-b081-ee95f05ce947,c9549b4e-052f-421d-b8f7-e4aa2078007e,2026-05-16T13:49:12.194Z,0,,29.491249084472656,74.6427001953125,29.412628173828125,100329.859375,29.218475341796875,100544.796875,42.425689697265625,100469.1875,19.239900588989258,0,-0.336181640625,-0.91064453125,0.115234375,0,0,0.06103515625,-1.708984375,-8.11767578125,0,0,"0",full
5acf237f-7b18-41f8-b081-ee95f05ce947,c9549b4e-052f-421d-b8f7-e4aa2078007e,2026-05-16T13:49:12.269Z,0,,29.491249084472656,74.6427001953125,29.412628173828125,100329.859375,29.218475341796875,100544.796875,42.42230224609375,100469.234375,19.239900588989258,0,-0.336181640625,-0.91064453125,0.115234375,0,0,0.06103515625,-1.708984375,-8.11767578125,0,0,"0",full
5acf237f-7b18-41f8-b081-ee95f05ce947,c9549b4e-052f-421d-b8f7-e4aa2078007e,2026-05-16T13:49:12.309Z,0,,29.491249084472656,74.6427001953125,29.408584594726562,100380.671875,29.218505859375,100546.59375,42.42230224609375,100469.234375,19.239900588989258,0,-0.349853515625,-0.931396484375,0.104736328125,0,0,0.1220703125,2.0751953125,6.65283203125,0,0,"0",full
5acf237f-7b18-41f8-b081-ee95f05ce947,c9549b4e-052f-421d-b8f7-e4aa2078007e,2026-05-16T13:49:12.390Z,0,,29.491249084472656,74.6427001953125,29.408584594726562,100380.671875,29.218505859375,100546.59375,42.41990661621094,100469.25,19.239900588989258,0,-0.349853515625,-0.931396484375,0.104736328125,0,0,0.1220703125,2.0751953125,6.65283203125,0,0,"0",full
5acf237f-7b18-41f8-b081-ee95f05ce947,c9549b4e-052f-421d-b8f7-e4aa2078007e,2026-05-16T13:49:12.434Z,0,,29.491249084472656,74.6427001953125,29.404037475585938,100435.203125,29.218780517578125,100548.78125,42.418975830078125,100469.28125,19.239900588989258,0,-0.329833984375,-0.958984375,0.1201171875,0,0,-2.01416015625,-0.9765625,-3.35693359375,0,0,"0",full
5acf237f-7b18-41f8-b081-ee95f05ce947,c9549b4e-052f-421d-b8f7-e4aa2078007e,2026-05-16T13:49:12.449Z,0,,29.48052215576172,69.09613037109375,29.404037475585938,100435.203125,29.218780517578125,100548.78125,42.418975830078125,100469.28125,19.239900588989258,0,-0.329833984375,-0.958984375,0.1201171875,0,0,-2.01416015625,-0.9765625,-3.35693359375,0,0,"0",full
5acf237f-7b18-41f8-b081-ee95f05ce947,c9549b4e-052f-421d-b8f7-e4aa2078007e,2026-05-16T13:49:12.554Z,0,,29.48052215576172,69.09613037109375,29.404037475585938,100435.203125,29.218780517578125,100548.78125,42.41838073730469,100469.203125,19.239900588989258,0,-0.329833984375,-0.958984375,0.1201171875,0,0,-2.01416015625,-0.9765625,-3.35693359375,0,0,"0",full
5acf237f-7b18-41f8-b081-ee95f05ce947,c9549b4e-052f-421d-b8f7-e4aa2078007e,2026-05-16T13:49:12.582Z,0,,29.48052215576172,69.09613037109375,29.40045166015625,100465.96875,29.219497680664062,100549.609375,42.41838073730469,100469.203125,19.239900588989258,0,-0.339599609375,-0.937255859375,0.138916015625,0,0,0.244140625,-0.67138671875,-2.38037109375,0,0,"0",full
5acf237f-7b18-41f8-b081-ee95f05ce947,c9549b4e-052f-421d-b8f7-e4aa2078007e,2026-05-16T13:49:12.644Z,0,,29.48052215576172,69.09613037109375,29.40045166015625,100465.96875,29.219497680664062,100549.609375,42.41748046875,100469.234375,19.239900588989258,0,-0.339599609375,-0.937255859375,0.138916015625,0,0,0.244140625,-0.67138671875,-2.38037109375,0,0,"0",full
5acf237f-7b18-41f8-b081-ee95f05ce947,c9549b4e-052f-421d-b8f7-e4aa2078007e,2026-05-16T13:49:12.721Z,0,,29.48052215576172,69.09613037109375,29.401260375976562,100487.3125,29.2203369140625,100548.65625,42.41680908203125,100469.265625,19.239900588989258,0,-0.40576171875,-0.98193359375,0.1376953125,0,0,0,1.46484375,-4.82177734375,0,0,"0",full
5acf237f-7b18-41f8-b081-ee95f05ce947,c9549b4e-052f-421d-b8f7-e4aa2078007e,2026-05-16T13:49:12.743Z,0,,29.491249084472656,65.35772705078125,29.400146484375,100482.875,29.2203369140625,100548.65625,42.41705322265625,100469.28125,19.261140823364258,0,-0.40576171875,-0.98193359375,0.1376953125,0,0,0,1.46484375,-4.82177734375,0,0,"0",full
5acf237f-7b18-41f8-b081-ee95f05ce947,c9549b4e-052f-421d-b8f7-e4aa2078007e,2026-05-16T13:49:12.823Z,0,,29.491249084472656,65.35772705078125,29.400146484375,100482.875,29.2203369140625,100548.65625,42.416748046875,100469.25,19.261140823364258,0,-0.40576171875,-0.98193359375,0.1376953125,0,0,0,1.46484375,-4.82177734375,0,0,"0",full
5acf237f-7b18-41f8-b081-ee95f05ce947,c9549b4e-052f-421d-b8f7-e4aa2078007e,2026-05-16T13:49:12.854Z,0,,29.491249084472656,65.35772705078125,29.399688720703125,100440.625,29.221038818359375,100545.828125,42.416534423828125,100469.265625,19.261140823364258,0,-0.361083984375,-0.9208984375,0.11279296875,0,0,0.48828125,2.50244140625,5.4931640625,0,0,"0",full
5acf237f-7b18-41f8-b081-ee95f05ce947,c9549b4e-052f-421d-b8f7-e4aa2078007e,2026-05-16T13:49:12.930Z,0,,29.491249084472656,65.35772705078125,29.399688720703125,100440.625,29.221038818359375,100545.828125,42.415130615234375,100469.3125,19.261140823364258,0,-0.361083984375,-0.9208984375,0.11279296875,0,0,0.48828125,2.50244140625,5.4931640625,0,0,"0",full
5acf237f-7b18-41f8-b081-ee95f05ce947,c9549b4e-052f-421d-b8f7-e4aa2078007e,2026-05-16T13:49:12.989Z,0,,29.491249084472656,65.35772705078125,29.408889770507812,100306.5625,29.222503662109375,100544.265625,42.41499328613281,100469.328125,19.261140823364258,0,-0.35986328125,-0.913330078125,0.11083984375,0,0,-0.91552734375,0.79345703125,6.89697265625,0,0,"0",full
5acf237f-7b18-41f8-b081-ee95f05ce947,c9549b4e-052f-421d-b8f7-e4aa2078007e,2026-05-16T13:49:13.004Z,0,,29.534149169921875,65.3348388671875,29.408889770507812,100306.5625,29.222274780273438,100543.984375,42.41499328613281,100469.328125,19.353179931640625,0,-0.401123046875,-0.931640625,0.12841796875,0,0,-0.48828125,2.5634765625,8.72802734375,0,0,"0",full
5acf237f-7b18-41f8-b081-ee95f05ce947,c9549b4e-052f-421d-b8f7-e4aa2078007e,2026-05-16T13:49:13.094Z,0,,29.534149169921875,65.3348388671875,29.408889770507812,100306.5625,29.222274780273438,100543.984375,42.41314697265625,100469.390625,19.353179931640625,0,-0.401123046875,-0.931640625,0.12841796875,0,0,-0.48828125,2.5634765625,8.72802734375,0,0,"0",full
5acf237f-7b18-41f8-b081-ee95f05ce947,c9549b4e-052f-421d-b8f7-e4aa2078007e,2026-05-16T13:49:13.119Z,0,,29.534149169921875,65.3348388671875,29.419052124023438,100229.375,29.222686767578125,100542.546875,42.41314697265625,100469.390625,19.353179931640625,0,-0.332275390625,-0.926025390625,0.10986328125,0,0,-1.28173828125,-1.15966796875,-2.86865234375,0,0,"0",full
5acf237f-7b18-41f8-b081-ee95f05ce947,c9549b4e-052f-421d-b8f7-e4aa2078007e,2026-05-16T13:49:13.215Z,0,,29.534149169921875,65.3348388671875,29.419052124023438,100229.375,29.222686767578125,100542.546875,42.412506103515625,100469.46875,19.353179931640625,0,-0.332275390625,-0.926025390625,0.10986328125,0,0,-1.28173828125,-1.15966796875,-2.86865234375,0,0,"0",full
5acf237f-7b18-41f8-b081-ee95f05ce947,c9549b4e-052f-421d-b8f7-e4aa2078007e,2026-05-16T13:49:13.245Z,0,,29.534149169921875,65.3348388671875,29.431793212890625,100150.0625,29.225967407226562,100540.28125,42.412628173828125,100469.5,19.353179931640625,0,-0.35791015625,-0.928955078125,0.1123046875,0,0,-1.708984375,-4.0283203125,-6.16455078125,0,0,"0",full
5acf237f-7b18-41f8-b081-ee95f05ce947,c9549b4e-052f-421d-b8f7-e4aa2078007e,2026-05-16T13:49:13.276Z,0,,29.684295654296875,72.18603515625,29.433837890625,100141.28125,29.225967407226562,100540.28125,42.412506103515625,100469.515625,19.409820556640625,0,-0.35791015625,-0.928955078125,0.1123046875,0,0,-1.708984375,-4.0283203125,-6.16455078125,0,0,"0",full
5acf237f-7b18-41f8-b081-ee95f05ce947,c9549b4e-052f-421d-b8f7-e4aa2078007e,2026-05-16T13:49:13.365Z,0,,29.684295654296875,72.18603515625,29.433837890625,100141.28125,29.225967407226562,100540.28125,42.41096496582031,100469.546875,19.409820556640625,0,-0.35791015625,-0.928955078125,0.1123046875,0,0,-1.708984375,-4.0283203125,-6.16455078125,0,0,"0",full
5acf237f-7b18-41f8-b081-ee95f05ce947,c9549b4e-052f-421d-b8f7-e4aa2078007e,2026-05-16T13:49:13.395Z,0,,29.684295654296875,72.18603515625,29.440292358398438,100110.90625,29.228118896484375,100538.984375,42.41096496582031,100469.546875,19.409820556640625,0,-0.33056640625,-0.8916015625,0.098388671875,0,0,1.03759765625,5.92041015625,14.0380859375,0,0,"0",full
5acf237f-7b18-41f8-b081-ee95f05ce947,c9549b4e-052f-421d-b8f7-e4aa2078007e,2026-05-16T13:49:13.471Z,0,,29.684295654296875,72.18603515625,29.440292358398438,100110.90625,29.228118896484375,100538.984375,42.40998840332031,100469.65625,19.409820556640625,0,-0.33056640625,-0.8916015625,0.098388671875,0,0,1.03759765625,5.92041015625,14.0380859375,0,0,"0",full
5acf237f-7b18-41f8-b081-ee95f05ce947,c9549b4e-052f-421d-b8f7-e4aa2078007e,2026-05-16T13:49:13.529Z,0,,29.684295654296875,72.18603515625,29.452850341796875,100067.53125,29.2288818359375,100537.65625,42.407196044921875,100469.703125,19.409820556640625,0,-0.375732421875,-0.908447265625,0.12109375,0,0,0.3662109375,-0.67138671875,-4.69970703125,0,0,"0",full
5acf237f-7b18-41f8-b081-ee95f05ce947,c9549b4e-052f-421d-b8f7-e4aa2078007e,2026-05-16T13:49:13.545Z,0,,29.73792266845703,76.80181884765625,29.452850341796875,100067.53125,29.22955322265625,100537.5,42.407196044921875,100469.703125,19.409820556640625,0,-0.375732421875,-0.908447265625,0.12109375,0,0,0.3662109375,-0.67138671875,-4.69970703125,0,0,"0",full
5acf237f-7b18-41f8-b081-ee95f05ce947,c9549b4e-052f-421d-b8f7-e4aa2078007e,2026-05-16T13:49:13.634Z,0,,29.73792266845703,76.80181884765625,29.452850341796875,100067.53125,29.22955322265625,100537.5,42.40692138671875,100469.75,19.409820556640625,0,-0.375732421875,-0.908447265625,0.12109375,0,0,0.3662109375,-0.67138671875,-4.69970703125,0,0,"0",full
5acf237f-7b18-41f8-b081-ee95f05ce947,c9549b4e-052f-421d-b8f7-e4aa2078007e,2026-05-16T13:49:13.657Z,0,,29.73792266845703,76.80181884765625,29.457412719726562,100050.65625,29.230545043945312,100537.265625,42.40692138671875,100469.75,19.409820556640625,0,-0.37646484375,-0.944091796875,0.1279296875,0,0,-0.48828125,-2.25830078125,-1.708984375,0,0,"0",full
5acf237f-7b18-41f8-b081-ee95f05ce947,c9549b4e-052f-421d-b8f7-e4aa2078007e,2026-05-16T13:49:13.755Z,0,,29.73792266845703,76.80181884765625,29.457412719726562,100050.65625,29.230545043945312,100537.265625,42.40626525878906,100469.75,19.409820556640625,0,-0.37646484375,-0.944091796875,0.1279296875,0,0,-0.48828125,-2.25830078125,-1.708984375,0,0,"0",full
5acf237f-7b18-41f8-b081-ee95f05ce947,c9549b4e-052f-421d-b8f7-e4aa2078007e,2026-05-16T13:49:13.814Z,0,,29.73792266845703,76.80181884765625,29.461471557617188,100038.28125,29.232757568359375,100537.203125,42.40582275390625,100469.78125,19.409820556640625,0,-0.39794921875,-0.956298828125,0.12109375,0,0,-0.30517578125,-0.91552734375,0.48828125,0,0,"0",full
5acf237f-7b18-41f8-b081-ee95f05ce947,c9549b4e-052f-421d-b8f7-e4aa2078007e,2026-05-16T13:49:13.845Z,0,,29.73792266845703,80.151123046875,29.461105346679688,100037.4375,29.232757568359375,100537.203125,42.40582275390625,100469.78125,19.388580322265625,0,-0.375732421875,-0.96484375,0.140869140625,0,0,-0.06103515625,-1.3427734375,-0.42724609375,0,0,"0",full
5acf237f-7b18-41f8-b081-ee95f05ce947,c9549b4e-052f-421d-b8f7-e4aa2078007e,2026-05-16T13:49:13.911Z,0,,29.73792266845703,80.151123046875,29.461105346679688,100037.4375,29.232757568359375,100537.203125,42.40489196777344,100469.796875,19.388580322265625,0,-0.375732421875,-0.96484375,0.140869140625,0,0,-0.06103515625,-1.3427734375,-0.42724609375,0,0,"0",full
5acf237f-7b18-41f8-b081-ee95f05ce947,c9549b4e-052f-421d-b8f7-e4aa2078007e,2026-05-16T13:49:13.935Z,0,,29.73792266845703,80.151123046875,29.457504272460938,100039.40625,29.233627319335938,100537.1875,42.40489196777344,100469.796875,19.388580322265625,0,-0.341796875,-0.91796875,0.12353515625,0,0,1.52587890625,8.30078125,13.7939453125,0,0,"0",full
5acf237f-7b18-41f8-b081-ee95f05ce947,c9549b4e-052f-421d-b8f7-e4aa2078007e,2026-05-16T13:49:14.011Z,0,,29.73792266845703,80.151123046875,29.457504272460938,100039.40625,29.233627319335938,100537.1875,42.40400695800781,100469.71875,19.388580322265625,0,-0.341796875,-0.91796875,0.12353515625,0,0,1.52587890625,8.30078125,13.7939453125,0,0,"0",full
5acf237f-7b18-41f8-b081-ee95f05ce947,c9549b4e-052f-421d-b8f7-e4aa2078007e,2026-05-16T13:49:14.070Z,0,,29.73792266845703,80.151123046875,29.447723388671875,100092.703125,29.231765747070312,100538.25,42.40409851074219,100469.703125,19.388580322265625,0,-0.337646484375,-0.922607421875,0.1103515625,0,0,-0.732421875,-3.5400390625,-2.25830078125,0,0,"0",full
5acf237f-7b18-41f8-b081-ee95f05ce947,c9549b4e-052f-421d-b8f7-e4aa2078007e,2026-05-16T13:49:14.086Z,0,,29.641395568847656,82.134765625,29.447723388671875,100092.703125,29.231765747070312,100538.25,42.40373229980469,100469.6875,19.324859619140625,0,-0.337646484375,-0.922607421875,0.1103515625,0,0,-0.732421875,-3.5400390625,-2.25830078125,0,0,"0",full
5acf237f-7b18-41f8-b081-ee95f05ce947,c9549b4e-052f-421d-b8f7-e4aa2078007e,2026-05-16T13:49:14.191Z,0,,29.641395568847656,82.134765625,29.447723388671875,100092.703125,29.231765747070312,100538.25,42.4029541015625,100469.71875,19.324859619140625,0,-0.337646484375,-0.922607421875,0.1103515625,0,0,-0.732421875,-3.5400390625,-2.25830078125,0,0,"0",full
5acf237f-7b18-41f8-b081-ee95f05ce947,c9549b4e-052f-421d-b8f7-e4aa2078007e,2026-05-16T13:49:14.214Z,0,,29.641395568847656,82.134765625,29.444900512695312,100153.46875,29.231658935546875,100539.59375,42.40301513671875,100469.6875,19.324859619140625,0,-0.36474609375,-0.933837890625,0.133056640625,0,0,0.79345703125,-0.6103515625,-3.96728515625,0,0,"0",full
5acf237f-7b18-41f8-b081-ee95f05ce947,c9549b4e-052f-421d-b8f7-e4aa2078007e,2026-05-16T13:49:14.295Z,0,,29.641395568847656,82.134765625,29.444900512695312,100153.46875,29.231658935546875,100539.59375,42.4012451171875,100469.703125,19.324859619140625,0,-0.36474609375,-0.933837890625,0.133056640625,0,0,0.79345703125,-0.6103515625,-3.96728515625,0,0,"0",full
5acf237f-7b18-41f8-b081-ee95f05ce947,c9549b4e-052f-421d-b8f7-e4aa2078007e,2026-05-16T13:49:14.358Z,0,,29.641395568847656,82.134765625,29.435867309570312,100248.484375,29.22979736328125,100542.0625,42.40119934082031,100469.703125,19.324859619140625,0,-0.364990234375,-0.93017578125,0.12158203125,0,0,2.197265625,1.77001953125,1.64794921875,0,0,"0",full
5acf237f-7b18-41f8-b081-ee95f05ce947,c9549b4e-052f-421d-b8f7-e4aa2078007e,2026-05-16T13:49:14.369Z,0,,29.501976013183594,77.2672119140625,29.435867309570312,100248.484375,29.230453491210938,100542.53125,42.40119934082031,100469.703125,19.268220901489258,0,-0.364990234375,-0.93017578125,0.12158203125,0,0,2.197265625,1.77001953125,1.64794921875,0,0,"0",full
5acf237f-7b18-41f8-b081-ee95f05ce947,c9549b4e-052f-421d-b8f7-e4aa2078007e,2026-05-16T13:49:14.445Z,0,,29.501976013183594,77.2672119140625,29.435867309570312,100248.484375,29.230453491210938,100542.53125,42.40068054199219,100469.6875,19.268220901489258,0,-0.364990234375,-0.93017578125,0.12158203125,0,0,2.197265625,1.77001953125,1.64794921875,0,0,"0",full
5acf237f-7b18-41f8-b081-ee95f05ce947,c9549b4e-052f-421d-b8f7-e4aa2078007e,2026-05-16T13:49:14.475Z,0,,29.501976013183594,77.2672119140625,29.42926025390625,100309.640625,29.2286376953125,100544.4375,42.40068054199219,100469.6875,19.268220901489258,0,-0.310302734375,-0.912353515625,0.1083984375,0,0,2.0751953125,0.9765625,5.55419921875,0,0,"0",full
5acf237f-7b18-41f8-b081-ee95f05ce947,c9549b4e-052f-421d-b8f7-e4aa2078007e,2026-05-16T13:49:14.565Z,0,,29.501976013183594,77.2672119140625,29.42926025390625,100309.640625,29.2286376953125,100544.4375,42.39781188964844,100469.703125,19.268220901489258,0,-0.310302734375,-0.912353515625,0.1083984375,0,0,2.0751953125,0.9765625,5.55419921875,0,0,"0",full
5acf237f-7b18-41f8-b081-ee95f05ce947,c9549b4e-052f-421d-b8f7-e4aa2078007e,2026-05-16T13:49:14.609Z,0,,29.501976013183594,77.2672119140625,29.419509887695312,100383.015625,29.230606079101562,100546.546875,42.39765930175781,100469.734375,19.268220901489258,0,-0.331298828125,-0.91748046875,0.10986328125,0,0,0.30517578125,3.11279296875,8.544921875,0,0,"0",full
5acf237f-7b18-41f8-b081-ee95f05ce947,c9549b4e-052f-421d-b8f7-e4aa2078007e,2026-05-16T13:49:14.624Z,0,,29.491249084472656,71.24761962890625,29.419509887695312,100383.015625,29.230606079101562,100546.546875,42.3973388671875,100469.75,19.268220901489258,0,-0.33642578125,-0.927734375,0.11181640625,0,0,-0.06103515625,3.662109375,8.48388671875,0,0,"0",full
5acf237f-7b18-41f8-b081-ee95f05ce947,c9549b4e-052f-421d-b8f7-e4aa2078007e,2026-05-16T13:49:14.729Z,0,,29.491249084472656,71.24761962890625,29.419509887695312,100383.015625,29.230606079101562,100546.546875,42.398101806640625,100469.859375,19.268220901489258,0,-0.33642578125,-0.927734375,0.11181640625,0,0,-0.06103515625,3.662109375,8.48388671875,0,0,"0",full
5acf237f-7b18-41f8-b081-ee95f05ce947,c9549b4e-052f-421d-b8f7-e4aa2078007e,2026-05-16T13:49:14.753Z,0,,29.491249084472656,71.24761962890625,29.415863037109375,100418.421875,29.2310791015625,100547.3125,42.398101806640625,100469.859375,19.268220901489258,0,-0.33056640625,-0.923095703125,0.11767578125,0,0,-0.48828125,-3.84521484375,-7.50732421875,0,0,"0",full
5acf237f-7b18-41f8-b081-ee95f05ce947,c9549b4e-052f-421d-b8f7-e4aa2078007e,2026-05-16T13:49:14.835Z,0,,29.491249084472656,71.24761962890625,29.415863037109375,100418.421875,29.2310791015625,100547.3125,42.39811706542969,100469.859375,19.268220901489258,0,-0.33056640625,-0.923095703125,0.11767578125,0,0,-0.48828125,-3.84521484375,-7.50732421875,0,0,"0",full
5acf237f-7b18-41f8-b081-ee95f05ce947,c9549b4e-052f-421d-b8f7-e4aa2078007e,2026-05-16T13:49:14.892Z,0,,29.491249084472656,71.24761962890625,29.41314697265625,100419.15625,29.231704711914062,100545.15625,42.3968505859375,100469.890625,19.268220901489258,0,-0.362548828125,-0.93408203125,0.115966796875,0,0,0.06103515625,0.244140625,-3.662109375,0,0,"0",full
5acf237f-7b18-41f8-b081-ee95f05ce947,c9549b4e-052f-421d-b8f7-e4aa2078007e,2026-05-16T13:49:14.910Z,0,,29.501976013183594,67.30322265625,29.41314697265625,100419.15625,29.231704711914062,100545.15625,42.3968505859375,100469.890625,19.268220901489258,0,-0.362548828125,-0.93408203125,0.115966796875,0,0,0.06103515625,0.244140625,-3.662109375,0,0,"0",full
5acf237f-7b18-41f8-b081-ee95f05ce947,c9549b4e-052f-421d-b8f7-e4aa2078007e,2026-05-16T13:49:14.986Z,0,,29.501976013183594,67.30322265625,29.41314697265625,100419.15625,29.231704711914062,100545.15625,42.395843505859375,100469.9375,19.268220901489258,0,-0.362548828125,-0.93408203125,0.115966796875,0,0,0.06103515625,0.244140625,-3.662109375,0,0,"0",full
5acf237f-7b18-41f8-b081-ee95f05ce947,c9549b4e-052f-421d-b8f7-e4aa2078007e,2026-05-16T13:49:15.016Z,0,,29.501976013183594,67.30322265625,29.415969848632812,100363.546875,29.23193359375,100543.765625,42.395843505859375,100469.9375,19.268220901489258,0,-0.34423828125,-0.939453125,0.106689453125,0,0,-1.03759765625,3.0517578125,4.69970703125,0,0,"0",full
5acf237f-7b18-41f8-b081-ee95f05ce947,c9549b4e-052f-421d-b8f7-e4aa2078007e,2026-05-16T13:49:15.105Z,0,,29.501976013183594,67.30322265625,29.415969848632812,100363.546875,29.23193359375,100543.765625,42.3951416015625,100469.953125,19.268220901489258,0,-0.34423828125,-0.939453125,0.106689453125,0,0,-1.03759765625,3.0517578125,4.69970703125,0,0,"0",full
5acf237f-7b18-41f8-b081-ee95f05ce947,c9549b4e-052f-421d-b8f7-e4aa2078007e,2026-05-16T13:49:15.164Z,0,,29.501976013183594,67.30322265625,29.423843383789062,100253.1875,29.231552124023438,100541.953125,42.39454650878906,100469.953125,19.268220901489258,0,-0.344482421875,-0.931396484375,0.1201171875,0,0,-1.3427734375,-0.244140625,0.79345703125,0,0,"0",full
5acf237f-7b18-41f8-b081-ee95f05ce947,c9549b4e-052f-421d-b8f7-e4aa2078007e,2026-05-16T13:49:15.194Z,0,,29.577049255371094,68.65362548828125,29.423843383789062,100253.1875,29.2315673828125,100541.703125,42.39454650878906,100469.953125,19.353179931640625,0,-0.344482421875,-0.931396484375,0.1201171875,0,0,-1.3427734375,-0.244140625,0.79345703125,0,0,"0",full
5acf237f-7b18-41f8-b081-ee95f05ce947,c9549b4e-052f-421d-b8f7-e4aa2078007e,2026-05-16T13:49:15.271Z,0,,29.577049255371094,68.65362548828125,29.423843383789062,100253.1875,29.2315673828125,100541.703125,42.39312744140625,100469.984375,19.353179931640625,0,-0.344482421875,-0.931396484375,0.1201171875,0,0,-1.3427734375,-0.244140625,0.79345703125,0,0,"0",full
5acf237f-7b18-41f8-b081-ee95f05ce947,c9549b4e-052f-421d-b8f7-e4aa2078007e,2026-05-16T13:49:15.300Z,0,,29.577049255371094,68.65362548828125,29.432296752929688,100196.46875,29.231796264648438,100539.71875,42.39312744140625,100469.984375,19.353179931640625,0,-0.30224609375,-0.91259765625,0.099365234375,0,0,1.40380859375,1.5869140625,2.86865234375,0,0,"0",full
5acf237f-7b18-41f8-b081-ee95f05ce947,c9549b4e-052f-421d-b8f7-e4aa2078007e,2026-05-16T13:49:15.390Z,0,,29.577049255371094,68.65362548828125,29.432296752929688,100196.46875,29.231796264648438,100539.71875,42.3919677734375,100470.140625,19.353179931640625,0,-0.30224609375,-0.91259765625,0.099365234375,0,0,1.40380859375,1.5869140625,2.86865234375,0,0,"0",full
5acf237f-7b18-41f8-b081-ee95f05ce947,c9549b4e-052f-421d-b8f7-e4aa2078007e,2026-05-16T13:49:15.434Z,0,,29.577049255371094,68.65362548828125,29.440948486328125,100138.109375,29.234115600585938,100537.640625,42.3909912109375,100470.1875,19.353179931640625,0,-0.333251953125,-0.93896484375,0.15185546875,0,0,-2.44140625,-1.46484375,-5.06591796875,0,0,"0",full
5acf237f-7b18-41f8-b081-ee95f05ce947,c9549b4e-052f-421d-b8f7-e4aa2078007e,2026-05-16T13:49:15.449Z,0,,29.684295654296875,74.45196533203125,29.440948486328125,100138.109375,29.234115600585938,100537.640625,42.391021728515625,100470.21875,19.381500244140625,0,-0.30126953125,-0.92822265625,0.130126953125,0,0,-2.01416015625,-0.42724609375,-1.03759765625,0,0,"0",full
5acf237f-7b18-41f8-b081-ee95f05ce947,c9549b4e-052f-421d-b8f7-e4aa2078007e,2026-05-16T13:49:15.554Z,0,,29.684295654296875,74.45196533203125,29.440948486328125,100138.109375,29.234115600585938,100537.640625,42.39155578613281,100470.25,19.381500244140625,0,-0.30126953125,-0.92822265625,0.130126953125,0,0,-2.01416015625,-0.42724609375,-1.03759765625,0,0,"0",full
5acf237f-7b18-41f8-b081-ee95f05ce947,c9549b4e-052f-421d-b8f7-e4aa2078007e,2026-05-16T13:49:15.578Z,0,,29.684295654296875,74.45196533203125,29.445999145507812,100107.140625,29.236343383789062,100536.734375,42.39166259765625,100470.265625,19.381500244140625,0,-0.410888671875,-0.958984375,0.113525390625,0,0,1.220703125,3.7841796875,2.99072265625,0,0,"0",full
5acf237f-7b18-41f8-b081-ee95f05ce947,c9549b4e-052f-421d-b8f7-e4aa2078007e,2026-05-16T13:49:15.644Z,0,,29.684295654296875,74.45196533203125,29.445999145507812,100107.140625,29.236343383789062,100536.734375,42.39129638671875,100470.28125,19.381500244140625,0,-0.410888671875,-0.958984375,0.113525390625,0,0,1.220703125,3.7841796875,2.99072265625,0,0,"0",full
5acf237f-7b18-41f8-b081-ee95f05ce947,c9549b4e-052f-421d-b8f7-e4aa2078007e,2026-05-16T13:49:15.704Z,0,,29.684295654296875,74.45196533203125,29.450149536132812,100074.21875,29.236648559570312,100536.078125,42.38978576660156,100470.359375,19.381500244140625,0,-0.34228515625,-0.919189453125,0.110107421875,0,0,-0.67138671875,1.15966796875,1.708984375,0,0,"0",full
5acf237f-7b18-41f8-b081-ee95f05ce947,c9549b4e-052f-421d-b8f7-e4aa2078007e,2026-05-16T13:49:15.734Z,0,,29.716476440429688,78.31243896484375,29.450149536132812,100074.21875,29.236495971679688,100536.015625,42.38978576660156,100470.359375,19.381500244140625,0,-0.34228515625,-0.919189453125,0.110107421875,0,0,-0.67138671875,1.15966796875,1.708984375,0,0,"0",full
5acf237f-7b18-41f8-b081-ee95f05ce947,c9549b4e-052f-421d-b8f7-e4aa2078007e,2026-05-16T13:49:15.810Z,0,,29.716476440429688,78.31243896484375,29.450149536132812,100074.21875,29.236495971679688,100536.015625,42.387664794921875,100470.40625,19.381500244140625,0,-0.34228515625,-0.919189453125,0.110107421875,0,0,-0.67138671875,1.15966796875,1.708984375,0,0,"0",full
5acf237f-7b18-41f8-b081-ee95f05ce947,c9549b4e-052f-421d-b8f7-e4aa2078007e,2026-05-16T13:49:15.833Z,0,,29.716476440429688,78.31243896484375,29.453216552734375,100062.796875,29.238265991210938,100536.03125,42.387664794921875,100470.40625,19.381500244140625,0,-0.385498046875,-0.951171875,0.149658203125,0,0,-1.220703125,-2.74658203125,-2.38037109375,0,0,"0",full
5acf237f-7b18-41f8-b081-ee95f05ce947,c9549b4e-052f-421d-b8f7-e4aa2078007e,2026-05-16T13:49:15.930Z,0,,29.716476440429688,78.31243896484375,29.453216552734375,100062.796875,29.238265991210938,100536.03125,42.38645935058594,100470.484375,19.381500244140625,0,-0.385498046875,-0.951171875,0.149658203125,0,0,-1.220703125,-2.74658203125,-2.38037109375,0,0,"0",full
5acf237f-7b18-41f8-b081-ee95f05ce947,c9549b4e-052f-421d-b8f7-e4aa2078007e,2026-05-16T13:49:15.975Z,0,,29.716476440429688,78.31243896484375,29.454498291015625,100062.1875,29.24066162109375,100536.453125,42.386444091796875,100470.546875,19.381500244140625,0,-0.402587890625,-0.9580078125,0.144287109375,0,0,-0.67138671875,-2.9296875,-6.34765625,0,0,"0",full
5acf237f-7b18-41f8-b081-ee95f05ce947,c9549b4e-052f-421d-b8f7-e4aa2078007e,2026-05-16T13:49:15.989Z,0,,29.695022583007812,81.1734619140625,29.454498291015625,100062.1875,29.24066162109375,100536.453125,42.38606262207031,100470.53125,19.317779541015625,0,-0.402587890625,-0.9580078125,0.144287109375,0,0,-0.67138671875,-2.9296875,-6.34765625,0,0,"0",full
5acf237f-7b18-41f8-b081-ee95f05ce947,c9549b4e-052f-421d-b8f7-e4aa2078007e,2026-05-16T13:49:16.094Z,0,,29.695022583007812,81.1734619140625,29.454498291015625,100062.1875,29.24066162109375,100536.453125,42.387725830078125,100470.59375,19.317779541015625,0,-0.402587890625,-0.9580078125,0.144287109375,0,0,-0.67138671875,-2.9296875,-6.34765625,0,0,"0",full
5acf237f-7b18-41f8-b081-ee95f05ce947,c9549b4e-052f-421d-b8f7-e4aa2078007e,2026-05-16T13:49:16.118Z,0,,29.695022583007812,81.1734619140625,29.452072143554688,100082.34375,29.241317749023438,100537.125,42.38768005371094,100470.640625,19.317779541015625,0,-0.357421875,-0.922119140625,0.105224609375,0,0,0.91552734375,1.46484375,0,0,0,"0",full
5acf237f-7b18-41f8-b081-ee95f05ce947,c9549b4e-052f-421d-b8f7-e4aa2078007e,2026-05-16T13:49:16.185Z,0,,29.695022583007812,81.1734619140625,29.452072143554688,100082.34375,29.241317749023438,100537.125,42.38702392578125,100470.65625,19.317779541015625,0,-0.357421875,-0.922119140625,0.105224609375,0,0,0.91552734375,1.46484375,0,0,0,"0",full
5acf237f-7b18-41f8-b081-ee95f05ce947,c9549b4e-052f-421d-b8f7-e4aa2078007e,2026-05-16T13:49:16.244Z,0,,29.695022583007812,81.1734619140625,29.447845458984375,100152.859375,29.241134643554688,100538.921875,42.385040283203125,100470.71875,19.317779541015625,0,-0.29833984375,-0.91064453125,0.10888671875,0,0,0.48828125,0.6103515625,2.74658203125,0,0,"0",full
5acf237f-7b18-41f8-b081-ee95f05ce947,c9549b4e-052f-421d-b8f7-e4aa2078007e,2026-05-16T13:49:16.275Z,0,,29.58777618408203,81.45574951171875,29.447845458984375,100152.859375,29.241134643554688,100538.921875,42.385040283203125,100470.71875,19.261140823364258,0,-0.31201171875,-0.899169921875,0.0986328125,0,0,1.5869140625,3.47900390625,7.26318359375,0,0,"0",full
5acf237f-7b18-41f8-b081-ee95f05ce947,c9549b4e-052f-421d-b8f7-e4aa2078007e,2026-05-16T13:49:16.365Z,0,,29.58777618408203,81.45574951171875,29.447845458984375,100152.859375,29.241134643554688,100538.921875,42.387725830078125,100470.75,19.261140823364258,0,-0.31201171875,-0.899169921875,0.0986328125,0,0,1.5869140625,3.47900390625,7.26318359375,0,0,"0",full
5acf237f-7b18-41f8-b081-ee95f05ce947,c9549b4e-052f-421d-b8f7-e4aa2078007e,2026-05-16T13:49:16.394Z,0,,29.58777618408203,81.45574951171875,29.443405151367188,100208.421875,29.23895263671875,100540.234375,42.387725830078125,100470.75,19.261140823364258,0,-0.392578125,-0.961181640625,0.13134765625,0,0,-0.42724609375,-1.03759765625,-6.8359375,0,0,"0",full
5acf237f-7b18-41f8-b081-ee95f05ce947,c9549b4e-052f-421d-b8f7-e4aa2078007e,2026-05-16T13:49:16.471Z,0,,29.58777618408203,81.45574951171875,29.443405151367188,100208.421875,29.23895263671875,100540.234375,42.38557434082031,100470.828125,19.261140823364258,0,-0.392578125,-0.961181640625,0.13134765625,0,0,-0.42724609375,-1.03759765625,-6.8359375,0,0,"0",full
5acf237f-7b18-41f8-b081-ee95f05ce947,c9549b4e-052f-421d-b8f7-e4aa2078007e,2026-05-16T13:49:16.529Z,0,,29.58777618408203,81.45574951171875,29.436782836914062,100290.453125,29.239166259765625,100542.1875,42.38336181640625,100470.859375,19.261140823364258,0,-0.392333984375,-0.9326171875,0.132080078125,0,0,1.15966796875,1.46484375,0.18310546875,0,0,"0",full
5acf237f-7b18-41f8-b081-ee95f05ce947,c9549b4e-052f-421d-b8f7-e4aa2078007e,2026-05-16T13:49:16.544Z,0,,29.523422241210938,75.36749267578125,29.436782836914062,100290.453125,29.23858642578125,100542.578125,42.38336181640625,100470.859375,19.239900588989258,0,-0.392333984375,-0.9326171875,0.132080078125,0,0,1.15966796875,1.46484375,0.18310546875,0,0,"0",full
5acf237f-7b18-41f8-b081-ee95f05ce947,c9549b4e-052f-421d-b8f7-e4aa2078007e,2026-05-16T13:49:16.635Z,0,,29.523422241210938,75.36749267578125,29.436782836914062,100290.453125,29.23858642578125,100542.578125,42.3809814453125,100470.90625,19.239900588989258,0,-0.392333984375,-0.9326171875,0.132080078125,0,0,1.15966796875,1.46484375,0.18310546875,0,0,"0",full
5acf237f-7b18-41f8-b081-ee95f05ce947,c9549b4e-052f-421d-b8f7-e4aa2078007e,2026-05-16T13:49:16.658Z,0,,29.523422241210938,75.36749267578125,29.433197021484375,100345.984375,29.239654541015625,100544.140625,42.3809814453125,100470.90625,19.239900588989258,0,-0.33935546875,-0.931640625,0.114013671875,0,0,0.1220703125,2.44140625,5.92041015625,0,0,"0",full
5acf237f-7b18-41f8-b081-ee95f05ce947,c9549b4e-052f-421d-b8f7-e4aa2078007e,2026-05-16T13:49:16.724Z,0,,29.523422241210938,75.36749267578125,29.433197021484375,100345.984375,29.239654541015625,100544.140625,42.38172912597656,100471,19.239900588989258,0,-0.33935546875,-0.931640625,0.114013671875,0,0,0.1220703125,2.44140625,5.92041015625,0,0,"0",full
5acf237f-7b18-41f8-b081-ee95f05ce947,c9549b4e-052f-421d-b8f7-e4aa2078007e,2026-05-16T13:49:16.787Z,0,,29.523422241210938,75.36749267578125,29.426910400390625,100406.34375,29.237808227539062,100546.671875,42.38075256347656,100471.03125,19.239900588989258,0,-0.29345703125,-0.903076171875,0.10986328125,0,0,-0.244140625,2.9296875,6.53076171875,0,0,"0",full
5acf237f-7b18-41f8-b081-ee95f05ce947,c9549b4e-052f-421d-b8f7-e4aa2078007e,2026-05-16T13:49:16.815Z,0,,29.5126953125,69.836181640625,29.427642822265625,100413.390625,29.237808227539062,100546.671875,42.37992858886719,100471.0625,19.239900588989258,0,-0.29345703125,-0.903076171875,0.10986328125,0,0,-0.244140625,2.9296875,6.53076171875,0,0,"0",full
5acf237f-7b18-41f8-b081-ee95f05ce947,c9549b4e-052f-421d-b8f7-e4aa2078007e,2026-05-16T13:49:16.906Z,0,,29.5126953125,69.836181640625,29.427642822265625,100413.390625,29.237808227539062,100546.671875,42.378570556640625,100471.171875,19.239900588989258,0,-0.29345703125,-0.903076171875,0.10986328125,0,0,-0.244140625,2.9296875,6.53076171875,0,0,"0",full
5acf237f-7b18-41f8-b081-ee95f05ce947,c9549b4e-052f-421d-b8f7-e4aa2078007e,2026-05-16T13:49:16.944Z,0,,29.5126953125,69.836181640625,29.423751831054688,100444.453125,29.238204956054688,100547.6875,42.37818908691406,100471.171875,19.239900588989258,0,-0.3466796875,-0.92529296875,0.12158203125,0,0,1.40380859375,0.67138671875,-1.5869140625,0,0,"0",full
5acf237f-7b18-41f8-b081-ee95f05ce947,c9549b4e-052f-421d-b8f7-e4aa2078007e,2026-05-16T13:49:17.008Z,0,,29.5126953125,69.836181640625,29.423751831054688,100444.453125,29.238204956054688,100547.6875,42.37586975097656,100471.234375,19.239900588989258,0,-0.3466796875,-0.92529296875,0.12158203125,0,0,1.40380859375,0.67138671875,-1.5869140625,0,0,"0",full
5acf237f-7b18-41f8-b081-ee95f05ce947,c9549b4e-052f-421d-b8f7-e4aa2078007e,2026-05-16T13:49:17.069Z,0,,29.5126953125,69.836181640625,29.423492431640625,100465.09375,29.240524291992188,100546.953125,42.37712097167969,100471.3125,19.239900588989258,0,-0.313720703125,-0.927734375,0.121826171875,0,0,0.3662109375,6.7138671875,10.92529296875,0,0,"0",full
5acf237f-7b18-41f8-b081-ee95f05ce947,c9549b4e-052f-421d-b8f7-e4aa2078007e,2026-05-16T13:49:17.084Z,0,,29.501976013183594,66.05963134765625,29.423492431640625,100465.09375,29.240524291992188,100546.953125,42.37712097167969,100471.3125,19.268220901489258,0,-0.3369140625,-0.926025390625,0.11865234375,0,0,1.5869140625,8.85009765625,10.986328125,0,0,"0",full
5acf237f-7b18-41f8-b081-ee95f05ce947,c9549b4e-052f-421d-b8f7-e4aa2078007e,2026-05-16T13:49:17.174Z,0,,29.501976013183594,66.05963134765625,29.423492431640625,100465.09375,29.240524291992188,100546.953125,42.376312255859375,100471.359375,19.268220901489258,0,-0.3369140625,-0.926025390625,0.11865234375,0,0,1.5869140625,8.85009765625,10.986328125,0,0,"0",full
5acf237f-7b18-41f8-b081-ee95f05ce947,c9549b4e-052f-421d-b8f7-e4aa2078007e,2026-05-16T13:49:17.198Z,0,,29.501976013183594,66.05963134765625,29.422714233398438,100423.359375,29.241485595703125,100545.46875,42.376312255859375,100471.359375,19.268220901489258,0,-0.351806640625,-0.9189453125,0.12548828125,0,0,0.8544921875,-2.5634765625,-8.30078125,0,0,"0",full
5acf237f-7b18-41f8-b081-ee95f05ce947,c9549b4e-052f-421d-b8f7-e4aa2078007e,2026-05-16T13:49:17.295Z,0,,29.501976013183594,66.05963134765625,29.422714233398438,100423.359375,29.241485595703125,100545.46875,42.374359130859375,100471.4375,19.268220901489258,0,-0.351806640625,-0.9189453125,0.12548828125,0,0,0.8544921875,-2.5634765625,-8.30078125,0,0,"0",full
5acf237f-7b18-41f8-b081-ee95f05ce947,c9549b4e-052f-421d-b8f7-e4aa2078007e,2026-05-16T13:49:17.324Z,0,,29.501976013183594,66.05963134765625,29.429977416992188,100317.0625,29.239791870117188,100544.171875,42.37359619140625,100471.4375,19.268220901489258,0,-0.335693359375,-0.950439453125,0.146728515625,0,0,-0.18310546875,1.15966796875,0.79345703125,0,0,"0",full
5acf237f-7b18-41f8-b081-ee95f05ce947,c9549b4e-052f-421d-b8f7-e4aa2078007e,2026-05-16T13:49:17.354Z,0,,29.55559539794922,65.929931640625,29.4322509765625,100302.046875,29.238983154296875,100543.9375,42.37382507324219,100471.484375,19.324859619140625,0,-0.335693359375,-0.950439453125,0.146728515625,0,0,-0.18310546875,1.15966796875,0.79345703125,0,0,"0",full
5acf237f-7b18-41f8-b081-ee95f05ce947,c9549b4e-052f-421d-b8f7-e4aa2078007e,2026-05-16T13:49:17.457Z,0,,29.55559539794922,65.929931640625,29.4322509765625,100302.046875,29.238983154296875,100543.9375,42.37213134765625,100471.515625,19.324859619140625,0,-0.335693359375,-0.950439453125,0.146728515625,0,0,-0.18310546875,1.15966796875,0.79345703125,0,0,"0",full
5acf237f-7b18-41f8-b081-ee95f05ce947,c9549b4e-052f-421d-b8f7-e4aa2078007e,2026-05-16T13:49:17.482Z,0,,29.55559539794922,65.929931640625,29.438827514648438,100234.703125,29.240264892578125,100542.28125,42.371917724609375,100471.5625,19.324859619140625,0,-0.364013671875,-0.913818359375,0.109619140625,0,0,2.01416015625,1.89208984375,3.23486328125,0,0,"0",full
5acf237f-7b18-41f8-b081-ee95f05ce947,c9549b4e-052f-421d-b8f7-e4aa2078007e,2026-05-16T13:49:17.550Z,0,,29.55559539794922,65.929931640625,29.438827514648438,100234.703125,29.240264892578125,100542.28125,42.37226867675781,100471.640625,19.324859619140625,0,-0.364013671875,-0.913818359375,0.109619140625,0,0,2.01416015625,1.89208984375,3.23486328125,0,0,"0",full
5acf237f-7b18-41f8-b081-ee95f05ce947,c9549b4e-052f-421d-b8f7-e4aa2078007e,2026-05-16T13:49:17.610Z,0,,29.55559539794922,65.929931640625,29.448257446289062,100163.578125,29.243850708007812,100540.03125,42.371856689453125,100471.75,19.324859619140625,0,-0.35205078125,-0.9306640625,0.12158203125,0,0,0.30517578125,3.23486328125,4.7607421875,0,0,"0",full
5acf237f-7b18-41f8-b081-ee95f05ce947,c9549b4e-052f-421d-b8f7-e4aa2078007e,2026-05-16T13:49:17.633Z,0,,29.695022583007812,72.33099365234375,29.448257446289062,100163.578125,29.243850708007812,100540.03125,42.371856689453125,100471.75,19.353179931640625,0,-0.35205078125,-0.9306640625,0.12158203125,0,0,0.30517578125,3.23486328125,4.7607421875,0,0,"0",full
5acf237f-7b18-41f8-b081-ee95f05ce947,c9549b4e-052f-421d-b8f7-e4aa2078007e,2026-05-16T13:49:17.730Z,0,,29.695022583007812,72.33099365234375,29.448257446289062,100163.578125,29.243850708007812,100540.03125,42.37298583984375,100471.828125,19.353179931640625,0,-0.35205078125,-0.9306640625,0.12158203125,0,0,0.30517578125,3.23486328125,4.7607421875,0,0,"0",full
5acf237f-7b18-41f8-b081-ee95f05ce947,c9549b4e-052f-421d-b8f7-e4aa2078007e,2026-05-16T13:49:17.752Z,0,,29.695022583007812,72.33099365234375,29.451919555664062,100127.515625,29.244003295898438,100539.21875,42.37298583984375,100471.828125,19.353179931640625,0,-0.327392578125,-0.940185546875,0.13525390625,0,0,-1.28173828125,-2.38037109375,-5.18798828125,0,0,"0",full
5acf237f-7b18-41f8-b081-ee95f05ce947,c9549b4e-052f-421d-b8f7-e4aa2078007e,2026-05-16T13:49:17.835Z,0,,29.695022583007812,72.33099365234375,29.451919555664062,100127.515625,29.244003295898438,100539.21875,42.37091064453125,100471.875,19.353179931640625,0,-0.327392578125,-0.940185546875,0.13525390625,0,0,-1.28173828125,-2.38037109375,-5.18798828125,0,0,"0",full
5acf237f-7b18-41f8-b081-ee95f05ce947,c9549b4e-052f-421d-b8f7-e4aa2078007e,2026-05-16T13:49:17.894Z,0,,29.695022583007812,72.33099365234375,29.456695556640625,100093.625,29.248123168945312,100538.671875,42.37068176269531,100471.953125,19.353179931640625,0,-0.337646484375,-0.918701171875,0.12548828125,0,0,0.3662109375,-0.42724609375,-1.89208984375,0,0,"0",full
5acf237f-7b18-41f8-b081-ee95f05ce947,c9549b4e-052f-421d-b8f7-e4aa2078007e,2026-05-16T13:49:17.909Z,0,,29.73792266845703,76.78656005859375,29.457672119140625,100090.03125,29.248123168945312,100538.671875,42.37068176269531,100471.953125,19.353179931640625,0,-0.35009765625,-0.944580078125,0.11767578125,0,0,0.54931640625,-0.30517578125,-1.220703125,0,0,"0",full
5acf237f-7b18-41f8-b081-ee95f05ce947,c9549b4e-052f-421d-b8f7-e4aa2078007e,2026-05-16T13:49:17.984Z,0,,29.73792266845703,76.78656005859375,29.457672119140625,100090.03125,29.248123168945312,100538.671875,42.368408203125,100472.015625,19.353179931640625,0,-0.35009765625,-0.944580078125,0.11767578125,0,0,0.54931640625,-0.30517578125,-1.220703125,0,0,"0",full
5acf237f-7b18-41f8-b081-ee95f05ce947,c9549b4e-052f-421d-b8f7-e4aa2078007e,2026-05-16T13:49:18.015Z,0,,29.73792266845703,76.78656005859375,29.45880126953125,100076.71875,29.248855590820312,100538.578125,42.368408203125,100472.015625,19.353179931640625,0,-0.350341796875,-0.9287109375,0.134033203125,0,0,-0.8544921875,-0.732421875,-1.52587890625,0,0,"0",full
5acf237f-7b18-41f8-b081-ee95f05ce947,c9549b4e-052f-421d-b8f7-e4aa2078007e,2026-05-16T13:49:18.105Z,0,,29.73792266845703,76.78656005859375,29.45880126953125,100076.71875,29.248855590820312,100538.578125,42.36891174316406,100472.078125,19.353179931640625,0,-0.350341796875,-0.9287109375,0.134033203125,0,0,-0.8544921875,-0.732421875,-1.52587890625,0,0,"0",full
5acf237f-7b18-41f8-b081-ee95f05ce947,c9549b4e-052f-421d-b8f7-e4aa2078007e,2026-05-16T13:49:18.148Z,0,,29.73792266845703,76.78656005859375,29.462646484375,100071.40625,29.249740600585938,100538.828125,42.36968994140625,100472.078125,19.353179931640625,0,-0.32373046875,-0.919921875,0.12353515625,0,0,0.9765625,1.953125,5.55419921875,0,0,"0",full
5acf237f-7b18-41f8-b081-ee95f05ce947,c9549b4e-052f-421d-b8f7-e4aa2078007e,2026-05-16T13:49:18.164Z,0,,29.727195739746094,79.8917236328125,29.462646484375,100071.40625,29.249176025390625,100538.90625,42.3695068359375,100472.09375,19.353179931640625,0,-0.32373046875,-0.919921875,0.12353515625,0,0,0.9765625,1.953125,5.55419921875,0,0,"0",full
5acf237f-7b18-41f8-b081-ee95f05ce947,c9549b4e-052f-421d-b8f7-e4aa2078007e,2026-05-16T13:49:18.271Z,0,,29.727195739746094,79.8917236328125,29.462646484375,100071.40625,29.249176025390625,100538.90625,42.36854553222656,100472.1875,19.353179931640625,0,-0.32373046875,-0.919921875,0.12353515625,0,0,0.9765625,1.953125,5.55419921875,0,0,"0",full
5acf237f-7b18-41f8-b081-ee95f05ce947,c9549b4e-052f-421d-b8f7-e4aa2078007e,2026-05-16T13:49:18.294Z,0,,29.727195739746094,79.8917236328125,29.459854125976562,100083.84375,29.250686645507812,100539.671875,42.36907958984375,100472.1875,19.353179931640625,0,-0.333984375,-0.919189453125,0.133544921875,0,0,2.13623046875,-5.37109375,-5.79833984375,0,0,"0",full
5acf237f-7b18-41f8-b081-ee95f05ce947,c9549b4e-052f-421d-b8f7-e4aa2078007e,2026-05-16T13:49:18.374Z,0,,29.727195739746094,79.8917236328125,29.459854125976562,100083.84375,29.250686645507812,100539.671875,42.36820983886719,100472.203125,19.353179931640625,0,-0.333984375,-0.919189453125,0.133544921875,0,0,2.13623046875,-5.37109375,-5.79833984375,0,0,"0",full
5acf237f-7b18-41f8-b081-ee95f05ce947,c9549b4e-052f-421d-b8f7-e4aa2078007e,2026-05-16T13:49:18.435Z,0,,29.727195739746094,79.8917236328125,29.455657958984375,100135.921875,29.249191284179688,100541.296875,42.368194580078125,100472.296875,19.353179931640625,0,-0.4130859375,-0.931884765625,0.136474609375,0,0,1.15966796875,1.03759765625,-3.35693359375,0,0,"0",full
5acf237f-7b18-41f8-b081-ee95f05ce947,c9549b4e-052f-421d-b8f7-e4aa2078007e,2026-05-16T13:49:18.450Z,0,,29.619949340820312,81.09716796875,29.454360961914062,100145.71875,29.249191284179688,100541.296875,42.368194580078125,100472.296875,19.296539306640625,0,-0.392333984375,-0.9423828125,0.141845703125,0,0,1.52587890625,0.3662109375,-4.7607421875,0,0,"0",full
5acf237f-7b18-41f8-b081-ee95f05ce947,c9549b4e-052f-421d-b8f7-e4aa2078007e,2026-05-16T13:49:18.525Z,0,,29.619949340820312,81.09716796875,29.454360961914062,100145.71875,29.249191284179688,100541.296875,42.368255615234375,100472.34375,19.296539306640625,0,-0.392333984375,-0.9423828125,0.141845703125,0,0,1.52587890625,0.3662109375,-4.7607421875,0,0,"0",full
5acf237f-7b18-41f8-b081-ee95f05ce947,c9549b4e-052f-421d-b8f7-e4aa2078007e,2026-05-16T13:49:18.554Z,0,,29.619949340820312,81.09716796875,29.44970703125,100200.734375,29.2490234375,100542.75,42.368255615234375,100472.34375,19.296539306640625,0,-0.3154296875,-0.93505859375,0.11962890625,0,0,4.150390625,3.5400390625,7.75146484375,0,0,"0",full
5acf237f-7b18-41f8-b081-ee95f05ce947,c9549b4e-052f-421d-b8f7-e4aa2078007e,2026-05-16T13:49:18.644Z,0,,29.619949340820312,81.09716796875,29.44970703125,100200.734375,29.2490234375,100542.75,42.36578369140625,100472.390625,19.296539306640625,0,-0.3154296875,-0.93505859375,0.11962890625,0,0,4.150390625,3.5400390625,7.75146484375,0,0,"0",full
5acf237f-7b18-41f8-b081-ee95f05ce947,c9549b4e-052f-421d-b8f7-e4aa2078007e,2026-05-16T13:49:18.705Z,0,,29.619949340820312,81.09716796875,29.443527221679688,100282.828125,29.2493896484375,100545.21875,42.36619567871094,100472.4375,19.296539306640625,0,-0.3017578125,-0.931640625,0.107666015625,0,0,1.5869140625,2.74658203125,4.82177734375,0,0,"0",full
5acf237f-7b18-41f8-b081-ee95f05ce947,c9549b4e-052f-421d-b8f7-e4aa2078007e,2026-05-16T13:49:18.735Z,0,,29.544876098632812,75.7108154296875,29.443527221679688,100282.828125,29.248428344726562,100545.5625,42.36564636230469,100472.4375,19.239900588989258,0,-0.289306640625,-0.93212890625,0.10595703125,0,0,0.6103515625,2.685546875,4.150390625,0,0,"0",full
5acf237f-7b18-41f8-b081-ee95f05ce947,c9549b4e-052f-421d-b8f7-e4aa2078007e,2026-05-16T13:49:18.809Z,0,,29.544876098632812,75.7108154296875,29.443527221679688,100282.828125,29.248428344726562,100545.5625,42.36552429199219,100472.5,19.239900588989258,0,-0.289306640625,-0.93212890625,0.10595703125,0,0,0.6103515625,2.685546875,4.150390625,0,0,"0",full
5acf237f-7b18-41f8-b081-ee95f05ce947,c9549b4e-052f-421d-b8f7-e4aa2078007e,2026-05-16T13:49:18.833Z,0,,29.544876098632812,75.7108154296875,29.439666748046875,100334.25,29.24652099609375,100546.90625,42.36503601074219,100472.515625,19.239900588989258,0,-0.3623046875,-0.92626953125,0.1142578125,0,0,0.30517578125,0.8544921875,-0.42724609375,0,0,"0",full
5acf237f-7b18-41f8-b081-ee95f05ce947,c9549b4e-052f-421d-b8f7-e4aa2078007e,2026-05-16T13:49:18.915Z,0,,29.544876098632812,75.7108154296875,29.439666748046875,100334.25,29.24652099609375,100546.90625,42.36494445800781,100472.5625,19.239900588989258,0,-0.3623046875,-0.92626953125,0.1142578125,0,0,0.30517578125,0.8544921875,-0.42724609375,0,0,"0",full
5acf237f-7b18-41f8-b081-ee95f05ce947,c9549b4e-052f-421d-b8f7-e4aa2078007e,2026-05-16T13:49:18.972Z,0,,29.544876098632812,75.7108154296875,29.43756103515625,100391.65625,29.24676513671875,100549.078125,42.36564636230469,100472.59375,19.239900588989258,0,-0.34521484375,-0.9228515625,0.123779296875,0,0,-2.197265625,-2.86865234375,-5.9814453125,0,0,"0",full
5acf237f-7b18-41f8-b081-ee95f05ce947,c9549b4e-052f-421d-b8f7-e4aa2078007e,2026-05-16T13:49:19.004Z,0,,29.5126953125,70.13372802734375,29.437911987304688,100398.46875,29.24676513671875,100549.078125,42.36564636230469,100472.59375,19.239900588989258,0,-0.34521484375,-0.9228515625,0.123779296875,0,0,-2.197265625,-2.86865234375,-5.9814453125,0,0,"0",full
5acf237f-7b18-41f8-b081-ee95f05ce947,c9549b4e-052f-421d-b8f7-e4aa2078007e,2026-05-16T13:49:19.095Z,0,,29.5126953125,70.13372802734375,29.437911987304688,100398.46875,29.24676513671875,100549.078125,42.36222839355469,100472.640625,19.239900588989258,0,-0.34521484375,-0.9228515625,0.123779296875,0,0,-2.197265625,-2.86865234375,-5.9814453125,0,0,"0",full
5acf237f-7b18-41f8-b081-ee95f05ce947,c9549b4e-052f-421d-b8f7-e4aa2078007e,2026-05-16T13:49:19.119Z,0,,29.5126953125,70.13372802734375,29.435943603515625,100428.828125,29.24688720703125,100549.765625,42.36222839355469,100472.640625,19.239900588989258,0,-0.280029296875,-0.92333984375,0.11572265625,0,0,2.13623046875,2.50244140625,5.18798828125,0,0,"0",full
5acf237f-7b18-41f8-b081-ee95f05ce947,c9549b4e-052f-421d-b8f7-e4aa2078007e,2026-05-16T13:49:19.184Z,0,,29.5126953125,70.13372802734375,29.435943603515625,100428.828125,29.24688720703125,100549.765625,42.35865783691406,100472.71875,19.239900588989258,0,-0.280029296875,-0.92333984375,0.11572265625,0,0,2.13623046875,2.50244140625,5.18798828125,0,0,"0",full
5acf237f-7b18-41f8-b081-ee95f05ce947,c9549b4e-052f-421d-b8f7-e4aa2078007e,2026-05-16T13:49:19.245Z,0,,29.5126953125,70.13372802734375,29.431381225585938,100449.78125,29.247879028320312,100548.78125,42.358154296875,100472.796875,19.239900588989258,0,-0.339599609375,-0.924072265625,0.106689453125,0,0,-0.54931640625,1.0986328125,-1.28173828125,0,0,"0",full
5acf237f-7b18-41f8-b081-ee95f05ce947,c9549b4e-052f-421d-b8f7-e4aa2078007e,2026-05-16T13:49:19.274Z,0,,29.534149169921875,66.51739501953125,29.431381225585938,100449.78125,29.247879028320312,100548.78125,42.358154296875,100472.796875,19.268220901489258,0,-0.296142578125,-0.927001953125,0.102783203125,0,0,0.54931640625,0.48828125,-1.5869140625,0,0,"0",full
5acf237f-7b18-41f8-b081-ee95f05ce947,c9549b4e-052f-421d-b8f7-e4aa2078007e,2026-05-16T13:49:19.350Z,0,,29.534149169921875,66.51739501953125,29.431381225585938,100449.78125,29.247879028320312,100548.78125,42.361328125,100472.828125,19.268220901489258,0,-0.296142578125,-0.927001953125,0.102783203125,0,0,0.54931640625,0.48828125,-1.5869140625,0,0,"0",full
5acf237f-7b18-41f8-b081-ee95f05ce947,c9549b4e-052f-421d-b8f7-e4aa2078007e,2026-05-16T13:49:19.372Z,0,,29.534149169921875,66.51739501953125,29.432174682617188,100416.40625,29.249542236328125,100547.765625,42.361328125,100472.828125,19.268220901489258,0,-0.326171875,-0.921630859375,0.111328125,0,0,-1.89208984375,0.3662109375,0.48828125,0,0,"0",full
5acf237f-7b18-41f8-b081-ee95f05ce947,c9549b4e-052f-421d-b8f7-e4aa2078007e,2026-05-16T13:49:19.470Z,0,,29.534149169921875,66.51739501953125,29.432174682617188,100416.40625,29.249542236328125,100547.765625,42.362030029296875,100472.9375,19.268220901489258,0,-0.326171875,-0.921630859375,0.111328125,0,0,-1.89208984375,0.3662109375,0.48828125,0,0,"0",full
5acf237f-7b18-41f8-b081-ee95f05ce947,c9549b4e-052f-421d-b8f7-e4aa2078007e,2026-05-16T13:49:19.522Z,0,,29.534149169921875,66.51739501953125,29.43670654296875,100331.28125,29.247085571289062,100546.984375,42.36064147949219,100472.984375,19.268220901489258,0,-0.30126953125,-0.928955078125,0.108642578125,0,0,0.30517578125,0.48828125,5.859375,0,0,"0",full
5acf237f-7b18-41f8-b081-ee95f05ce947,c9549b4e-052f-421d-b8f7-e4aa2078007e,2026-05-16T13:49:19.529Z,0,,29.566322326660156,66.4639892578125,29.43682861328125,100318.0625,29.246551513671875,100546.921875,42.360443115234375,100473.03125,19.296539306640625,0,-0.332763671875,-0.923828125,0.115966796875,0,0,0.06103515625,0.91552734375,5.55419921875,0,0,"0",full
5acf237f-7b18-41f8-b081-ee95f05ce947,c9549b4e-052f-421d-b8f7-e4aa2078007e,2026-05-16T13:49:19.635Z,0,,29.566322326660156,66.4639892578125,29.43682861328125,100318.0625,29.246551513671875,100546.921875,42.35821533203125,100473.09375,19.296539306640625,0,-0.332763671875,-0.923828125,0.115966796875,0,0,0.06103515625,0.91552734375,5.55419921875,0,0,"0",full
5acf237f-7b18-41f8-b081-ee95f05ce947,c9549b4e-052f-421d-b8f7-e4aa2078007e,2026-05-16T13:49:19.659Z,0,,29.566322326660156,66.4639892578125,29.442855834960938,100257.78125,29.247161865234375,100546.5,42.35896301269531,100473.125,19.296539306640625,0,-0.293701171875,-0.930908203125,0.117919921875,0,0,1.03759765625,1.28173828125,2.197265625,0,0,"0",full
5acf237f-7b18-41f8-b081-ee95f05ce947,c9549b4e-052f-421d-b8f7-e4aa2078007e,2026-05-16T13:49:19.724Z,0,,29.566322326660156,66.4639892578125,29.442855834960938,100257.78125,29.247161865234375,100546.5,42.35882568359375,100473.21875,19.296539306640625,0,-0.293701171875,-0.930908203125,0.117919921875,0,0,1.03759765625,1.28173828125,2.197265625,0,0,"0",full
5acf237f-7b18-41f8-b081-ee95f05ce947,c9549b4e-052f-421d-b8f7-e4aa2078007e,2026-05-16T13:49:19.785Z,0,,29.566322326660156,66.4639892578125,29.450958251953125,100194.125,29.24859619140625,100545.640625,42.358184814453125,100473.296875,19.296539306640625,0,-0.356689453125,-0.953125,0.134033203125,0,0,0.6103515625,-2.44140625,-5.92041015625,0,0,"0",full
5acf237f-7b18-41f8-b081-ee95f05ce947,c9549b4e-052f-421d-b8f7-e4aa2078007e,2026-05-16T13:49:19.815Z,0,,29.67357635498047,72.40728759765625,29.450958251953125,100194.125,29.24859619140625,100545.640625,42.358184814453125,100473.296875,19.353179931640625,0,-0.356689453125,-0.953125,0.134033203125,0,0,0.6103515625,-2.44140625,-5.92041015625,0,0,"0",full
5acf237f-7b18-41f8-b081-ee95f05ce947,c9549b4e-052f-421d-b8f7-e4aa2078007e,2026-05-16T13:49:19.889Z,0,,29.67357635498047,72.40728759765625,29.450958251953125,100194.125,29.24859619140625,100545.640625,42.358856201171875,100473.359375,19.353179931640625,0,-0.356689453125,-0.953125,0.134033203125,0,0,0.6103515625,-2.44140625,-5.92041015625,0,0,"0",full
5acf237f-7b18-41f8-b081-ee95f05ce947,c9549b4e-052f-421d-b8f7-e4aa2078007e,2026-05-16T13:49:19.911Z,0,,29.67357635498047,72.40728759765625,29.455841064453125,100162.9375,29.252212524414062,100545.171875,42.358856201171875,100473.359375,19.353179931640625,0,-0.294921875,-0.921142578125,0.106689453125,0,0,0.732421875,2.01416015625,0.732421875,0,0,"0",full
5acf237f-7b18-41f8-b081-ee95f05ce947,c9549b4e-052f-421d-b8f7-e4aa2078007e,2026-05-16T13:49:20.009Z,0,,29.67357635498047,72.40728759765625,29.455841064453125,100162.9375,29.252212524414062,100545.171875,42.356414794921875,100473.484375,19.353179931640625,0,-0.294921875,-0.921142578125,0.106689453125,0,0,0.732421875,2.01416015625,0.732421875,0,0,"0",full
5acf237f-7b18-41f8-b081-ee95f05ce947,c9549b4e-052f-421d-b8f7-e4aa2078007e,2026-05-16T13:49:20.068Z,0,,29.67357635498047,72.40728759765625,29.45379638671875,100137.46875,29.25018310546875,100544.78125,42.356048583984375,100473.546875,19.353179931640625,0,-0.34716796875,-0.918701171875,0.1259765625,0,0,1.0986328125,-2.86865234375,-1.52587890625,0,0,"0",full
5acf237f-7b18-41f8-b081-ee95f05ce947,c9549b4e-052f-421d-b8f7-e4aa2078007e,2026-05-16T13:49:20.083Z,0,,29.67357635498047,76.34405517578125,29.453857421875,100135.3125,29.25018310546875,100544.78125,42.35624694824219,100473.546875,19.381500244140625,0,-0.34814453125,-0.927001953125,0.13623046875,0,0,0.06103515625,-1.15966796875,0.42724609375,0,0,"0",full
5acf237f-7b18-41f8-b081-ee95f05ce947,c9549b4e-052f-421d-b8f7-e4aa2078007e,2026-05-16T13:49:20.174Z,0,,29.67357635498047,76.34405517578125,29.453857421875,100135.3125,29.25018310546875,100544.78125,42.3565673828125,100473.5625,19.381500244140625,0,-0.34814453125,-0.927001953125,0.13623046875,0,0,0.06103515625,-1.15966796875,0.42724609375,0,0,"0",full
5acf237f-7b18-41f8-b081-ee95f05ce947,c9549b4e-052f-421d-b8f7-e4aa2078007e,2026-05-16T13:49:20.197Z,0,,29.67357635498047,76.34405517578125,29.456329345703125,100130.5,29.25201416015625,100544.8125,42.356964111328125,100473.5625,19.381500244140625,0,-0.31396484375,-0.924560546875,0.088134765625,0,0,0.54931640625,2.38037109375,4.638671875,0,0,"0",full
5acf237f-7b18-41f8-b081-ee95f05ce947,c9549b4e-052f-421d-b8f7-e4aa2078007e,2026-05-16T13:49:20.263Z,0,,29.67357635498047,76.34405517578125,29.456329345703125,100130.5,29.25201416015625,100544.8125,42.35528564453125,100473.59375,19.381500244140625,0,-0.31396484375,-0.924560546875,0.088134765625,0,0,0.54931640625,2.38037109375,4.638671875,0,0,"0",full
5acf237f-7b18-41f8-b081-ee95f05ce947,c9549b4e-052f-421d-b8f7-e4aa2078007e,2026-05-16T13:49:20.325Z,0,,29.67357635498047,76.34405517578125,29.45709228515625,100139.328125,29.251693725585938,100545.25,42.35585021972656,100473.578125,19.381500244140625,0,-0.3271484375,-0.920654296875,0.102294921875,0,0,-0.54931640625,0.8544921875,1.03759765625,0,0,"0",full
5acf237f-7b18-41f8-b081-ee95f05ce947,c9549b4e-052f-421d-b8f7-e4aa2078007e,2026-05-16T13:49:20.355Z,0,,29.652122497558594,78.747314453125,29.45709228515625,100139.328125,29.25238037109375,100545.40625,42.35585021972656,100473.578125,19.353179931640625,0,-0.3369140625,-0.9404296875,0.12060546875,0,0,-0.48828125,-0.42724609375,0.3662109375,0,0,"0",full
5acf237f-7b18-41f8-b081-ee95f05ce947,c9549b4e-052f-421d-b8f7-e4aa2078007e,2026-05-16T13:49:20.445Z,0,,29.652122497558594,78.747314453125,29.45709228515625,100139.328125,29.25238037109375,100545.40625,42.35649108886719,100473.625,19.353179931640625,0,-0.3369140625,-0.9404296875,0.12060546875,0,0,-0.48828125,-0.42724609375,0.3662109375,0,0,"0",full
5acf237f-7b18-41f8-b081-ee95f05ce947,c9549b4e-052f-421d-b8f7-e4aa2078007e,2026-05-16T13:49:20.474Z,0,,29.652122497558594,78.747314453125,29.454620361328125,100167.734375,29.250625610351562,100546.421875,42.35649108886719,100473.625,19.353179931640625,0,-0.31640625,-0.914794921875,0.103515625,0,0,0.54931640625,0.244140625,0.54931640625,0,0,"0",full
5acf237f-7b18-41f8-b081-ee95f05ce947,c9549b4e-052f-421d-b8f7-e4aa2078007e,2026-05-16T13:49:20.554Z,0,,29.652122497558594,78.747314453125,29.454620361328125,100167.734375,29.250625610351562,100546.421875,42.35334777832031,100473.609375,19.353179931640625,0,-0.31640625,-0.914794921875,0.103515625,0,0,0.54931640625,0.244140625,0.54931640625,0,0,"0",full
5acf237f-7b18-41f8-b081-ee95f05ce947,c9549b4e-052f-421d-b8f7-e4aa2078007e,2026-05-16T13:49:20.608Z,0,,29.652122497558594,78.747314453125,29.452865600585938,100234.9375,29.251632690429688,100548.25,42.35438537597656,100473.640625,19.353179931640625,0,-0.329345703125,-0.9228515625,0.12353515625,0,0,-1.03759765625,-0.67138671875,1.64794921875,0,0,"0",full
5acf237f-7b18-41f8-b081-ee95f05ce947,c9549b4e-052f-421d-b8f7-e4aa2078007e,2026-05-16T13:49:20.624Z,0,,29.577049255371094,77.03070068359375,29.451553344726562,100245.984375,29.251632690429688,100548.25,42.35438537597656,100473.640625,19.296539306640625,0,-0.329345703125,-0.9228515625,0.12353515625,0,0,-1.03759765625,-0.67138671875,1.64794921875,0,0,"0",full
5acf237f-7b18-41f8-b081-ee95f05ce947,c9549b4e-052f-421d-b8f7-e4aa2078007e,2026-05-16T13:49:20.715Z,0,,29.577049255371094,77.03070068359375,29.451553344726562,100245.984375,29.251632690429688,100548.25,42.35383605957031,100473.6875,19.296539306640625,0,-0.329345703125,-0.9228515625,0.12353515625,0,0,-1.03759765625,-0.67138671875,1.64794921875,0,0,"0",full
5acf237f-7b18-41f8-b081-ee95f05ce947,c9549b4e-052f-421d-b8f7-e4aa2078007e,2026-05-16T13:49:20.738Z,0,,29.577049255371094,77.03070068359375,29.449722290039062,100301.8125,29.253173828125,100550,42.35383605957031,100473.6875,19.296539306640625,0,-0.332275390625,-0.935546875,0.13623046875,0,0,-0.48828125,-0.9765625,-1.03759765625,0,0,"0",full
5acf237f-7b18-41f8-b081-ee95f05ce947,c9549b4e-052f-421d-b8f7-e4aa2078007e,2026-05-16T13:49:20.835Z,0,,29.577049255371094,77.03070068359375,29.449722290039062,100301.8125,29.253173828125,100550,42.35076904296875,100473.6875,19.296539306640625,0,-0.332275390625,-0.935546875,0.13623046875,0,0,-0.48828125,-0.9765625,-1.03759765625,0,0,"0",full
5acf237f-7b18-41f8-b081-ee95f05ce947,c9549b4e-052f-421d-b8f7-e4aa2078007e,2026-05-16T13:49:20.865Z,0,,29.577049255371094,77.03070068359375,29.445083618164062,100371.1875,29.25311279296875,100552.140625,42.35099792480469,100473.703125,19.296539306640625,0,-0.301513671875,-0.9296875,0.101318359375,0,0,0.54931640625,1.28173828125,1.89208984375,0,0,"0",full
5acf237f-7b18-41f8-b081-ee95f05ce947,c9549b4e-052f-421d-b8f7-e4aa2078007e,2026-05-16T13:49:20.893Z,0,,29.534149169921875,70.934814453125,29.445083618164062,100371.1875,29.2523193359375,100552.46875,42.35099792480469,100473.703125,19.261140823364258,0,-0.327392578125,-0.938720703125,0.1083984375,0,0,0.732421875,-0.1220703125,-0.06103515625,0,0,"0",full
5acf237f-7b18-41f8-b081-ee95f05ce947,c9549b4e-052f-421d-b8f7-e4aa2078007e,2026-05-16T13:49:20.984Z,0,,29.534149169921875,70.934814453125,29.445083618164062,100371.1875,29.2523193359375,100552.46875,42.35084533691406,100473.828125,19.261140823364258,0,-0.327392578125,-0.938720703125,0.1083984375,0,0,0.732421875,-0.1220703125,-0.06103515625,0,0,"0",full
5acf237f-7b18-41f8-b081-ee95f05ce947,c9549b4e-052f-421d-b8f7-e4aa2078007e,2026-05-16T13:49:21.013Z,0,,29.534149169921875,70.934814453125,29.439834594726562,100412.171875,29.250946044921875,100553.78125,42.35084533691406,100473.828125,19.261140823364258,0,-0.334716796875,-0.934814453125,0.13623046875,0,0,-1.15966796875,0.48828125,-1.03759765625,0,0,"0",full
5acf237f-7b18-41f8-b081-ee95f05ce947,c9549b4e-052f-421d-b8f7-e4aa2078007e,2026-05-16T13:49:21.087Z,0,,29.534149169921875,70.934814453125,29.439834594726562,100412.171875,29.250946044921875,100553.78125,42.349456787109375,100473.875,19.261140823364258,0,-0.334716796875,-0.934814453125,0.13623046875,0,0,-1.15966796875,0.48828125,-1.03759765625,0,0,"0",full
5acf237f-7b18-41f8-b081-ee95f05ce947,c9549b4e-052f-421d-b8f7-e4aa2078007e,2026-05-16T13:49:21.147Z,0,,29.534149169921875,70.934814453125,29.43292236328125,100455.96875,29.25244140625,100555.609375,42.3487548828125,100473.921875,19.261140823364258,0,-0.343505859375,-0.950439453125,0.1298828125,0,0,0.67138671875,0.3662109375,-0.732421875,0,0,"0",full
5acf237f-7b18-41f8-b081-ee95f05ce947,c9549b4e-052f-421d-b8f7-e4aa2078007e,2026-05-16T13:49:21.162Z,0,,29.534149169921875,66.22747802734375,29.433670043945312,100461,29.25244140625,100555.609375,42.3487548828125,100473.921875,19.296539306640625,0,-0.33447265625,-0.96435546875,0.12548828125,0,0,0.48828125,0,-2.0751953125,0,0,"0",full
5acf237f-7b18-41f8-b081-ee95f05ce947,c9549b4e-052f-421d-b8f7-e4aa2078007e,2026-05-16T13:49:21.267Z,0,,29.534149169921875,66.22747802734375,29.433670043945312,100461,29.25244140625,100555.609375,42.3475341796875,100473.984375,19.296539306640625,0,-0.33447265625,-0.96435546875,0.12548828125,0,0,0.48828125,0,-2.0751953125,0,0,"0",full
5acf237f-7b18-41f8-b081-ee95f05ce947,c9549b4e-052f-421d-b8f7-e4aa2078007e,2026-05-16T13:49:21.291Z,0,,29.534149169921875,66.22747802734375,29.434158325195312,100482.34375,29.25311279296875,100556.078125,42.3475341796875,100473.984375,19.296539306640625,0,-0.3349609375,-0.927490234375,0.131591796875,0,0,-0.48828125,0.1220703125,1.40380859375,0,0,"0",full
5acf237f-7b18-41f8-b081-ee95f05ce947,c9549b4e-052f-421d-b8f7-e4aa2078007e,2026-05-16T13:49:21.372Z,0,,29.534149169921875,66.22747802734375,29.434158325195312,100482.34375,29.25311279296875,100556.078125,42.346832275390625,100474.046875,19.296539306640625,0,-0.3349609375,-0.927490234375,0.131591796875,0,0,-0.48828125,0.1220703125,1.40380859375,0,0,"0",full
5acf237f-7b18-41f8-b081-ee95f05ce947,c9549b4e-052f-421d-b8f7-e4aa2078007e,2026-05-16T13:49:21.433Z,0,,29.534149169921875,66.22747802734375,29.43377685546875,100506.5,29.25323486328125,100556,42.34727478027344,100474.078125,19.296539306640625,0,-0.319580078125,-0.930908203125,0.12548828125,0,0,0.18310546875,1.40380859375,0.8544921875,0,0,"0",full
5acf237f-7b18-41f8-b081-ee95f05ce947,c9549b4e-052f-421d-b8f7-e4aa2078007e,2026-05-16T13:49:21.446Z,0,,29.544876098632812,63.4580078125,29.43377685546875,100506.5,29.25323486328125,100556,42.3465576171875,100474.09375,19.353179931640625,0,-0.319580078125,-0.930908203125,0.12548828125,0,0,0.18310546875,1.40380859375,0.8544921875,0,0,"0",full
5acf237f-7b18-41f8-b081-ee95f05ce947,c9549b4e-052f-421d-b8f7-e4aa2078007e,2026-05-16T13:49:21.522Z,0,,29.544876098632812,63.4580078125,29.43377685546875,100506.5,29.25323486328125,100556,42.346832275390625,100474.09375,19.353179931640625,0,-0.319580078125,-0.930908203125,0.12548828125,0,0,0.18310546875,1.40380859375,0.8544921875,0,0,"0",full
5acf237f-7b18-41f8-b081-ee95f05ce947,c9549b4e-052f-421d-b8f7-e4aa2078007e,2026-05-16T13:49:21.552Z,0,,29.544876098632812,63.4580078125,29.431060791015625,100490.578125,29.2542724609375,100554.421875,42.34674072265625,100474.109375,19.353179931640625,0,-0.320556640625,-0.9365234375,0.12255859375,0,0,0.18310546875,0.67138671875,-0.18310546875,0,0,"0",full
5acf237f-7b18-41f8-b081-ee95f05ce947,c9549b4e-052f-421d-b8f7-e4aa2078007e,2026-05-16T13:49:21.657Z,0,,29.544876098632812,63.4580078125,29.431060791015625,100490.578125,29.2542724609375,100554.421875,42.34660339355469,100474.140625,19.353179931640625,0,-0.320556640625,-0.9365234375,0.12255859375,0,0,0.18310546875,0.67138671875,-0.18310546875,0,0,"0",full
5acf237f-7b18-41f8-b081-ee95f05ce947,c9549b4e-052f-421d-b8f7-e4aa2078007e,2026-05-16T13:49:21.690Z,0,,29.544876098632812,63.4580078125,29.439041137695312,100395.09375,29.25469970703125,100552.0625,42.34394836425781,100474.21875,19.353179931640625,0,-0.30810546875,-0.924560546875,0.122802734375,0,0,-0.6103515625,3.60107421875,4.21142578125,0,0,"0",full
5acf237f-7b18-41f8-b081-ee95f05ce947,c9549b4e-052f-421d-b8f7-e4aa2078007e,2026-05-16T13:49:21.702Z,0,,29.566322326660156,62.24493408203125,29.440322875976562,100379.015625,29.25567626953125,100551.875,42.34394836425781,100474.21875,19.409820556640625,0,-0.311767578125,-0.94091796875,0.1279296875,0,0,-0.67138671875,3.47900390625,4.33349609375,0,0,"0",full
5acf237f-7b18-41f8-b081-ee95f05ce947,c9549b4e-052f-421d-b8f7-e4aa2078007e,2026-05-16T13:49:21.807Z,0,,29.566322326660156,62.24493408203125,29.440322875976562,100379.015625,29.25567626953125,100551.875,42.34356689453125,100474.296875,19.409820556640625,0,-0.311767578125,-0.94091796875,0.1279296875,0,0,-0.67138671875,3.47900390625,4.33349609375,0,0,"0",full
5acf237f-7b18-41f8-b081-ee95f05ce947,c9549b4e-052f-421d-b8f7-e4aa2078007e,2026-05-16T13:49:21.833Z,0,,29.566322326660156,62.24493408203125,29.443557739257812,100318.09375,29.256240844726562,100551.03125,42.34356689453125,100474.296875,19.409820556640625,0,-0.34375,-0.93310546875,0.137939453125,0,0,-1.5869140625,-0.48828125,-1.0986328125,0,0,"0",full
5acf237f-7b18-41f8-b081-ee95f05ce947,c9549b4e-052f-421d-b8f7-e4aa2078007e,2026-05-16T13:49:21.915Z,0,,29.566322326660156,62.24493408203125,29.443557739257812,100318.09375,29.256240844726562,100551.03125,42.34309387207031,100474.328125,19.409820556640625,0,-0.34375,-0.93310546875,0.137939453125,0,0,-1.5869140625,-0.48828125,-1.0986328125,0,0,"0",full
5acf237f-7b18-41f8-b081-ee95f05ce947,c9549b4e-052f-421d-b8f7-e4aa2078007e,2026-05-16T13:49:21.974Z,0,,29.566322326660156,62.24493408203125,29.451034545898438,100219.859375,29.257369995117188,100548.5625,42.34303283691406,100474.359375,19.409820556640625,0,-0.309326171875,-0.91943359375,0.12353515625,0,0,-0.91552734375,-0.30517578125,1.953125,0,0,"0",full
5acf237f-7b18-41f8-b081-ee95f05ce947,c9549b4e-052f-421d-b8f7-e4aa2078007e,2026-05-16T13:49:21.988Z,0,,29.695022583007812,68.6612548828125,29.451034545898438,100219.859375,29.257369995117188,100548.5625,42.34318542480469,100474.34375,19.466459274291992,0,-0.309326171875,-0.91943359375,0.12353515625,0,0,-0.91552734375,-0.30517578125,1.953125,0,0,"0",full
5acf237f-7b18-41f8-b081-ee95f05ce947,c9549b4e-052f-421d-b8f7-e4aa2078007e,2026-05-16T13:49:22.064Z,0,,29.695022583007812,68.6612548828125,29.451034545898438,100219.859375,29.257369995117188,100548.5625,42.34181213378906,100474.390625,19.466459274291992,0,-0.309326171875,-0.91943359375,0.12353515625,0,0,-0.91552734375,-0.30517578125,1.953125,0,0,"0",full
5acf237f-7b18-41f8-b081-ee95f05ce947,c9549b4e-052f-421d-b8f7-e4aa2078007e,2026-05-16T13:49:22.105Z,0,,29.695022583007812,68.6612548828125,29.455032348632812,100174.796875,29.25823974609375,100546.875,42.34181213378906,100474.390625,19.466459274291992,0,-0.3173828125,-0.94140625,0.147216796875,0,0,-1.220703125,-1.220703125,-2.62451171875,0,0,"0",full
5acf237f-7b18-41f8-b081-ee95f05ce947,c9549b4e-052f-421d-b8f7-e4aa2078007e,2026-05-16T13:49:22.184Z,0,,29.695022583007812,68.6612548828125,29.455032348632812,100174.796875,29.25823974609375,100546.875,42.33906555175781,100474.421875,19.466459274291992,0,-0.3173828125,-0.94140625,0.147216796875,0,0,-1.220703125,-1.220703125,-2.62451171875,0,0,"0",full
5acf237f-7b18-41f8-b081-ee95f05ce947,c9549b4e-052f-421d-b8f7-e4aa2078007e,2026-05-16T13:49:22.229Z,0,,29.695022583007812,68.6612548828125,29.46014404296875,100131.5,29.259353637695312,100545.53125,42.33917236328125,100474.484375,19.466459274291992,0,-0.335693359375,-0.921630859375,0.12109375,0,0,0.9765625,-2.197265625,-1.46484375,0,0,"0",full
5acf237f-7b18-41f8-b081-ee95f05ce947,c9549b4e-052f-421d-b8f7-e4aa2078007e,2026-05-16T13:49:22.244Z,0,,29.73792266845703,73.8492431640625,29.4609375,100126.890625,29.259353637695312,100545.53125,42.33917236328125,100474.484375,19.494779586791992,0,-0.335693359375,-0.921630859375,0.12109375,0,0,0.9765625,-2.197265625,-1.46484375,0,0,"0",full
5acf237f-7b18-41f8-b081-ee95f05ce947,c9549b4e-052f-421d-b8f7-e4aa2078007e,2026-05-16T13:49:22.351Z,0,,29.73792266845703,73.8492431640625,29.4609375,100126.890625,29.259353637695312,100545.53125,42.33912658691406,100474.515625,19.494779586791992,0,-0.335693359375,-0.921630859375,0.12109375,0,0,0.9765625,-2.197265625,-1.46484375,0,0,"0",full
5acf237f-7b18-41f8-b081-ee95f05ce947,c9549b4e-052f-421d-b8f7-e4aa2078007e,2026-05-16T13:49:22.374Z,0,,29.73792266845703,73.8492431640625,29.464935302734375,100111.4375,29.260391235351562,100544.84375,42.33912658691406,100474.515625,19.494779586791992,0,-0.352294921875,-0.949951171875,0.1728515625,0,0,-0.9765625,0.91552734375,-1.8310546875,0,0,"0",full
5acf237f-7b18-41f8-b081-ee95f05ce947,c9549b4e-052f-421d-b8f7-e4aa2078007e,2026-05-16T13:49:22.454Z,0,,29.73792266845703,73.8492431640625,29.464935302734375,100111.4375,29.260391235351562,100544.84375,42.34051513671875,100474.578125,19.494779586791992,0,-0.352294921875,-0.949951171875,0.1728515625,0,0,-0.9765625,0.91552734375,-1.8310546875,0,0,"0",full
5acf237f-7b18-41f8-b081-ee95f05ce947,c9549b4e-052f-421d-b8f7-e4aa2078007e,2026-05-16T13:49:22.514Z,0,,29.73792266845703,73.8492431640625,29.468673706054688,100092.203125,29.26385498046875,100544.21875,42.3394775390625,100474.5625,19.494779586791992,0,-0.3623046875,-0.939697265625,0.1728515625,0,0,-2.197265625,1.220703125,3.173828125,0,0,"0",full
5acf237f-7b18-41f8-b081-ee95f05ce947,c9549b4e-052f-421d-b8f7-e4aa2078007e,2026-05-16T13:49:22.529Z,0,,29.74864959716797,77.59527587890625,29.468673706054688,100092.203125,29.264358520507812,100544.203125,42.3394775390625,100474.5625,19.438140869140625,0,-0.300048828125,-0.93408203125,0.147216796875,0,0,-2.25830078125,0.42724609375,3.90625,0,0,"0",full
5acf237f-7b18-41f8-b081-ee95f05ce947,c9549b4e-052f-421d-b8f7-e4aa2078007e,2026-05-16T13:49:22.650Z,0,,29.74864959716797,77.59527587890625,29.468673706054688,100092.203125,29.264358520507812,100544.203125,42.34111022949219,100474.609375,19.438140869140625,0,-0.300048828125,-0.93408203125,0.147216796875,0,0,-2.25830078125,0.42724609375,3.90625,0,0,"0",full
5acf237f-7b18-41f8-b081-ee95f05ce947,c9549b4e-052f-421d-b8f7-e4aa2078007e,2026-05-16T13:49:22.724Z,0,,29.74864959716797,77.59527587890625,29.47021484375,100091.546875,29.264999389648438,100544.390625,42.33984375,100474.640625,19.438140869140625,0,-0.35546875,-0.946044921875,0.16552734375,0,0,-0.244140625,0.54931640625,-2.5634765625,0,0,"0",full
5acf237f-7b18-41f8-b081-ee95f05ce947,c9549b4e-052f-421d-b8f7-e4aa2078007e,2026-05-16T13:49:22.784Z,0,,29.74864959716797,77.59527587890625,29.470291137695312,100114.84375,29.263687133789062,100545.515625,42.33934020996094,100474.75,19.438140869140625,0,-0.355224609375,-0.94287109375,0.13427734375,0,0,1.40380859375,0.1220703125,3.60107421875,0,0,"0",full
5acf237f-7b18-41f8-b081-ee95f05ce947,c9549b4e-052f-421d-b8f7-e4aa2078007e,2026-05-16T13:49:22.815Z,0,,29.70574951171875,80.029052734375,29.469039916992188,100121.546875,29.263687133789062,100545.515625,42.3392333984375,100474.734375,19.381500244140625,0,-0.355224609375,-0.94287109375,0.13427734375,0,0,1.40380859375,0.1220703125,3.60107421875,0,0,"0",full
5acf237f-7b18-41f8-b081-ee95f05ce947,c9549b4e-052f-421d-b8f7-e4aa2078007e,2026-05-16T13:49:22.890Z,0,,29.70574951171875,80.029052734375,29.469039916992188,100121.546875,29.263687133789062,100545.515625,42.338653564453125,100474.796875,19.381500244140625,0,-0.355224609375,-0.94287109375,0.13427734375,0,0,1.40380859375,0.1220703125,3.60107421875,0,0,"0",full
5acf237f-7b18-41f8-b081-ee95f05ce947,c9549b4e-052f-421d-b8f7-e4aa2078007e,2026-05-16T13:49:22.912Z,0,,29.70574951171875,80.029052734375,29.466064453125,100155.015625,29.264373779296875,100546.78125,42.3387451171875,100474.8125,19.381500244140625,0,-0.33154296875,-0.906982421875,0.147216796875,0,0,0.244140625,-1.15966796875,3.72314453125,0,0,"0",full
5acf237f-7b18-41f8-b081-ee95f05ce947,c9549b4e-052f-421d-b8f7-e4aa2078007e,2026-05-16T13:49:23.010Z,0,,29.70574951171875,80.029052734375,29.466064453125,100155.015625,29.264373779296875,100546.78125,42.341278076171875,100474.859375,19.381500244140625,0,-0.33154296875,-0.906982421875,0.147216796875,0,0,0.244140625,-1.15966796875,3.72314453125,0,0,"0",full
5acf237f-7b18-41f8-b081-ee95f05ce947,c9549b4e-052f-421d-b8f7-e4aa2078007e,2026-05-16T13:49:23.054Z,0,,29.70574951171875,80.029052734375,29.461410522460938,100240.296875,29.2657470703125,100548.859375,42.338104248046875,100474.859375,19.381500244140625,0,-0.336181640625,-0.90966796875,0.15869140625,0,0,-2.74658203125,-4.7607421875,-7.080078125,0,0,"0",full
5acf237f-7b18-41f8-b081-ee95f05ce947,c9549b4e-052f-421d-b8f7-e4aa2078007e,2026-05-16T13:49:23.068Z,0,,29.566322326660156,77.44268798828125,29.461410522460938,100240.296875,29.2657470703125,100548.859375,42.338104248046875,100474.859375,19.317779541015625,0,-0.336181640625,-0.90966796875,0.15869140625,0,0,-2.74658203125,-4.7607421875,-7.080078125,0,0,"0",full
5acf237f-7b18-41f8-b081-ee95f05ce947,c9549b4e-052f-421d-b8f7-e4aa2078007e,2026-05-16T13:49:23.173Z,0,,29.566322326660156,77.44268798828125,29.461410522460938,100240.296875,29.2657470703125,100548.859375,42.337158203125,100474.875,19.317779541015625,0,-0.336181640625,-0.90966796875,0.15869140625,0,0,-2.74658203125,-4.7607421875,-7.080078125,0,0,"0",full
5acf237f-7b18-41f8-b081-ee95f05ce947,c9549b4e-052f-421d-b8f7-e4aa2078007e,2026-05-16T13:49:23.202Z,0,,29.566322326660156,77.44268798828125,29.457839965820312,100295.984375,29.26556396484375,100550.578125,42.337158203125,100474.875,19.317779541015625,0,-0.343017578125,-0.92626953125,0.1357421875,0,0,-0.79345703125,-2.0751953125,1.77001953125,0,0,"0",full
5acf237f-7b18-41f8-b081-ee95f05ce947,c9549b4e-052f-421d-b8f7-e4aa2078007e,2026-05-16T13:49:23.262Z,0,,29.566322326660156,77.44268798828125,29.457839965820312,100295.984375,29.26556396484375,100550.578125,42.335845947265625,100474.9375,19.317779541015625,0,-0.343017578125,-0.92626953125,0.1357421875,0,0,-0.79345703125,-2.0751953125,1.77001953125,0,0,"0",full
5acf237f-7b18-41f8-b081-ee95f05ce947,c9549b4e-052f-421d-b8f7-e4aa2078007e,2026-05-16T13:49:23.323Z,0,,29.566322326660156,77.44268798828125,29.45477294921875,100363.359375,29.265182495117188,100552.8125,42.33589172363281,100474.953125,19.317779541015625,0,-0.36328125,-0.914794921875,0.153076171875,0,0,-0.67138671875,-17.822265625,-14.34326171875,0,0,"0",full
5acf237f-7b18-41f8-b081-ee95f05ce947,c9549b4e-052f-421d-b8f7-e4aa2078007e,2026-05-16T13:49:23.352Z,0,,29.544876098632812,71.36968994140625,29.45477294921875,100363.359375,29.264266967773438,100553.09375,42.33526611328125,100474.984375,19.268220901489258,0,-0.2646484375,-0.87744140625,0.103271484375,0,0,1.15966796875,-17.9443359375,-11.1083984375,0,0,"0",full
5acf237f-7b18-41f8-b081-ee95f05ce947,c9549b4e-052f-421d-b8f7-e4aa2078007e,2026-05-16T13:49:23.427Z,0,,29.544876098632812,71.36968994140625,29.45477294921875,100363.359375,29.264266967773438,100553.09375,42.33343505859375,100475.046875,19.268220901489258,0,-0.2646484375,-0.87744140625,0.103271484375,0,0,1.15966796875,-17.9443359375,-11.1083984375,0,0,"0",full
5acf237f-7b18-41f8-b081-ee95f05ce947,c9549b4e-052f-421d-b8f7-e4aa2078007e,2026-05-16T13:49:23.452Z,0,,29.544876098632812,71.36968994140625,29.451202392578125,100401.96875,29.263992309570312,100554.234375,42.33343505859375,100475.046875,19.268220901489258,0,-0.467041015625,-0.916259765625,0.120849609375,0,0,2.0751953125,-19.59228515625,-6.53076171875,0,0,"0",full
5acf237f-7b18-41f8-b081-ee95f05ce947,c9549b4e-052f-421d-b8f7-e4aa2078007e,2026-05-16T13:49:23.547Z,0,,29.544876098632812,71.36968994140625,29.451202392578125,100401.96875,29.263992309570312,100554.234375,42.33277893066406,100475.015625,19.268220901489258,0,-0.467041015625,-0.916259765625,0.120849609375,0,0,2.0751953125,-19.59228515625,-6.53076171875,0,0,"0",full
5acf237f-7b18-41f8-b081-ee95f05ce947,c9549b4e-052f-421d-b8f7-e4aa2078007e,2026-05-16T13:49:23.607Z,0,,29.544876098632812,71.36968994140625,29.44586181640625,100447.78125,29.262664794921875,100555.296875,42.332489013671875,100475.125,19.268220901489258,0,-0.3828125,-0.844970703125,0.091064453125,0,0,1.8310546875,1.03759765625,4.7607421875,0,0,"0",full
5acf237f-7b18-41f8-b081-ee95f05ce947,c9549b4e-052f-421d-b8f7-e4aa2078007e,2026-05-16T13:49:23.622Z,0,,29.523422241210938,66.89886474609375,29.44586181640625,100447.78125,29.262664794921875,100555.296875,42.332489013671875,100475.125,19.296539306640625,0,-0.3828125,-0.844970703125,0.091064453125,0,0,1.8310546875,1.03759765625,4.7607421875,0,0,"0",full
5acf237f-7b18-41f8-b081-ee95f05ce947,c9549b4e-052f-421d-b8f7-e4aa2078007e,2026-05-16T13:49:23.712Z,0,,29.523422241210938,66.89886474609375,29.44586181640625,100447.78125,29.262664794921875,100555.296875,42.33160400390625,100475.203125,19.296539306640625,0,-0.3828125,-0.844970703125,0.091064453125,0,0,1.8310546875,1.03759765625,4.7607421875,0,0,"0",full
5acf237f-7b18-41f8-b081-ee95f05ce947,c9549b4e-052f-421d-b8f7-e4aa2078007e,2026-05-16T13:49:23.737Z,0,,29.523422241210938,66.89886474609375,29.446441650390625,100473.59375,29.262924194335938,100555.703125,42.33160400390625,100475.203125,19.296539306640625,0,-0.391357421875,-0.904296875,0.14111328125,0,0,0.06103515625,-14.6484375,-15.0146484375,0,0,"0",full
5acf237f-7b18-41f8-b081-ee95f05ce947,c9549b4e-052f-421d-b8f7-e4aa2078007e,2026-05-16T13:49:23.804Z,0,,29.523422241210938,66.89886474609375,29.446441650390625,100473.59375,29.262924194335938,100555.703125,42.33015441894531,100475.234375,19.296539306640625,0,-0.391357421875,-0.904296875,0.14111328125,0,0,0.06103515625,-14.6484375,-15.0146484375,0,0,"0",full
5acf237f-7b18-41f8-b081-ee95f05ce947,c9549b4e-052f-421d-b8f7-e4aa2078007e,2026-05-16T13:49:23.865Z,0,,29.523422241210938,66.89886474609375,29.443954467773438,100469.234375,29.262100219726562,100553.5,42.33021545410156,100475.265625,19.296539306640625,0,-0.43408203125,-0.873046875,0.119140625,0,0,4.82177734375,3.60107421875,4.57763671875,0,0,"0",full
5acf237f-7b18-41f8-b081-ee95f05ce947,c9549b4e-052f-421d-b8f7-e4aa2078007e,2026-05-16T13:49:23.895Z,0,,29.544876098632812,64.44219970703125,29.443954467773438,100469.234375,29.261245727539062,100553.25,42.33021545410156,100475.265625,19.324859619140625,0,-0.43408203125,-0.873046875,0.119140625,0,0,4.82177734375,3.60107421875,4.57763671875,0,0,"0",full
5acf237f-7b18-41f8-b081-ee95f05ce947,c9549b4e-052f-421d-b8f7-e4aa2078007e,2026-05-16T13:49:23.984Z,0,,29.544876098632812,64.44219970703125,29.443954467773438,100469.234375,29.261245727539062,100553.25,42.32939147949219,100475.296875,19.324859619140625,0,-0.43408203125,-0.873046875,0.119140625,0,0,4.82177734375,3.60107421875,4.57763671875,0,0,"0",full
5acf237f-7b18-41f8-b081-ee95f05ce947,c9549b4e-052f-421d-b8f7-e4aa2078007e,2026-05-16T13:49:24.014Z,0,,29.544876098632812,64.44219970703125,29.44488525390625,100406.8125,29.2628173828125,100552.640625,42.32939147949219,100475.296875,19.324859619140625,0,-0.47021484375,-0.8916015625,0.068603515625,0,0,5.43212890625,-3.173828125,-15.13671875,0,0,"0",full
5acf237f-7b18-41f8-b081-ee95f05ce947,c9549b4e-052f-421d-b8f7-e4aa2078007e,2026-05-16T13:49:24.089Z,0,,29.544876098632812,64.44219970703125,29.44488525390625,100406.8125,29.2628173828125,100552.640625,42.33070373535156,100475.375,19.324859619140625,0,-0.47021484375,-0.8916015625,0.068603515625,0,0,5.43212890625,-3.173828125,-15.13671875,0,0,"0",full
5acf237f-7b18-41f8-b081-ee95f05ce947,c9549b4e-052f-421d-b8f7-e4aa2078007e,2026-05-16T13:49:24.166Z,0,,29.544876098632812,64.44219970703125,29.45648193359375,100280.921875,29.26531982421875,100551.421875,42.32859802246094,100475.375,19.324859619140625,0,-0.464599609375,-0.8759765625,0.02099609375,0,0,10.80322265625,-1.5869140625,-12.5732421875,0,0,"0",full
5acf237f-7b18-41f8-b081-ee95f05ce947,c9549b4e-052f-421d-b8f7-e4aa2078007e,2026-05-16T13:49:24.167Z,0,,29.63067626953125,66.2808837890625,29.45648193359375,100280.921875,29.26531982421875,100551.421875,42.327239990234375,100475.359375,19.381500244140625,0,-0.504638671875,-0.85498046875,0.011474609375,0,0,10.25390625,-1.40380859375,-13.97705078125,0,0,"0",full
5acf237f-7b18-41f8-b081-ee95f05ce947,c9549b4e-052f-421d-b8f7-e4aa2078007e,2026-05-16T13:49:24.255Z,0,,29.63067626953125,66.2808837890625,29.45648193359375,100280.921875,29.26531982421875,100551.421875,42.32792663574219,100475.390625,19.381500244140625,0,-0.504638671875,-0.85498046875,0.011474609375,0,0,10.25390625,-1.40380859375,-13.97705078125,0,0,"0",full
5acf237f-7b18-41f8-b081-ee95f05ce947,c9549b4e-052f-421d-b8f7-e4aa2078007e,2026-05-16T13:49:24.280Z,0,,29.63067626953125,66.2808837890625,29.46142578125,100213.796875,29.267974853515625,100550.484375,42.32780456542969,100475.40625,19.381500244140625,0,-0.480224609375,-0.892333984375,0.055908203125,0,0,4.33349609375,-16.9677734375,-21.240234375,0,0,"0",full
5acf237f-7b18-41f8-b081-ee95f05ce947,c9549b4e-052f-421d-b8f7-e4aa2078007e,2026-05-16T13:49:24.374Z,0,,29.63067626953125,66.2808837890625,29.46142578125,100213.796875,29.267974853515625,100550.484375,42.327056884765625,100475.375,19.381500244140625,0,-0.480224609375,-0.892333984375,0.055908203125,0,0,4.33349609375,-16.9677734375,-21.240234375,0,0,"0",full
5acf237f-7b18-41f8-b081-ee95f05ce947,c9549b4e-052f-421d-b8f7-e4aa2078007e,2026-05-16T13:49:24.405Z,0,,29.63067626953125,66.2808837890625,29.472930908203125,100144.59375,29.267745971679688,100548.609375,42.32728576660156,100475.359375,19.381500244140625,0,-0.491455078125,-0.8662109375,0.044677734375,0,0,-5.2490234375,-5.126953125,7.26318359375,0,0,"0",full
5acf237f-7b18-41f8-b081-ee95f05ce947,c9549b4e-052f-421d-b8f7-e4aa2078007e,2026-05-16T13:49:24.434Z,0,,29.73792266845703,72.5980224609375,29.472930908203125,100144.59375,29.267745971679688,100548.609375,42.32728576660156,100475.359375,19.438140869140625,0,-0.491455078125,-0.8662109375,0.044677734375,0,0,-5.2490234375,-5.126953125,7.26318359375,0,0,"0",full
5acf237f-7b18-41f8-b081-ee95f05ce947,c9549b4e-052f-421d-b8f7-e4aa2078007e,2026-05-16T13:49:24.525Z,0,,29.73792266845703,72.5980224609375,29.472930908203125,100144.59375,29.267745971679688,100548.609375,42.32585144042969,100475.46875,19.438140869140625,0,-0.491455078125,-0.8662109375,0.044677734375,0,0,-5.2490234375,-5.126953125,7.26318359375,0,0,"0",full
5acf237f-7b18-41f8-b081-ee95f05ce947,c9549b4e-052f-421d-b8f7-e4aa2078007e,2026-05-16T13:49:24.555Z,0,,29.73792266845703,72.5980224609375,29.479446411132812,100110.921875,29.26910400390625,100547.171875,42.32585144042969,100475.46875,19.438140869140625,0,-0.469970703125,-0.848876953125,-0.026611328125,0,0,9.09423828125,1.0986328125,15.80810546875,0,0,"0",full
5acf237f-7b18-41f8-b081-ee95f05ce947,c9549b4e-052f-421d-b8f7-e4aa2078007e,2026-05-16T13:49:24.630Z,0,,29.73792266845703,72.5980224609375,29.479446411132812,100110.921875,29.26910400390625,100547.171875,42.32691955566406,100475.4375,19.438140869140625,0,-0.469970703125,-0.848876953125,-0.026611328125,0,0,9.09423828125,1.0986328125,15.80810546875,0,0,"0",full
5acf237f-7b18-41f8-b081-ee95f05ce947,c9549b4e-052f-421d-b8f7-e4aa2078007e,2026-05-16T13:49:24.688Z,0,,29.73792266845703,72.5980224609375,29.487594604492188,100076.421875,29.268386840820312,100545.9375,42.327484130859375,100475.453125,19.438140869140625,0,-0.512451171875,-0.84521484375,-0.052734375,0,0,11.1083984375,0.1220703125,2.9296875,0,0,"0",full
5acf237f-7b18-41f8-b081-ee95f05ce947,c9549b4e-052f-421d-b8f7-e4aa2078007e,2026-05-16T13:49:24.702Z,0,,29.770103454589844,76.86285400390625,29.487594604492188,100076.421875,29.267822265625,100545.734375,42.32731628417969,100475.4375,19.409820556640625,0,-0.512451171875,-0.84521484375,-0.052734375,0,0,11.1083984375,0.1220703125,2.9296875,0,0,"0",full
5acf237f-7b18-41f8-b081-ee95f05ce947,c9549b4e-052f-421d-b8f7-e4aa2078007e,2026-05-16T13:49:24.794Z,0,,29.770103454589844,76.86285400390625,29.487594604492188,100076.421875,29.267822265625,100545.734375,42.32698059082031,100475.34375,19.409820556640625,0,-0.512451171875,-0.84521484375,-0.052734375,0,0,11.1083984375,0.1220703125,2.9296875,0,0,"0",full
5acf237f-7b18-41f8-b081-ee95f05ce947,c9549b4e-052f-421d-b8f7-e4aa2078007e,2026-05-16T13:49:24.820Z,0,,29.770103454589844,76.86285400390625,29.489151000976562,100064.1875,29.268341064453125,100545.421875,42.32698059082031,100475.34375,19.409820556640625,0,-0.496826171875,-0.9365234375,0.0322265625,0,0,7.4462890625,0.8544921875,4.94384765625,0,0,"0",full
5acf237f-7b18-41f8-b081-ee95f05ce947,c9549b4e-052f-421d-b8f7-e4aa2078007e,2026-05-16T13:49:24.913Z,0,,29.770103454589844,76.86285400390625,29.489151000976562,100064.1875,29.268341064453125,100545.421875,42.32673645019531,100475.3125,19.409820556640625,0,-0.496826171875,-0.9365234375,0.0322265625,0,0,7.4462890625,0.8544921875,4.94384765625,0,0,"0",full
5acf237f-7b18-41f8-b081-ee95f05ce947,c9549b4e-052f-421d-b8f7-e4aa2078007e,2026-05-16T13:49:24.974Z,0,,29.770103454589844,76.86285400390625,29.486923217773438,100068.234375,29.271896362304688,100545.984375,42.32789611816406,100475.296875,19.409820556640625,0,-0.519775390625,-0.92529296875,0.008056640625,0,0,0.3662109375,3.90625,-0.30517578125,0,0,"0",full
5acf237f-7b18-41f8-b081-ee95f05ce947,c9549b4e-052f-421d-b8f7-e4aa2078007e,2026-05-16T13:49:24.988Z,0,,29.727195739746094,79.89935302734375,29.486923217773438,100068.234375,29.271896362304688,100545.984375,42.32789611816406,100475.296875,19.381500244140625,0,-0.543212890625,-0.872802734375,-0.00146484375,0,0,-1.28173828125,1.64794921875,-4.638671875,0,0,"0",full
5acf237f-7b18-41f8-b081-ee95f05ce947,c9549b4e-052f-421d-b8f7-e4aa2078007e,2026-05-16T13:49:25.065Z,0,,29.727195739746094,79.89935302734375,29.486923217773438,100068.234375,29.271896362304688,100545.984375,42.328582763671875,100475.265625,19.381500244140625,0,-0.543212890625,-0.872802734375,-0.00146484375,0,0,-1.28173828125,1.64794921875,-4.638671875,0,0,"0",full
5acf237f-7b18-41f8-b081-ee95f05ce947,c9549b4e-052f-421d-b8f7-e4aa2078007e,2026-05-16T13:49:25.108Z,0,,29.727195739746094,79.89935302734375,29.483261108398438,100100.125,29.273880004882812,100547,42.328582763671875,100475.265625,19.381500244140625,0,-0.46240234375,-0.896728515625,-0.019775390625,0,0,1.8310546875,0.9765625,1.40380859375,0,0,"0",full
5acf237f-7b18-41f8-b081-ee95f05ce947,c9549b4e-052f-421d-b8f7-e4aa2078007e,2026-05-16T13:49:25.168Z,0,,29.727195739746094,79.89935302734375,29.483261108398438,100100.125,29.273880004882812,100547,42.32814025878906,100475.265625,19.381500244140625,0,-0.46240234375,-0.896728515625,-0.019775390625,0,0,1.8310546875,0.9765625,1.40380859375,0,0,"0",full
5acf237f-7b18-41f8-b081-ee95f05ce947,c9549b4e-052f-421d-b8f7-e4aa2078007e,2026-05-16T13:49:25.228Z,0,,29.727195739746094,79.89935302734375,29.476791381835938,100192.3125,29.271591186523438,100548.9375,42.32823181152344,100475.21875,19.381500244140625,0,-0.478515625,-0.89501953125,-0.021728515625,0,0,0.30517578125,2.25830078125,-2.685546875,0,0,"0",full
5acf237f-7b18-41f8-b081-ee95f05ce947,c9549b4e-052f-421d-b8f7-e4aa2078007e,2026-05-16T13:49:25.243Z,0,,29.598495483398438,79.0067138671875,29.476791381835938,100192.3125,29.271591186523438,100548.9375,42.32823181152344,100475.21875,19.296539306640625,0,-0.478515625,-0.89501953125,-0.021728515625,0,0,0.30517578125,2.25830078125,-2.685546875,0,0,"0",full
5acf237f-7b18-41f8-b081-ee95f05ce947,c9549b4e-052f-421d-b8f7-e4aa2078007e,2026-05-16T13:49:25.349Z,0,,29.598495483398438,79.0067138671875,29.476791381835938,100192.3125,29.271591186523438,100548.9375,42.32710266113281,100475.15625,19.296539306640625,0,-0.478515625,-0.89501953125,-0.021728515625,0,0,0.30517578125,2.25830078125,-2.685546875,0,0,"0",full
5acf237f-7b18-41f8-b081-ee95f05ce947,c9549b4e-052f-421d-b8f7-e4aa2078007e,2026-05-16T13:49:25.372Z,0,,29.598495483398438,79.0067138671875,29.471481323242188,100257.90625,29.269378662109375,100550.421875,42.32710266113281,100475.15625,19.296539306640625,0,-0.543212890625,-0.864990234375,-0.022705078125,0,0,-1.46484375,2.3193359375,1.3427734375,0,0,"0",full
5acf237f-7b18-41f8-b081-ee95f05ce947,c9549b4e-052f-421d-b8f7-e4aa2078007e,2026-05-16T13:49:25.453Z,0,,29.598495483398438,79.0067138671875,29.471481323242188,100257.90625,29.269378662109375,100550.421875,42.325286865234375,100475.125,19.296539306640625,0,-0.543212890625,-0.864990234375,-0.022705078125,0,0,-1.46484375,2.3193359375,1.3427734375,0,0,"0",full
5acf237f-7b18-41f8-b081-ee95f05ce947,c9549b4e-052f-421d-b8f7-e4aa2078007e,2026-05-16T13:49:25.513Z,0,,29.598495483398438,79.0067138671875,29.464248657226562,100343.140625,29.268768310546875,100552.671875,42.32537841796875,100475.109375,19.296539306640625,0,-0.509033203125,-0.847412109375,-0.046630859375,0,0,-1.220703125,-0.1220703125,-1.64794921875,0,0,"0",full
5acf237f-7b18-41f8-b081-ee95f05ce947,c9549b4e-052f-421d-b8f7-e4aa2078007e,2026-05-16T13:49:25.529Z,0,,29.544876098632812,72.62091064453125,29.464248657226562,100343.140625,29.2684326171875,100553.03125,42.326202392578125,100475.109375,19.268220901489258,0,-0.509033203125,-0.847412109375,-0.046630859375,0,0,-1.220703125,-0.1220703125,-1.64794921875,0,0,"0",full
5acf237f-7b18-41f8-b081-ee95f05ce947,c9549b4e-052f-421d-b8f7-e4aa2078007e,2026-05-16T13:49:25.603Z,0,,29.544876098632812,72.62091064453125,29.464248657226562,100343.140625,29.2684326171875,100553.03125,42.32781982421875,100475.09375,19.268220901489258,0,-0.509033203125,-0.847412109375,-0.046630859375,0,0,-1.220703125,-0.1220703125,-1.64794921875,0,0,"0",full
5acf237f-7b18-41f8-b081-ee95f05ce947,c9549b4e-052f-421d-b8f7-e4aa2078007e,2026-05-16T13:49:25.633Z,0,,29.544876098632812,72.62091064453125,29.458984375,100392.765625,29.2689208984375,100554.671875,42.32832336425781,100475.0625,19.268220901489258,0,-0.533935546875,-0.896728515625,0.018310546875,0,0,0.79345703125,1.708984375,-4.7607421875,0,0,"0",full
5acf237f-7b18-41f8-b081-ee95f05ce947,c9549b4e-052f-421d-b8f7-e4aa2078007e,2026-05-16T13:49:25.723Z,0,,29.544876098632812,72.62091064453125,29.458984375,100392.765625,29.2689208984375,100554.671875,42.32716369628906,100475.046875,19.268220901489258,0,-0.533935546875,-0.896728515625,0.018310546875,0,0,0.79345703125,1.708984375,-4.7607421875,0,0,"0",full
5acf237f-7b18-41f8-b081-ee95f05ce947,c9549b4e-052f-421d-b8f7-e4aa2078007e,2026-05-16T13:49:25.766Z,0,,29.544876098632812,72.62091064453125,29.455902099609375,100452.15625,29.270797729492188,100556.203125,42.32582092285156,100475.03125,19.268220901489258,0,-0.525634765625,-0.893310546875,0.00634765625,0,0,1.28173828125,0.42724609375,-4.94384765625,0,0,"0",full
5acf237f-7b18-41f8-b081-ee95f05ce947,c9549b4e-052f-421d-b8f7-e4aa2078007e,2026-05-16T13:49:25.782Z,0,,29.544876098632812,67.60076904296875,29.455902099609375,100452.15625,29.270797729492188,100556.203125,42.32582092285156,100475.03125,19.268220901489258,0,-0.512939453125,-0.90087890625,0.01025390625,0,0,1.220703125,0.67138671875,-5.859375,0,0,"0",full
5acf237f-7b18-41f8-b081-ee95f05ce947,c9549b4e-052f-421d-b8f7-e4aa2078007e,2026-05-16T13:49:25.886Z,0,,29.544876098632812,67.60076904296875,29.455902099609375,100452.15625,29.270797729492188,100556.203125,42.32298278808594,100475.0625,19.268220901489258,0,-0.512939453125,-0.90087890625,0.01025390625,0,0,1.220703125,0.67138671875,-5.859375,0,0,"0",full
5acf237f-7b18-41f8-b081-ee95f05ce947,c9549b4e-052f-421d-b8f7-e4aa2078007e,2026-05-16T13:49:25.916Z,0,,29.544876098632812,67.60076904296875,29.452651977539062,100470,29.270599365234375,100555.84375,42.32298278808594,100475.0625,19.268220901489258,0,-0.512939453125,-0.849609375,-0.0185546875,0,0,-1.8310546875,0.54931640625,2.99072265625,0,0,"0",full
5acf237f-7b18-41f8-b081-ee95f05ce947,c9549b4e-052f-421d-b8f7-e4aa2078007e,2026-05-16T13:49:25.991Z,0,,29.544876098632812,67.60076904296875,29.452651977539062,100470,29.270599365234375,100555.84375,42.32330322265625,100474.984375,19.268220901489258,0,-0.512939453125,-0.849609375,-0.0185546875,0,0,-1.8310546875,0.54931640625,2.99072265625,0,0,"0",full
5acf237f-7b18-41f8-b081-ee95f05ce947,c9549b4e-052f-421d-b8f7-e4aa2078007e,2026-05-16T13:49:26.051Z,0,,29.544876098632812,67.60076904296875,29.454452514648438,100412.46875,29.27227783203125,100552.921875,42.32228088378906,100474.984375,19.268220901489258,0,-0.509521484375,-0.884765625,-0.02392578125,0,0,0.18310546875,0.06103515625,-2.5634765625,0,0,"0",full
5acf237f-7b18-41f8-b081-ee95f05ce947,c9549b4e-052f-421d-b8f7-e4aa2078007e,2026-05-16T13:49:26.066Z,0,,29.544876098632812,64.44219970703125,29.454452514648438,100412.46875,29.271331787109375,100552.65625,42.321685791015625,100475,19.296539306640625,0,-0.509521484375,-0.884765625,-0.02392578125,0,0,0.18310546875,0.06103515625,-2.5634765625,0,0,"0",full
5acf237f-7b18-41f8-b081-ee95f05ce947,c9549b4e-052f-421d-b8f7-e4aa2078007e,2026-05-16T13:49:26.173Z,0,,29.544876098632812,64.44219970703125,29.454452514648438,100412.46875,29.271331787109375,100552.65625,42.32188415527344,100474.96875,19.296539306640625,0,-0.509521484375,-0.884765625,-0.02392578125,0,0,0.18310546875,0.06103515625,-2.5634765625,0,0,"0",full
5acf237f-7b18-41f8-b081-ee95f05ce947,c9549b4e-052f-421d-b8f7-e4aa2078007e,2026-05-16T13:49:26.196Z,0,,29.544876098632812,64.44219970703125,29.457275390625,100337.734375,29.270462036132812,100551.890625,42.32188415527344,100474.96875,19.296539306640625,0,-0.5419921875,-0.87109375,-0.004638671875,0,0,-3.96728515625,-0.9765625,-0.1220703125,0,0,"0",full
5acf237f-7b18-41f8-b081-ee95f05ce947,c9549b4e-052f-421d-b8f7-e4aa2078007e,2026-05-16T13:49:26.263Z,0,,29.544876098632812,64.44219970703125,29.457275390625,100337.734375,29.270462036132812,100551.890625,42.32130432128906,100475,19.296539306640625,0,-0.5419921875,-0.87109375,-0.004638671875,0,0,-3.96728515625,-0.9765625,-0.1220703125,0,0,"0",full
5acf237f-7b18-41f8-b081-ee95f05ce947,c9549b4e-052f-421d-b8f7-e4aa2078007e,2026-05-16T13:49:26.323Z,0,,29.544876098632812,64.44219970703125,29.466720581054688,100241.875,29.271270751953125,100549.21875,42.321685791015625,100474.96875,19.296539306640625,0,-0.567138671875,-0.898681640625,0.04150390625,0,0,0.3662109375,-1.220703125,-0.79345703125,0,0,"0",full
5acf237f-7b18-41f8-b081-ee95f05ce947,c9549b4e-052f-421d-b8f7-e4aa2078007e,2026-05-16T13:49:26.354Z,0,,29.684295654296875,69.32501220703125,29.468551635742188,100230.5,29.271270751953125,100549.21875,42.321685791015625,100474.96875,19.353179931640625,0,-0.567138671875,-0.898681640625,0.04150390625,0,0,0.3662109375,-1.220703125,-0.79345703125,0,0,"0",full
5acf237f-7b18-41f8-b081-ee95f05ce947,c9549b4e-052f-421d-b8f7-e4aa2078007e,2026-05-16T13:49:26.429Z,0,,29.684295654296875,69.32501220703125,29.468551635742188,100230.5,29.271270751953125,100549.21875,42.321319580078125,100474.890625,19.353179931640625,0,-0.567138671875,-0.898681640625,0.04150390625,0,0,0.3662109375,-1.220703125,-0.79345703125,0,0,"0",full
5acf237f-7b18-41f8-b081-ee95f05ce947,c9549b4e-052f-421d-b8f7-e4aa2078007e,2026-05-16T13:49:26.451Z,0,,29.684295654296875,69.32501220703125,29.473709106445312,100180.8125,29.273880004882812,100547.15625,42.321319580078125,100474.890625,19.353179931640625,0,-0.48828125,-0.803466796875,-0.080322265625,0,0,5.9814453125,7.99560546875,9.27734375,0,0,"0",full
5acf237f-7b18-41f8-b081-ee95f05ce947,c9549b4e-052f-421d-b8f7-e4aa2078007e,2026-05-16T13:49:26.533Z,0,,29.684295654296875,69.32501220703125,29.473709106445312,100180.8125,29.273880004882812,100547.15625,42.32157897949219,100474.875,19.353179931640625,0,-0.48828125,-0.803466796875,-0.080322265625,0,0,5.9814453125,7.99560546875,9.27734375,0,0,"0",full
5acf237f-7b18-41f8-b081-ee95f05ce947,c9549b4e-052f-421d-b8f7-e4aa2078007e,2026-05-16T13:49:26.593Z,0,,29.684295654296875,69.32501220703125,29.481033325195312,100130.40625,29.274398803710938,100544.953125,42.32096862792969,100474.875,19.353179931640625,0,-0.448486328125,-0.794921875,-0.070556640625,0,0,-1.0986328125,-6.40869140625,-2.74658203125,0,0,"0",full
5acf237f-7b18-41f8-b081-ee95f05ce947,c9549b4e-052f-421d-b8f7-e4aa2078007e,2026-05-16T13:49:26.610Z,0,,29.73792266845703,74.55877685546875,29.481033325195312,100130.40625,29.274398803710938,100544.953125,42.32096862792969,100474.875,19.381500244140625,0,-0.521240234375,-0.81005859375,-0.029541015625,0,0,0.48828125,-2.13623046875,2.13623046875,0,0,"0",full
5acf237f-7b18-41f8-b081-ee95f05ce947,c9549b4e-052f-421d-b8f7-e4aa2078007e,2026-05-16T13:49:26.714Z,0,,29.73792266845703,74.55877685546875,29.481033325195312,100130.40625,29.274398803710938,100544.953125,42.32102966308594,100474.84375,19.381500244140625,0,-0.521240234375,-0.81005859375,-0.029541015625,0,0,0.48828125,-2.13623046875,2.13623046875,0,0,"0",full
5acf237f-7b18-41f8-b081-ee95f05ce947,c9549b4e-052f-421d-b8f7-e4aa2078007e,2026-05-16T13:49:26.739Z,0,,29.73792266845703,74.55877685546875,29.4852294921875,100107.296875,29.2742919921875,100544.28125,42.32102966308594,100474.84375,19.381500244140625,0,-0.53515625,-0.888427734375,-0.01708984375,0,0,-3.60107421875,-3.72314453125,-8.7890625,0,0,"0",full
5acf237f-7b18-41f8-b081-ee95f05ce947,c9549b4e-052f-421d-b8f7-e4aa2078007e,2026-05-16T13:49:26.803Z,0,,29.73792266845703,74.55877685546875,29.4852294921875,100107.296875,29.2742919921875,100544.28125,42.31854248046875,100474.796875,19.381500244140625,0,-0.53515625,-0.888427734375,-0.01708984375,0,0,-3.60107421875,-3.72314453125,-8.7890625,0,0,"0",full
5acf237f-7b18-41f8-b081-ee95f05ce947,c9549b4e-052f-421d-b8f7-e4aa2078007e,2026-05-16T13:49:26.864Z,0,,29.73792266845703,74.55877685546875,29.4910888671875,100092.96875,29.276962280273438,100544.28125,42.31840515136719,100474.796875,19.381500244140625,0,-0.511474609375,-0.852783203125,-0.02001953125,0,0,-0.732421875,1.40380859375,-0.42724609375,0,0,"0",full
5acf237f-7b18-41f8-b081-ee95f05ce947,c9549b4e-052f-421d-b8f7-e4aa2078007e,2026-05-16T13:49:26.894Z,0,,29.74864959716797,78.16748046875,29.489654541015625,100092.546875,29.276657104492188,100544.3125,42.31822204589844,100474.78125,19.381500244140625,0,-0.511474609375,-0.852783203125,-0.02001953125,0,0,-0.732421875,1.40380859375,-0.42724609375,0,0,"0",full
5acf237f-7b18-41f8-b081-ee95f05ce947,c9549b4e-052f-421d-b8f7-e4aa2078007e,2026-05-16T13:49:26.969Z,0,,29.74864959716797,78.16748046875,29.489654541015625,100092.546875,29.276657104492188,100544.3125,42.31732177734375,100474.78125,19.381500244140625,0,-0.511474609375,-0.852783203125,-0.02001953125,0,0,-0.732421875,1.40380859375,-0.42724609375,0,0,"0",full
5acf237f-7b18-41f8-b081-ee95f05ce947,c9549b4e-052f-421d-b8f7-e4aa2078007e,2026-05-16T13:49:26.992Z,0,,29.74864959716797,78.16748046875,29.487930297851562,100098.828125,29.279434204101562,100544.734375,42.31767272949219,100474.765625,19.381500244140625,0,-0.550537109375,-0.826171875,-0.015625,0,0,0.48828125,3.90625,-1.15966796875,0,0,"0",full
5acf237f-7b18-41f8-b081-ee95f05ce947,c9549b4e-052f-421d-b8f7-e4aa2078007e,2026-05-16T13:49:27.089Z,0,,29.74864959716797,78.16748046875,29.487930297851562,100098.828125,29.279434204101562,100544.734375,42.31768798828125,100474.734375,19.381500244140625,0,-0.550537109375,-0.826171875,-0.015625,0,0,0.48828125,3.90625,-1.15966796875,0,0,"0",full
5acf237f-7b18-41f8-b081-ee95f05ce947,c9549b4e-052f-421d-b8f7-e4aa2078007e,2026-05-16T13:49:27.133Z,0,,29.74864959716797,78.16748046875,29.485153198242188,100143.84375,29.279998779296875,100546.109375,42.316131591796875,100474.703125,19.381500244140625,0,-0.54443359375,-0.834228515625,-0.008544921875,0,0,1.46484375,4.57763671875,3.23486328125,0,0,"0",full
5acf237f-7b18-41f8-b081-ee95f05ce947,c9549b4e-052f-421d-b8f7-e4aa2078007e,2026-05-16T13:49:27.148Z,0,,29.67357635498047,80.029052734375,29.485153198242188,100143.84375,29.279998779296875,100546.109375,42.316131591796875,100474.703125,19.324859619140625,0,-0.54443359375,-0.834228515625,-0.008544921875,0,0,1.46484375,4.57763671875,3.23486328125,0,0,"0",full
5acf237f-7b18-41f8-b081-ee95f05ce947,c9549b4e-052f-421d-b8f7-e4aa2078007e,2026-05-16T13:49:27.262Z,0,,29.67357635498047,80.029052734375,29.485153198242188,100143.84375,29.279998779296875,100546.109375,42.31517028808594,100474.640625,19.324859619140625,0,-0.54443359375,-0.834228515625,-0.008544921875,0,0,1.46484375,4.57763671875,3.23486328125,0,0,"0",full
5acf237f-7b18-41f8-b081-ee95f05ce947,c9549b4e-052f-421d-b8f7-e4aa2078007e,2026-05-16T13:49:27.269Z,0,,29.67357635498047,80.029052734375,29.48236083984375,100193.75,29.279754638671875,100547.5625,42.31517028808594,100474.640625,19.324859619140625,0,-0.515380859375,-0.850830078125,-0.0263671875,0,0,3.23486328125,0.30517578125,0.79345703125,0,0,"0",full
5acf237f-7b18-41f8-b081-ee95f05ce947,c9549b4e-052f-421d-b8f7-e4aa2078007e,2026-05-16T13:49:27.344Z,0,,29.67357635498047,80.029052734375,29.48236083984375,100193.75,29.279754638671875,100547.5625,42.315673828125,100474.703125,19.324859619140625,0,-0.515380859375,-0.850830078125,-0.0263671875,0,0,3.23486328125,0.30517578125,0.79345703125,0,0,"0",full
5acf237f-7b18-41f8-b081-ee95f05ce947,c9549b4e-052f-421d-b8f7-e4aa2078007e,2026-05-16T13:49:27.403Z,0,,29.67357635498047,80.029052734375,29.473434448242188,100270.234375,29.279327392578125,100549.890625,42.314788818359375,100474.6875,19.324859619140625,0,-0.495849609375,-0.83251953125,-0.013916015625,0,0,1.15966796875,2.01416015625,4.69970703125,0,0,"0",full
5acf237f-7b18-41f8-b081-ee95f05ce947,c9549b4e-052f-421d-b8f7-e4aa2078007e,2026-05-16T13:49:27.433Z,0,,29.58777618408203,75.5277099609375,29.473602294921875,100280.765625,29.279327392578125,100549.890625,42.314056396484375,100474.65625,19.268220901489258,0,-0.50146484375,-0.855224609375,-0.006103515625,0,0,1.40380859375,1.708984375,3.41796875,0,0,"0",full
5acf237f-7b18-41f8-b081-ee95f05ce947,c9549b4e-052f-421d-b8f7-e4aa2078007e,2026-05-16T13:49:27.524Z,0,,29.58777618408203,75.5277099609375,29.473602294921875,100280.765625,29.279327392578125,100549.890625,42.31315612792969,100474.59375,19.268220901489258,0,-0.50146484375,-0.855224609375,-0.006103515625,0,0,1.40380859375,1.708984375,3.41796875,0,0,"0",full
5acf237f-7b18-41f8-b081-ee95f05ce947,c9549b4e-052f-421d-b8f7-e4aa2078007e,2026-05-16T13:49:27.554Z,0,,29.58777618408203,75.5277099609375,29.469268798828125,100329.8125,29.2786865234375,100551.3125,42.31346130371094,100474.609375,19.268220901489258,0,-0.555419921875,-0.85205078125,-0.0234375,0,0,-0.9765625,0.8544921875,1.3427734375,0,0,"0",full
5acf237f-7b18-41f8-b081-ee95f05ce947,c9549b4e-052f-421d-b8f7-e4aa2078007e,2026-05-16T13:49:27.629Z,0,,29.58777618408203,75.5277099609375,29.469268798828125,100329.8125,29.2786865234375,100551.3125,42.31498718261719,100474.578125,19.268220901489258,0,-0.555419921875,-0.85205078125,-0.0234375,0,0,-0.9765625,0.8544921875,1.3427734375,0,0,"0",full
5acf237f-7b18-41f8-b081-ee95f05ce947,c9549b4e-052f-421d-b8f7-e4aa2078007e,2026-05-16T13:49:27.689Z,0,,29.58777618408203,75.5277099609375,29.466262817382812,100387.59375,29.2767333984375,100553.265625,42.31549072265625,100474.515625,19.268220901489258,0,-0.533935546875,-0.8525390625,-0.0078125,0,0,0.79345703125,1.708984375,-0.732421875,0,0,"0",full
5acf237f-7b18-41f8-b081-ee95f05ce947,c9549b4e-052f-421d-b8f7-e4aa2078007e,2026-05-16T13:49:27.704Z,0,,29.566322326660156,69.90484619140625,29.466262817382812,100387.59375,29.276870727539062,100553.421875,42.31549072265625,100474.515625,19.239900588989258,0,-0.533935546875,-0.8525390625,-0.0078125,0,0,0.79345703125,1.708984375,-0.732421875,0,0,"0",full
5acf237f-7b18-41f8-b081-ee95f05ce947,c9549b4e-052f-421d-b8f7-e4aa2078007e,2026-05-16T13:49:27.794Z,0,,29.566322326660156,69.90484619140625,29.466262817382812,100387.59375,29.276870727539062,100553.421875,42.313232421875,100474.53125,19.239900588989258,0,-0.533935546875,-0.8525390625,-0.0078125,0,0,0.79345703125,1.708984375,-0.732421875,0,0,"0",full
5acf237f-7b18-41f8-b081-ee95f05ce947,c9549b4e-052f-421d-b8f7-e4aa2078007e,2026-05-16T13:49:27.817Z,0,,29.566322326660156,69.90484619140625,29.464752197265625,100421.59375,29.27679443359375,100553.8125,42.313232421875,100474.53125,19.239900588989258,0,-0.565673828125,-0.912109375,0.013427734375,0,0,4.21142578125,0.732421875,-4.57763671875,0,0,"0",full
5acf237f-7b18-41f8-b081-ee95f05ce947,c9549b4e-052f-421d-b8f7-e4aa2078007e,2026-05-16T13:49:27.913Z,0,,29.566322326660156,69.90484619140625,29.464752197265625,100421.59375,29.27679443359375,100553.8125,42.3133544921875,100474.546875,19.239900588989258,0,-0.565673828125,-0.912109375,0.013427734375,0,0,4.21142578125,0.732421875,-4.57763671875,0,0,"0",full
5acf237f-7b18-41f8-b081-ee95f05ce947,c9549b4e-052f-421d-b8f7-e4aa2078007e,2026-05-16T13:49:27.944Z,0,,29.566322326660156,69.90484619140625,29.461517333984375,100428.3125,29.275588989257812,100552.359375,42.314544677734375,100474.515625,19.239900588989258,0,-0.504638671875,-0.865478515625,-0.002197265625,0,0,5.18798828125,-6.7138671875,-4.7607421875,0,0,"0",full
5acf237f-7b18-41f8-b081-ee95f05ce947,c9549b4e-052f-421d-b8f7-e4aa2078007e,2026-05-16T13:49:27.974Z,0,,29.55559539794922,66.3114013671875,29.46160888671875,100421.984375,29.275588989257812,100552.359375,42.314544677734375,100474.515625,19.239900588989258,0,-0.504638671875,-0.865478515625,-0.002197265625,0,0,5.18798828125,-6.7138671875,-4.7607421875,0,0,"0",full
5acf237f-7b18-41f8-b081-ee95f05ce947,c9549b4e-052f-421d-b8f7-e4aa2078007e,2026-05-16T13:49:28.064Z,0,,29.55559539794922,66.3114013671875,29.46160888671875,100421.984375,29.275588989257812,100552.359375,42.314666748046875,100474.421875,19.239900588989258,0,-0.504638671875,-0.865478515625,-0.002197265625,0,0,5.18798828125,-6.7138671875,-4.7607421875,0,0,"0",full
5acf237f-7b18-41f8-b081-ee95f05ce947,c9549b4e-052f-421d-b8f7-e4aa2078007e,2026-05-16T13:49:28.094Z,0,,29.55559539794922,66.3114013671875,29.465560913085938,100368.078125,29.276870727539062,100550.453125,42.314666748046875,100474.421875,19.239900588989258,0,-0.547119140625,-0.8505859375,-0.0341796875,0,0,1.28173828125,1.40380859375,-8.4228515625,0,0,"0",full
5acf237f-7b18-41f8-b081-ee95f05ce947,c9549b4e-052f-421d-b8f7-e4aa2078007e,2026-05-16T13:49:28.168Z,0,,29.55559539794922,66.3114013671875,29.465560913085938,100368.078125,29.276870727539062,100550.453125,42.31407165527344,100474.4375,19.239900588989258,0,-0.547119140625,-0.8505859375,-0.0341796875,0,0,1.28173828125,1.40380859375,-8.4228515625,0,0,"0",full
5acf237f-7b18-41f8-b081-ee95f05ce947,c9549b4e-052f-421d-b8f7-e4aa2078007e,2026-05-16T13:49:28.228Z,0,,29.55559539794922,66.3114013671875,29.472396850585938,100276.734375,29.278091430664062,100547.59375,42.31361389160156,100474.4375,19.239900588989258,0,-0.495849609375,-0.83642578125,-0.018310546875,0,0,-5.126953125,-4.94384765625,-1.52587890625,0,0,"0",full
5acf237f-7b18-41f8-b081-ee95f05ce947,c9549b4e-052f-421d-b8f7-e4aa2078007e,2026-05-16T13:49:28.243Z,0,,29.63067626953125,67.8677978515625,29.472396850585938,100276.734375,29.278091430664062,100547.59375,42.31341552734375,100474.453125,19.268220901489258,0,-0.464111328125,-0.87060546875,-0.02294921875,0,0,-3.35693359375,-4.7607421875,-0.91552734375,0,0,"0",full
5acf237f-7b18-41f8-b081-ee95f05ce947,c9549b4e-052f-421d-b8f7-e4aa2078007e,2026-05-16T13:49:28.334Z,0,,29.63067626953125,67.8677978515625,29.472396850585938,100276.734375,29.278091430664062,100547.59375,42.31292724609375,100474.4375,19.268220901489258,0,-0.464111328125,-0.87060546875,-0.02294921875,0,0,-3.35693359375,-4.7607421875,-0.91552734375,0,0,"0",full
5acf237f-7b18-41f8-b081-ee95f05ce947,c9549b4e-052f-421d-b8f7-e4aa2078007e,2026-05-16T13:49:28.357Z,0,,29.63067626953125,67.8677978515625,29.4786376953125,100219.359375,29.279296875,100545.390625,42.31182861328125,100474.40625,19.268220901489258,0,-0.602294921875,-0.91015625,0.073974609375,0,0,-4.150390625,0.732421875,2.74658203125,0,0,"0",full
5acf237f-7b18-41f8-b081-ee95f05ce947,c9549b4e-052f-421d-b8f7-e4aa2078007e,2026-05-16T13:49:28.454Z,0,,29.63067626953125,67.8677978515625,29.4786376953125,100219.359375,29.279296875,100545.390625,42.314697265625,100474.4375,19.268220901489258,0,-0.602294921875,-0.91015625,0.073974609375,0,0,-4.150390625,0.732421875,2.74658203125,0,0,"0",full
5acf237f-7b18-41f8-b081-ee95f05ce947,c9549b4e-052f-421d-b8f7-e4aa2078007e,2026-05-16T13:49:28.513Z,0,,29.63067626953125,67.8677978515625,29.486343383789062,100155.671875,29.280670166015625,100543.3125,42.313720703125,100474.484375,19.268220901489258,0,-0.615478515625,-0.859619140625,0.025390625,0,0,3.23486328125,-1.708984375,-3.5400390625,0,0,"0",full
5acf237f-7b18-41f8-b081-ee95f05ce947,c9549b4e-052f-421d-b8f7-e4aa2078007e,2026-05-16T13:49:28.529Z,0,,29.70574951171875,73.3914794921875,29.48748779296875,100148.46875,29.280670166015625,100543.3125,42.313720703125,100474.484375,19.324859619140625,0,-0.615478515625,-0.859619140625,0.025390625,0,0,3.23486328125,-1.708984375,-3.5400390625,0,0,"0",full
5acf237f-7b18-41f8-b081-ee95f05ce947,c9549b4e-052f-421d-b8f7-e4aa2078007e,2026-05-16T13:49:28.604Z,0,,29.70574951171875,73.3914794921875,29.48748779296875,100148.46875,29.280670166015625,100543.3125,42.31390380859375,100474.453125,19.324859619140625,0,-0.615478515625,-0.859619140625,0.025390625,0,0,3.23486328125,-1.708984375,-3.5400390625,0,0,"0",full
5acf237f-7b18-41f8-b081-ee95f05ce947,c9549b4e-052f-421d-b8f7-e4aa2078007e,2026-05-16T13:49:28.636Z,0,,29.70574951171875,73.3914794921875,29.490890502929688,100118.640625,29.280792236328125,100542.546875,42.31390380859375,100474.453125,19.324859619140625,0,-0.362060546875,-0.79541015625,-0.0703125,0,0,4.45556640625,5.92041015625,-1.0986328125,0,0,"0",full
5acf237f-7b18-41f8-b081-ee95f05ce947,c9549b4e-052f-421d-b8f7-e4aa2078007e,2026-05-16T13:49:28.709Z,0,,29.70574951171875,73.3914794921875,29.490890502929688,100118.640625,29.280792236328125,100542.546875,42.3138427734375,100474.46875,19.324859619140625,0,-0.362060546875,-0.79541015625,-0.0703125,0,0,4.45556640625,5.92041015625,-1.0986328125,0,0,"0",full
5acf237f-7b18-41f8-b081-ee95f05ce947,c9549b4e-052f-421d-b8f7-e4aa2078007e,2026-05-16T13:49:28.770Z,0,,29.70574951171875,73.3914794921875,29.495803833007812,100091.890625,29.28167724609375,100541.484375,42.31245422363281,100474.484375,19.324859619140625,0,-0.500244140625,-0.88232421875,0.026123046875,0,0,-1.28173828125,-12.5732421875,-22.76611328125,0,0,"0",full
5acf237f-7b18-41f8-b081-ee95f05ce947,c9549b4e-052f-421d-b8f7-e4aa2078007e,2026-05-16T13:49:28.782Z,0,,29.74864959716797,77.27484130859375,29.495803833007812,100091.890625,29.28167724609375,100541.484375,42.31268310546875,100474.484375,19.324859619140625,0,-0.500244140625,-0.88232421875,0.026123046875,0,0,-1.28173828125,-12.5732421875,-22.76611328125,0,0,"0",full
5acf237f-7b18-41f8-b081-ee95f05ce947,c9549b4e-052f-421d-b8f7-e4aa2078007e,2026-05-16T13:49:28.889Z,0,,29.74864959716797,77.27484130859375,29.495803833007812,100091.890625,29.28167724609375,100541.484375,42.31254577636719,100474.46875,19.324859619140625,0,-0.500244140625,-0.88232421875,0.026123046875,0,0,-1.28173828125,-12.5732421875,-22.76611328125,0,0,"0",full
5acf237f-7b18-41f8-b081-ee95f05ce947,c9549b4e-052f-421d-b8f7-e4aa2078007e,2026-05-16T13:49:28.913Z,0,,29.74864959716797,77.27484130859375,29.498001098632812,100081.015625,29.28466796875,100541.0625,42.31236267089844,100474.453125,19.324859619140625,0,-0.636474609375,-0.900634765625,0.081298828125,0,0,-2.13623046875,1.3427734375,0.1220703125,0,0,"0",full
5acf237f-7b18-41f8-b081-ee95f05ce947,c9549b4e-052f-421d-b8f7-e4aa2078007e,2026-05-16T13:49:28.994Z,0,,29.74864959716797,77.27484130859375,29.498001098632812,100081.015625,29.28466796875,100541.0625,42.311920166015625,100474.484375,19.324859619140625,0,-0.636474609375,-0.900634765625,0.081298828125,0,0,-2.13623046875,1.3427734375,0.1220703125,0,0,"0",full
5acf237f-7b18-41f8-b081-ee95f05ce947,c9549b4e-052f-421d-b8f7-e4aa2078007e,2026-05-16T13:49:29.052Z,0,,29.74864959716797,77.27484130859375,29.499649047851562,100081.171875,29.2857666015625,100541.421875,42.31219482421875,100474.515625,19.324859619140625,0,-0.576171875,-0.746337890625,-0.01953125,0,0,0.30517578125,5.4931640625,7.568359375,0,0,"0",full
5acf237f-7b18-41f8-b081-ee95f05ce947,c9549b4e-052f-421d-b8f7-e4aa2078007e,2026-05-16T13:49:29.069Z,0,,29.727195739746094,79.88409423828125,29.498992919921875,100083.0625,29.285919189453125,100541.546875,42.31219482421875,100474.515625,19.268220901489258,0,-0.598876953125,-0.780517578125,0.015380859375,0,0,1.220703125,4.2724609375,0.18310546875,0,0,"0",full
5acf237f-7b18-41f8-b081-ee95f05ce947,c9549b4e-052f-421d-b8f7-e4aa2078007e,2026-05-16T13:49:29.144Z,0,,29.727195739746094,79.88409423828125,29.498992919921875,100083.0625,29.285919189453125,100541.546875,42.31195068359375,100474.515625,19.268220901489258,0,-0.598876953125,-0.780517578125,0.015380859375,0,0,1.220703125,4.2724609375,0.18310546875,0,0,"0",full
5acf237f-7b18-41f8-b081-ee95f05ce947,c9549b4e-052f-421d-b8f7-e4aa2078007e,2026-05-16T13:49:29.174Z,0,,29.727195739746094,79.88409423828125,29.496200561523438,100106.34375,29.286529541015625,100542.515625,42.31195068359375,100474.515625,19.268220901489258,0,-0.43896484375,-0.673583984375,0.046142578125,0,0,5.859375,-6.40869140625,-46.32568359375,0,0,"0",full
5acf237f-7b18-41f8-b081-ee95f05ce947,c9549b4e-052f-421d-b8f7-e4aa2078007e,2026-05-16T13:49:29.264Z,0,,29.727195739746094,79.88409423828125,29.496200561523438,100106.34375,29.286529541015625,100542.515625,42.31126403808594,100474.546875,19.268220901489258,0,-0.43896484375,-0.673583984375,0.046142578125,0,0,5.859375,-6.40869140625,-46.32568359375,0,0,"0",full
5acf237f-7b18-41f8-b081-ee95f05ce947,c9549b4e-052f-421d-b8f7-e4aa2078007e,2026-05-16T13:49:29.338Z,0,,29.727195739746094,79.88409423828125,29.49188232421875,100163.0625,29.288970947265625,100544.46875,42.31181335449219,100474.578125,19.268220901489258,0,-0.566650390625,-0.85498046875,0.056640625,0,0,5.7373046875,2.86865234375,6.4697265625,0,0,"0",full
5acf237f-7b18-41f8-b081-ee95f05ce947,c9549b4e-052f-421d-b8f7-e4aa2078007e,2026-05-16T13:49:29.428Z,0,,29.641395568847656,80.0443115234375,29.49188232421875,100163.0625,29.288970947265625,100544.46875,42.31297302246094,100474.59375,19.211580276489258,0,-0.566650390625,-0.85498046875,0.056640625,0,0,5.7373046875,2.86865234375,6.4697265625,0,0,"0",full
5acf237f-7b18-41f8-b081-ee95f05ce947,c9549b4e-052f-421d-b8f7-e4aa2078007e,2026-05-16T13:49:29.452Z,0,,29.641395568847656,80.0443115234375,29.4888916015625,100215.1875,29.287796020507812,100545.921875,42.31297302246094,100474.59375,19.211580276489258,0,-0.5810546875,-0.88720703125,0.01025390625,0,0,0.79345703125,6.103515625,11.53564453125,0,0,"0",full
5acf237f-7b18-41f8-b081-ee95f05ce947,c9549b4e-052f-421d-b8f7-e4aa2078007e,2026-05-16T13:49:29.533Z,0,,29.641395568847656,80.0443115234375,29.4888916015625,100215.1875,29.287796020507812,100545.921875,42.31501770019531,100474.53125,19.211580276489258,0,-0.5810546875,-0.88720703125,0.01025390625,0,0,0.79345703125,6.103515625,11.53564453125,0,0,"0",full
5acf237f-7b18-41f8-b081-ee95f05ce947,c9549b4e-052f-421d-b8f7-e4aa2078007e,2026-05-16T13:49:29.593Z,0,,29.641395568847656,80.0443115234375,29.48162841796875,100282.625,29.2855224609375,100547.65625,42.31492614746094,100474.5625,19.211580276489258,0,-0.576171875,-0.838623046875,0.010986328125,0,0,1.15966796875,4.45556640625,5.126953125,0,0,"0",full
5acf237f-7b18-41f8-b081-ee95f05ce947,c9549b4e-052f-421d-b8f7-e4aa2078007e,2026-05-16T13:49:29.608Z,0,,29.58777618408203,74.55877685546875,29.482345581054688,100291.734375,29.2855224609375,100547.65625,42.31492614746094,100474.5625,19.126619338989258,0,-0.576171875,-0.838623046875,0.010986328125,0,0,1.15966796875,4.45556640625,5.126953125,0,0,"0",full
5acf237f-7b18-41f8-b081-ee95f05ce947,c9549b4e-052f-421d-b8f7-e4aa2078007e,2026-05-16T13:49:29.683Z,0,,29.58777618408203,74.55877685546875,29.482345581054688,100291.734375,29.2855224609375,100547.65625,42.31278991699219,100474.53125,19.126619338989258,0,-0.576171875,-0.838623046875,0.010986328125,0,0,1.15966796875,4.45556640625,5.126953125,0,0,"0",full
5acf237f-7b18-41f8-b081-ee95f05ce947,c9549b4e-052f-421d-b8f7-e4aa2078007e,2026-05-16T13:49:29.713Z,0,,29.58777618408203,74.55877685546875,29.4796142578125,100334.90625,29.287109375,100548.9375,42.312286376953125,100474.546875,19.126619338989258,0,-0.5341796875,-0.806640625,0.013916015625,0,0,0.67138671875,0.42724609375,-0.732421875,0,0,"0",full
5acf237f-7b18-41f8-b081-ee95f05ce947,c9549b4e-052f-421d-b8f7-e4aa2078007e,2026-05-16T13:49:29.803Z,0,,29.58777618408203,74.55877685546875,29.4796142578125,100334.90625,29.287109375,100548.9375,42.31248474121094,100474.5625,19.126619338989258,0,-0.5341796875,-0.806640625,0.013916015625,0,0,0.67138671875,0.42724609375,-0.732421875,0,0,"0",full
5acf237f-7b18-41f8-b081-ee95f05ce947,c9549b4e-052f-421d-b8f7-e4aa2078007e,2026-05-16T13:49:29.875Z,0,,29.58777618408203,74.55877685546875,29.47607421875,100386.140625,29.287017822265625,100550.53125,42.31060791015625,100474.546875,19.126619338989258,0,-0.57763671875,-0.82421875,-0.000244140625,0,0,0.9765625,-1.5869140625,-1.220703125,0,0,"0",full
5acf237f-7b18-41f8-b081-ee95f05ce947,c9549b4e-052f-421d-b8f7-e4aa2078007e,2026-05-16T13:49:29.893Z,0,,29.577049255371094,69.50048828125,29.47607421875,100386.140625,29.286529541015625,100550.6875,42.31060791015625,100474.546875,19.126619338989258,0,-0.5947265625,-0.859375,0.02294921875,0,0,0.48828125,-2.25830078125,-2.685546875,0,0,"0",full
5acf237f-7b18-41f8-b081-ee95f05ce947,c9549b4e-052f-421d-b8f7-e4aa2078007e,2026-05-16T13:49:29.969Z,0,,29.577049255371094,69.50048828125,29.47607421875,100386.140625,29.286529541015625,100550.6875,42.31010437011719,100474.5625,19.126619338989258,0,-0.5947265625,-0.859375,0.02294921875,0,0,0.48828125,-2.25830078125,-2.685546875,0,0,"0",full
5acf237f-7b18-41f8-b081-ee95f05ce947,c9549b4e-052f-421d-b8f7-e4aa2078007e,2026-05-16T13:49:29.992Z,0,,29.577049255371094,69.50048828125,29.474609375,100417.25,29.283981323242188,100551.484375,42.31010437011719,100474.5625,19.126619338989258,0,-0.4541015625,-0.806884765625,-0.0205078125,0,0,1.89208984375,3.2958984375,6.04248046875,0,0,"0",full
5acf237f-7b18-41f8-b081-ee95f05ce947,c9549b4e-052f-421d-b8f7-e4aa2078007e,2026-05-16T13:49:30.074Z,0,,29.577049255371094,69.50048828125,29.474609375,100417.25,29.283981323242188,100551.484375,42.31146240234375,100474.515625,19.126619338989258,0,-0.4541015625,-0.806884765625,-0.0205078125,0,0,1.89208984375,3.2958984375,6.04248046875,0,0,"0",full
5acf237f-7b18-41f8-b081-ee95f05ce947,c9549b4e-052f-421d-b8f7-e4aa2078007e,2026-05-16T13:49:30.133Z,0,,29.577049255371094,69.50048828125,29.4700927734375,100440.4375,29.285247802734375,100551.140625,42.31044006347656,100474.546875,19.126619338989258,0,-0.468994140625,-0.822998046875,-0.018798828125,0,0,-1.64794921875,-0.79345703125,1.77001953125,0,0,"0",full
5acf237f-7b18-41f8-b081-ee95f05ce947,c9549b4e-052f-421d-b8f7-e4aa2078007e,2026-05-16T13:49:30.147Z,0,,29.566322326660156,65.8994140625,29.470596313476562,100437.375,29.285247802734375,100551.140625,42.31195068359375,100474.515625,19.154939651489258,0,-0.468994140625,-0.822998046875,-0.018798828125,0,0,-1.64794921875,-0.79345703125,1.77001953125,0,0,"0",full
5acf237f-7b18-41f8-b081-ee95f05ce947,c9549b4e-052f-421d-b8f7-e4aa2078007e,2026-05-16T13:49:30.254Z,0,,29.566322326660156,65.8994140625,29.470596313476562,100437.375,29.285247802734375,100551.140625,42.3099365234375,100474.5625,19.154939651489258,0,-0.468994140625,-0.822998046875,-0.018798828125,0,0,-1.64794921875,-0.79345703125,1.77001953125,0,0,"0",full
5acf237f-7b18-41f8-b081-ee95f05ce947,c9549b4e-052f-421d-b8f7-e4aa2078007e,2026-05-16T13:49:30.278Z,0,,29.566322326660156,65.8994140625,29.473480224609375,100400.890625,29.2835693359375,100550.328125,42.309295654296875,100474.5625,19.154939651489258,0,-0.5419921875,-0.86767578125,0.02685546875,0,0,-1.220703125,-0.48828125,-4.5166015625,0,0,"0",full
5acf237f-7b18-41f8-b081-ee95f05ce947,c9549b4e-052f-421d-b8f7-e4aa2078007e,2026-05-16T13:49:30.359Z,0,,29.566322326660156,65.8994140625,29.473480224609375,100400.890625,29.2835693359375,100550.328125,42.310211181640625,100474.5625,19.154939651489258,0,-0.5419921875,-0.86767578125,0.02685546875,0,0,-1.220703125,-0.48828125,-4.5166015625,0,0,"0",full
5acf237f-7b18-41f8-b081-ee95f05ce947,c9549b4e-052f-421d-b8f7-e4aa2078007e,2026-05-16T13:49:30.402Z,0,,29.566322326660156,65.8994140625,29.477081298828125,100322.84375,29.283050537109375,100549,42.3087158203125,100474.625,19.154939651489258,0,-0.5810546875,-0.867431640625,0.032470703125,0,0,1.3427734375,3.60107421875,2.0751953125,0,0,"0",full
5acf237f-7b18-41f8-b081-ee95f05ce947,c9549b4e-052f-421d-b8f7-e4aa2078007e,2026-05-16T13:49:30.433Z,0,,29.619949340820312,66.15118408203125,29.477081298828125,100322.84375,29.283737182617188,100548.8125,42.3087158203125,100474.625,19.183259963989258,0,-0.564697265625,-0.83251953125,0.01708984375,0,0,1.8310546875,4.21142578125,0.8544921875,0,0,"0",full
5acf237f-7b18-41f8-b081-ee95f05ce947,c9549b4e-052f-421d-b8f7-e4aa2078007e,2026-05-16T13:49:30.509Z,0,,29.619949340820312,66.15118408203125,29.477081298828125,100322.84375,29.283737182617188,100548.8125,42.3096923828125,100474.71875,19.183259963989258,0,-0.564697265625,-0.83251953125,0.01708984375,0,0,1.8310546875,4.21142578125,0.8544921875,0,0,"0",full
5acf237f-7b18-41f8-b081-ee95f05ce947,c9549b4e-052f-421d-b8f7-e4aa2078007e,2026-05-16T13:49:30.533Z,0,,29.619949340820312,66.15118408203125,29.480117797851562,100269.328125,29.28424072265625,100548.078125,42.3096923828125,100474.71875,19.183259963989258,0,-0.513427734375,-0.847412109375,0.0107421875,0,0,-1.52587890625,2.13623046875,5.0048828125,0,0,"0",full
5acf237f-7b18-41f8-b081-ee95f05ce947,c9549b4e-052f-421d-b8f7-e4aa2078007e,2026-05-16T13:49:30.628Z,0,,29.619949340820312,66.15118408203125,29.480117797851562,100269.328125,29.28424072265625,100548.078125,42.30995178222656,100474.703125,19.183259963989258,0,-0.513427734375,-0.847412109375,0.0107421875,0,0,-1.52587890625,2.13623046875,5.0048828125,0,0,"0",full
5acf237f-7b18-41f8-b081-ee95f05ce947,c9549b4e-052f-421d-b8f7-e4aa2078007e,2026-05-16T13:49:30.672Z,0,,29.619949340820312,66.15118408203125,29.486358642578125,100209.015625,29.288040161132812,100546.484375,42.30926513671875,100474.6875,19.183259963989258,0,-0.53759765625,-0.886474609375,0.02490234375,0,0,1.03759765625,1.708984375,2.3193359375,0,0,"0",full
5acf237f-7b18-41f8-b081-ee95f05ce947,c9549b4e-052f-421d-b8f7-e4aa2078007e,2026-05-16T13:49:30.687Z,0,,29.695022583007812,71.57568359375,29.485580444335938,100201.921875,29.288040161132812,100546.484375,42.30992126464844,100474.71875,19.239900588989258,0,-0.52880859375,-0.8701171875,0.044921875,0,0,1.77001953125,2.0751953125,2.8076171875,0,0,"0",full
5acf237f-7b18-41f8-b081-ee95f05ce947,c9549b4e-052f-421d-b8f7-e4aa2078007e,2026-05-16T13:49:30.794Z,0,,29.695022583007812,71.57568359375,29.485580444335938,100201.921875,29.288040161132812,100546.484375,42.30897521972656,100474.78125,19.239900588989258,0,-0.52880859375,-0.8701171875,0.044921875,0,0,1.77001953125,2.0751953125,2.8076171875,0,0,"0",full
5acf237f-7b18-41f8-b081-ee95f05ce947,c9549b4e-052f-421d-b8f7-e4aa2078007e,2026-05-16T13:49:30.821Z,0,,29.695022583007812,71.57568359375,29.4873046875,100172.703125,29.287673950195312,100545.8125,42.30897521972656,100474.78125,19.239900588989258,0,-0.55615234375,-0.840087890625,0.0224609375,0,0,-0.244140625,-2.25830078125,-2.0751953125,0,0,"0",full
5acf237f-7b18-41f8-b081-ee95f05ce947,c9549b4e-052f-421d-b8f7-e4aa2078007e,2026-05-16T13:49:30.882Z,0,,29.695022583007812,71.57568359375,29.4873046875,100172.703125,29.287673950195312,100545.8125,42.31031799316406,100474.84375,19.239900588989258,0,-0.55615234375,-0.840087890625,0.0224609375,0,0,-0.244140625,-2.25830078125,-2.0751953125,0,0,"0",full
5acf237f-7b18-41f8-b081-ee95f05ce947,c9549b4e-052f-421d-b8f7-e4aa2078007e,2026-05-16T13:49:30.943Z,0,,29.695022583007812,71.57568359375,29.489242553710938,100152.203125,29.288436889648438,100545.640625,42.30998229980469,100474.828125,19.239900588989258,0,-0.571533203125,-0.846435546875,0.038330078125,0,0,-0.67138671875,-1.77001953125,-0.244140625,0,0,"0",full
5acf237f-7b18-41f8-b081-ee95f05ce947,c9549b4e-052f-421d-b8f7-e4aa2078007e,2026-05-16T13:49:30.974Z,0,,29.716476440429688,75.48956298828125,29.489242553710938,100152.203125,29.288436889648438,100545.640625,42.30998229980469,100474.828125,19.268220901489258,0,-0.571533203125,-0.846435546875,0.038330078125,0,0,-0.67138671875,-1.77001953125,-0.244140625,0,0,"0",full
5acf237f-7b18-41f8-b081-ee95f05ce947,c9549b4e-052f-421d-b8f7-e4aa2078007e,2026-05-16T13:49:31.063Z,0,,29.716476440429688,75.48956298828125,29.489242553710938,100152.203125,29.288436889648438,100545.640625,42.306884765625,100474.828125,19.268220901489258,0,-0.571533203125,-0.846435546875,0.038330078125,0,0,-0.67138671875,-1.77001953125,-0.244140625,0,0,"0",full
5acf237f-7b18-41f8-b081-ee95f05ce947,c9549b4e-052f-421d-b8f7-e4aa2078007e,2026-05-16T13:49:31.094Z,0,,29.716476440429688,75.48956298828125,29.490936279296875,100152.015625,29.290267944335938,100546.078125,42.306884765625,100474.828125,19.268220901489258,0,-0.551025390625,-0.829833984375,-0.01513671875,0,0,1.28173828125,0.79345703125,-1.77001953125,0,0,"0",full
5acf237f-7b18-41f8-b081-ee95f05ce947,c9549b4e-052f-421d-b8f7-e4aa2078007e,2026-05-16T13:49:31.169Z,0,,29.716476440429688,75.48956298828125,29.490936279296875,100152.015625,29.290267944335938,100546.078125,42.306243896484375,100474.8125,19.268220901489258,0,-0.551025390625,-0.829833984375,-0.01513671875,0,0,1.28173828125,0.79345703125,-1.77001953125,0,0,"0",full
5acf237f-7b18-41f8-b081-ee95f05ce947,c9549b4e-052f-421d-b8f7-e4aa2078007e,2026-05-16T13:49:31.228Z,0,,29.716476440429688,75.48956298828125,29.490997314453125,100184.03125,29.291397094726562,100547.75,42.307769775390625,100474.828125,19.268220901489258,0,-0.5068359375,-0.8486328125,-0.008544921875,0,0,-0.3662109375,-1.0986328125,-2.13623046875,0,0,"0",full
5acf237f-7b18-41f8-b081-ee95f05ce947,c9549b4e-052f-421d-b8f7-e4aa2078007e,2026-05-16T13:49:31.242Z,0,,29.652122497558594,77.3740234375,29.491912841796875,100191.40625,29.2908935546875,100548.015625,42.307769775390625,100474.828125,19.239900588989258,0,-0.49462890625,-0.802001953125,-0.027099609375,0,0,0.6103515625,0,0.06103515625,0,0,"0",full
5acf237f-7b18-41f8-b081-ee95f05ce947,c9549b4e-052f-421d-b8f7-e4aa2078007e,2026-05-16T13:49:31.333Z,0,,29.652122497558594,77.3740234375,29.491912841796875,100191.40625,29.2908935546875,100548.015625,42.305908203125,100474.859375,19.239900588989258,0,-0.49462890625,-0.802001953125,-0.027099609375,0,0,0.6103515625,0,0.06103515625,0,0,"0",full
5acf237f-7b18-41f8-b081-ee95f05ce947,c9549b4e-052f-421d-b8f7-e4aa2078007e,2026-05-16T13:49:31.364Z,0,,29.652122497558594,77.3740234375,29.489471435546875,100234.5625,29.288711547851562,100549.140625,42.305908203125,100474.859375,19.239900588989258,0,-0.572265625,-0.887939453125,0.061767578125,0,0,0,0.91552734375,-1.220703125,0,0,"0",full
5acf237f-7b18-41f8-b081-ee95f05ce947,c9549b4e-052f-421d-b8f7-e4aa2078007e,2026-05-16T13:49:31.454Z,0,,29.652122497558594,77.3740234375,29.489471435546875,100234.5625,29.288711547851562,100549.140625,42.30572509765625,100474.875,19.239900588989258,0,-0.572265625,-0.887939453125,0.061767578125,0,0,0,0.91552734375,-1.220703125,0,0,"0",full
5acf237f-7b18-41f8-b081-ee95f05ce947,c9549b4e-052f-421d-b8f7-e4aa2078007e,2026-05-16T13:49:31.484Z,0,,29.652122497558594,77.3740234375,29.484756469726562,100301.890625,29.289459228515625,100551.46875,42.305877685546875,100474.890625,19.239900588989258,0,-0.55810546875,-0.87841796875,0.04443359375,0,0,2.44140625,-0.18310546875,-0.244140625,0,0,"0",full
5acf237f-7b18-41f8-b081-ee95f05ce947,c9549b4e-052f-421d-b8f7-e4aa2078007e,2026-05-16T13:49:31.513Z,0,,29.609222412109375,72.8421630859375,29.484756469726562,100301.890625,29.289459228515625,100551.46875,42.30647277832031,100474.921875,19.211580276489258,0,-0.53369140625,-0.861572265625,0.0302734375,0,0,1.77001953125,-1.03759765625,-0.91552734375,0,0,"0",full
5acf237f-7b18-41f8-b081-ee95f05ce947,c9549b4e-052f-421d-b8f7-e4aa2078007e,2026-05-16T13:49:31.604Z,0,,29.609222412109375,72.8421630859375,29.484756469726562,100301.890625,29.289459228515625,100551.46875,42.30488586425781,100474.875,19.211580276489258,0,-0.53369140625,-0.861572265625,0.0302734375,0,0,1.77001953125,-1.03759765625,-0.91552734375,0,0,"0",full
5acf237f-7b18-41f8-b081-ee95f05ce947,c9549b4e-052f-421d-b8f7-e4aa2078007e,2026-05-16T13:49:31.646Z,0,,29.609222412109375,72.8421630859375,29.483200073242188,100347.75,29.290176391601562,100552.890625,42.305084228515625,100474.875,19.211580276489258,0,-0.5595703125,-0.83984375,0.00927734375,0,0,1.708984375,1.28173828125,3.2958984375,0,0,"0",full
5acf237f-7b18-41f8-b081-ee95f05ce947,c9549b4e-052f-421d-b8f7-e4aa2078007e,2026-05-16T13:49:31.708Z,0,,29.609222412109375,72.8421630859375,29.483200073242188,100347.75,29.290176391601562,100552.890625,42.3056640625,100474.90625,19.211580276489258,0,-0.5595703125,-0.83984375,0.00927734375,0,0,1.708984375,1.28173828125,3.2958984375,0,0,"0",full
5acf237f-7b18-41f8-b081-ee95f05ce947,c9549b4e-052f-421d-b8f7-e4aa2078007e,2026-05-16T13:49:31.768Z,0,,29.609222412109375,72.8421630859375,29.477020263671875,100402.75,29.291351318359375,100554.703125,42.30523681640625,100474.90625,19.211580276489258,0,-0.541748046875,-0.77197265625,-0.036376953125,0,0,7.32421875,7.38525390625,6.9580078125,0,0,"0",full
5acf237f-7b18-41f8-b081-ee95f05ce947,c9549b4e-052f-421d-b8f7-e4aa2078007e,2026-05-16T13:49:31.784Z,0,,29.577049255371094,67.75335693359375,29.47589111328125,100409.5,29.291351318359375,100554.703125,42.30523681640625,100474.90625,19.183259963989258,0,-0.541748046875,-0.77197265625,-0.036376953125,0,0,7.32421875,7.38525390625,6.9580078125,0,0,"0",full
5acf237f-7b18-41f8-b081-ee95f05ce947,c9549b4e-052f-421d-b8f7-e4aa2078007e,2026-05-16T13:49:31.888Z,0,,29.577049255371094,67.75335693359375,29.47589111328125,100409.5,29.291351318359375,100554.703125,42.30613708496094,100474.890625,19.183259963989258,0,-0.541748046875,-0.77197265625,-0.036376953125,0,0,7.32421875,7.38525390625,6.9580078125,0,0,"0",full
5acf237f-7b18-41f8-b081-ee95f05ce947,c9549b4e-052f-421d-b8f7-e4aa2078007e,2026-05-16T13:49:31.889Z,0,,29.577049255371094,67.75335693359375,29.474990844726562,100440.65625,29.293014526367188,100555.703125,42.30613708496094,100474.890625,19.183259963989258,0,-0.48779296875,-0.820068359375,-0.00927734375,0,0,-12.26806640625,-8.056640625,-5.2490234375,0,0,"0",full
5acf237f-7b18-41f8-b081-ee95f05ce947,c9549b4e-052f-421d-b8f7-e4aa2078007e,2026-05-16T13:49:31.993Z,0,,29.577049255371094,67.75335693359375,29.474990844726562,100440.65625,29.293014526367188,100555.703125,42.30412292480469,100474.890625,19.183259963989258,0,-0.48779296875,-0.820068359375,-0.00927734375,0,0,-12.26806640625,-8.056640625,-5.2490234375,0,0,"0",full
5acf237f-7b18-41f8-b081-ee95f05ce947,c9549b4e-052f-421d-b8f7-e4aa2078007e,2026-05-16T13:49:32.053Z,0,,29.577049255371094,67.75335693359375,29.47216796875,100461.859375,29.291580200195312,100555.09375,42.30519104003906,100474.859375,19.183259963989258,0,-0.466064453125,-0.8349609375,-0.019775390625,0,0,8.056640625,3.7841796875,-2.13623046875,0,0,"0",full
5acf237f-7b18-41f8-b081-ee95f05ce947,c9549b4e-052f-421d-b8f7-e4aa2078007e,2026-05-16T13:49:32.068Z,0,,29.58777618408203,64.068359375,29.47216796875,100461.859375,29.290817260742188,100554.78125,42.3050537109375,100474.875,19.211580276489258,0,-0.509521484375,-0.802490234375,-0.00830078125,0,0,6.8359375,4.33349609375,-0.67138671875,0,0,"0",full
5acf237f-7b18-41f8-b081-ee95f05ce947,c9549b4e-052f-421d-b8f7-e4aa2078007e,2026-05-16T13:49:32.144Z,0,,29.58777618408203,64.068359375,29.47216796875,100461.859375,29.290817260742188,100554.78125,42.3040771484375,100474.875,19.211580276489258,0,-0.509521484375,-0.802490234375,-0.00830078125,0,0,6.8359375,4.33349609375,-0.67138671875,0,0,"0",full
5acf237f-7b18-41f8-b081-ee95f05ce947,c9549b4e-052f-421d-b8f7-e4aa2078007e,2026-05-16T13:49:32.174Z,0,,29.58777618408203,64.068359375,29.474838256835938,100418.859375,29.289642333984375,100553.40625,42.3040771484375,100474.875,19.211580276489258,0,-0.52587890625,-0.8603515625,0.027099609375,0,0,-0.06103515625,-0.18310546875,0.67138671875,0,0,"0",full
5acf237f-7b18-41f8-b081-ee95f05ce947,c9549b4e-052f-421d-b8f7-e4aa2078007e,2026-05-16T13:49:32.247Z,0,,29.58777618408203,64.068359375,29.474838256835938,100418.859375,29.289642333984375,100553.40625,42.303070068359375,100474.890625,19.211580276489258,0,-0.52587890625,-0.8603515625,0.027099609375,0,0,-0.06103515625,-0.18310546875,0.67138671875,0,0,"0",full
5acf237f-7b18-41f8-b081-ee95f05ce947,c9549b4e-052f-421d-b8f7-e4aa2078007e,2026-05-16T13:49:32.307Z,0,,29.58777618408203,64.068359375,29.48248291015625,100324.359375,29.290542602539062,100551.25,42.302001953125,100474.890625,19.211580276489258,0,-0.57666015625,-0.88427734375,0.056640625,0,0,-2.13623046875,-3.60107421875,-3.60107421875,0,0,"0",full
5acf237f-7b18-41f8-b081-ee95f05ce947,c9549b4e-052f-421d-b8f7-e4aa2078007e,2026-05-16T13:49:32.323Z,0,,29.63067626953125,64.3277587890625,29.4830322265625,100310.328125,29.290542602539062,100551.25,42.302001953125,100474.890625,19.239900588989258,0,-0.54150390625,-0.855224609375,0.034423828125,0,0,-3.23486328125,-4.94384765625,-4.94384765625,0,0,"0",full
5acf237f-7b18-41f8-b081-ee95f05ce947,c9549b4e-052f-421d-b8f7-e4aa2078007e,2026-05-16T13:49:32.427Z,0,,29.63067626953125,64.3277587890625,29.4830322265625,100310.328125,29.290542602539062,100551.25,42.300445556640625,100474.890625,19.239900588989258,0,-0.54150390625,-0.855224609375,0.034423828125,0,0,-3.23486328125,-4.94384765625,-4.94384765625,0,0,"0",full
5acf237f-7b18-41f8-b081-ee95f05ce947,c9549b4e-052f-421d-b8f7-e4aa2078007e,2026-05-16T13:49:32.451Z,0,,29.63067626953125,64.3277587890625,29.487640380859375,100246.6875,29.291793823242188,100549.4375,42.300445556640625,100474.890625,19.239900588989258,0,-0.5234375,-0.866943359375,0.012939453125,0,0,3.5400390625,4.57763671875,5.7373046875,0,0,"0",full
5acf237f-7b18-41f8-b081-ee95f05ce947,c9549b4e-052f-421d-b8f7-e4aa2078007e,2026-05-16T13:49:32.534Z,0,,29.63067626953125,64.3277587890625,29.487640380859375,100246.6875,29.291793823242188,100549.4375,42.30120849609375,100474.96875,19.239900588989258,0,-0.5234375,-0.866943359375,0.012939453125,0,0,3.5400390625,4.57763671875,5.7373046875,0,0,"0",full
5acf237f-7b18-41f8-b081-ee95f05ce947,c9549b4e-052f-421d-b8f7-e4aa2078007e,2026-05-16T13:49:32.592Z,0,,29.63067626953125,64.3277587890625,29.495498657226562,100180.96875,29.293289184570312,100547.6875,42.2999267578125,100475,19.239900588989258,0,-0.53173828125,-0.837158203125,0.008544921875,0,0,0.244140625,-1.0986328125,-1.220703125,0,0,"0",full
5acf237f-7b18-41f8-b081-ee95f05ce947,c9549b4e-052f-421d-b8f7-e4aa2078007e,2026-05-16T13:49:32.607Z,0,,29.727195739746094,70.43890380859375,29.495498657226562,100180.96875,29.293289184570312,100547.6875,42.2999267578125,100475,19.296539306640625,0,-0.53173828125,-0.837158203125,0.008544921875,0,0,0.244140625,-1.0986328125,-1.220703125,0,0,"0",full
5acf237f-7b18-41f8-b081-ee95f05ce947,c9549b4e-052f-421d-b8f7-e4aa2078007e,2026-05-16T13:49:32.683Z,0,,29.727195739746094,70.43890380859375,29.495498657226562,100180.96875,29.293289184570312,100547.6875,42.29931640625,100475.03125,19.296539306640625,0,-0.53173828125,-0.837158203125,0.008544921875,0,0,0.244140625,-1.0986328125,-1.220703125,0,0,"0",full
5acf237f-7b18-41f8-b081-ee95f05ce947,c9549b4e-052f-421d-b8f7-e4aa2078007e,2026-05-16T13:49:32.714Z,0,,29.727195739746094,70.43890380859375,29.498977661132812,100148.078125,29.295501708984375,100546.71875,42.29931640625,100475.03125,19.296539306640625,0,-0.522705078125,-0.825439453125,-0.009521484375,0,0,1.28173828125,-0.79345703125,1.03759765625,0,0,"0",full
5acf237f-7b18-41f8-b081-ee95f05ce947,c9549b4e-052f-421d-b8f7-e4aa2078007e,2026-05-16T13:49:32.803Z,0,,29.727195739746094,70.43890380859375,29.498977661132812,100148.078125,29.295501708984375,100546.71875,42.29924011230469,100475.09375,19.296539306640625,0,-0.522705078125,-0.825439453125,-0.009521484375,0,0,1.28173828125,-0.79345703125,1.03759765625,0,0,"0",full
5acf237f-7b18-41f8-b081-ee95f05ce947,c9549b4e-052f-421d-b8f7-e4aa2078007e,2026-05-16T13:49:32.847Z,0,,29.727195739746094,70.43890380859375,29.502044677734375,100123.09375,29.2978515625,100546.6875,42.29925537109375,100475.125,19.296539306640625,0,-0.4853515625,-0.804931640625,-0.0341796875,0,0,-0.30517578125,0.06103515625,1.89208984375,0,0,"0",full
5acf237f-7b18-41f8-b081-ee95f05ce947,c9549b4e-052f-421d-b8f7-e4aa2078007e,2026-05-16T13:49:32.862Z,0,,29.716476440429688,74.54351806640625,29.502349853515625,100121.796875,29.297836303710938,100546.734375,42.299072265625,100475.140625,19.296539306640625,0,-0.517578125,-0.817138671875,0.001953125,0,0,0.8544921875,0.48828125,3.7841796875,0,0,"0",full
5acf237f-7b18-41f8-b081-ee95f05ce947,c9549b4e-052f-421d-b8f7-e4aa2078007e,2026-05-16T13:49:32.968Z,0,,29.716476440429688,74.54351806640625,29.502349853515625,100121.796875,29.297836303710938,100546.734375,42.29908752441406,100475.125,19.296539306640625,0,-0.517578125,-0.817138671875,0.001953125,0,0,0.8544921875,0.48828125,3.7841796875,0,0,"0",full
5acf237f-7b18-41f8-b081-ee95f05ce947,c9549b4e-052f-421d-b8f7-e4aa2078007e,2026-05-16T13:49:32.991Z,0,,29.716476440429688,74.54351806640625,29.500762939453125,100121,29.298263549804688,100547.078125,42.29872131347656,100475.109375,19.296539306640625,0,-0.52392578125,-0.83642578125,-0.01220703125,0,0,-0.42724609375,-2.62451171875,-9.1552734375,0,0,"0",full
5acf237f-7b18-41f8-b081-ee95f05ce947,c9549b4e-052f-421d-b8f7-e4aa2078007e,2026-05-16T13:49:33.073Z,0,,29.716476440429688,74.54351806640625,29.500762939453125,100121,29.298263549804688,100547.078125,42.29814147949219,100475.078125,19.296539306640625,0,-0.52392578125,-0.83642578125,-0.01220703125,0,0,-0.42724609375,-2.62451171875,-9.1552734375,0,0,"0",full
5acf237f-7b18-41f8-b081-ee95f05ce947,c9549b4e-052f-421d-b8f7-e4aa2078007e,2026-05-16T13:49:33.134Z,0,,29.716476440429688,74.54351806640625,29.501296997070312,100154.015625,29.297744750976562,100548.59375,42.29698181152344,100475.046875,19.296539306640625,0,-0.542236328125,-0.858642578125,0.041015625,0,0,-2.99072265625,-3.7841796875,-7.568359375,0,0,"0",full
5acf237f-7b18-41f8-b081-ee95f05ce947,c9549b4e-052f-421d-b8f7-e4aa2078007e,2026-05-16T13:49:33.149Z,0,,29.67357635498047,76.8704833984375,29.501296997070312,100154.015625,29.297744750976562,100548.59375,42.29698181152344,100475.046875,19.268220901489258,0,-0.542236328125,-0.858642578125,0.041015625,0,0,-2.99072265625,-3.7841796875,-7.568359375,0,0,"0",full
5acf237f-7b18-41f8-b081-ee95f05ce947,c9549b4e-052f-421d-b8f7-e4aa2078007e,2026-05-16T13:49:33.224Z,0,,29.67357635498047,76.8704833984375,29.501296997070312,100154.015625,29.297744750976562,100548.59375,42.29716491699219,100475.046875,19.268220901489258,0,-0.542236328125,-0.858642578125,0.041015625,0,0,-2.99072265625,-3.7841796875,-7.568359375,0,0,"0",full
5acf237f-7b18-41f8-b081-ee95f05ce947,c9549b4e-052f-421d-b8f7-e4aa2078007e,2026-05-16T13:49:33.253Z,0,,29.67357635498047,76.8704833984375,29.497161865234375,100193.96875,29.298873901367188,100549.78125,42.29716491699219,100475.046875,19.268220901489258,0,-0.61669921875,-0.881591796875,0.076904296875,0,0,1.46484375,2.01416015625,2.8076171875,0,0,"0",full
5acf237f-7b18-41f8-b081-ee95f05ce947,c9549b4e-052f-421d-b8f7-e4aa2078007e,2026-05-16T13:49:33.343Z,0,,29.67357635498047,76.8704833984375,29.497161865234375,100193.96875,29.298873901367188,100549.78125,42.29981994628906,100475.046875,19.268220901489258,0,-0.61669921875,-0.881591796875,0.076904296875,0,0,1.46484375,2.01416015625,2.8076171875,0,0,"0",full
5acf237f-7b18-41f8-b081-ee95f05ce947,c9549b4e-052f-421d-b8f7-e4aa2078007e,2026-05-16T13:49:33.403Z,0,,29.67357635498047,76.8704833984375,29.49169921875,100261.46875,29.298324584960938,100551.46875,42.29963684082031,100475,19.268220901489258,0,-0.54736328125,-0.85107421875,0.013671875,0,0,0.3662109375,2.13623046875,4.638671875,0,0,"0",full
5acf237f-7b18-41f8-b081-ee95f05ce947,c9549b4e-052f-421d-b8f7-e4aa2078007e,2026-05-16T13:49:33.433Z,0,,29.619949340820312,73.1778564453125,29.491302490234375,100271.609375,29.298690795898438,100551.765625,42.30024719238281,100475,19.239900588989258,0,-0.54736328125,-0.85107421875,0.013671875,0,0,0.3662109375,2.13623046875,4.638671875,0,0,"0",full
5acf237f-7b18-41f8-b081-ee95f05ce947,c9549b4e-052f-421d-b8f7-e4aa2078007e,2026-05-16T13:49:33.507Z,0,,29.619949340820312,73.1778564453125,29.491302490234375,100271.609375,29.298690795898438,100551.765625,42.29864501953125,100475.03125,19.239900588989258,0,-0.54736328125,-0.85107421875,0.013671875,0,0,0.3662109375,2.13623046875,4.638671875,0,0,"0",full
5acf237f-7b18-41f8-b081-ee95f05ce947,c9549b4e-052f-421d-b8f7-e4aa2078007e,2026-05-16T13:49:33.530Z,0,,29.619949340820312,73.1778564453125,29.488754272460938,100311.703125,29.29571533203125,100553.015625,42.29864501953125,100475.03125,19.239900588989258,0,-0.5537109375,-0.80126953125,-0.00146484375,0,0,0.79345703125,2.38037109375,2.3193359375,0,0,"0",full
5acf237f-7b18-41f8-b081-ee95f05ce947,c9549b4e-052f-421d-b8f7-e4aa2078007e,2026-05-16T13:49:33.613Z,0,,29.619949340820312,73.1778564453125,29.488754272460938,100311.703125,29.29571533203125,100553.015625,42.297454833984375,100475.078125,19.239900588989258,0,-0.5537109375,-0.80126953125,-0.00146484375,0,0,0.79345703125,2.38037109375,2.3193359375,0,0,"0",full
5acf237f-7b18-41f8-b081-ee95f05ce947,c9549b4e-052f-421d-b8f7-e4aa2078007e,2026-05-16T13:49:33.673Z,0,,29.619949340820312,73.1778564453125,29.482467651367188,100383.359375,29.296401977539062,100555.0625,42.29585266113281,100475.0625,19.239900588989258,0,-0.513916015625,-0.815673828125,-0.003173828125,0,0,0.67138671875,-2.25830078125,-6.8359375,0,0,"0",full
5acf237f-7b18-41f8-b081-ee95f05ce947,c9549b4e-052f-421d-b8f7-e4aa2078007e,2026-05-16T13:49:33.690Z,0,,29.598495483398438,67.883056640625,29.482467651367188,100383.359375,29.296401977539062,100555.0625,42.29585266113281,100475.0625,19.211580276489258,0,-0.534912109375,-0.860595703125,-0.00927734375,0,0,1.0986328125,-1.89208984375,-4.8828125,0,0,"0",full
5acf237f-7b18-41f8-b081-ee95f05ce947,c9549b4e-052f-421d-b8f7-e4aa2078007e,2026-05-16T13:49:33.793Z,0,,29.598495483398438,67.883056640625,29.482467651367188,100383.359375,29.296401977539062,100555.0625,42.29548645019531,100475.046875,19.211580276489258,0,-0.534912109375,-0.860595703125,-0.00927734375,0,0,1.0986328125,-1.89208984375,-4.8828125,0,0,"0",full
5acf237f-7b18-41f8-b081-ee95f05ce947,c9549b4e-052f-421d-b8f7-e4aa2078007e,2026-05-16T13:49:33.816Z,0,,29.598495483398438,67.883056640625,29.482376098632812,100419.65625,29.296188354492188,100556.25,42.29548645019531,100475.046875,19.211580276489258,0,-0.551025390625,-0.882568359375,0.052490234375,0,0,-6.103515625,-0.9765625,2.50244140625,0,0,"0",full
5acf237f-7b18-41f8-b081-ee95f05ce947,c9549b4e-052f-421d-b8f7-e4aa2078007e,2026-05-16T13:49:33.883Z,0,,29.598495483398438,67.883056640625,29.482376098632812,100419.65625,29.296188354492188,100556.25,42.29454040527344,100475.03125,19.211580276489258,0,-0.551025390625,-0.882568359375,0.052490234375,0,0,-6.103515625,-0.9765625,2.50244140625,0,0,"0",full
5acf237f-7b18-41f8-b081-ee95f05ce947,c9549b4e-052f-421d-b8f7-e4aa2078007e,2026-05-16T13:49:33.943Z,0,,29.598495483398438,67.883056640625,29.480697631835938,100459.53125,29.298553466796875,100557.40625,42.29389953613281,100475.046875,19.211580276489258,0,-0.600341796875,-0.867431640625,0.08642578125,0,0,0.67138671875,-1.0986328125,-1.8310546875,0,0,"0",full
5acf237f-7b18-41f8-b081-ee95f05ce947,c9549b4e-052f-421d-b8f7-e4aa2078007e,2026-05-16T13:49:33.989Z,0,,29.58777618408203,63.8699951171875,29.48126220703125,100464.984375,29.298553466796875,100557.40625,42.29389953613281,100475.046875,19.211580276489258,0,-0.600341796875,-0.867431640625,0.08642578125,0,0,0.67138671875,-1.0986328125,-1.8310546875,0,0,"0",full
5acf237f-7b18-41f8-b081-ee95f05ce947,c9549b4e-052f-421d-b8f7-e4aa2078007e,2026-05-16T13:49:34.048Z,0,,29.58777618408203,63.8699951171875,29.48126220703125,100464.984375,29.298553466796875,100557.40625,42.2928466796875,100475.03125,19.211580276489258,0,-0.600341796875,-0.867431640625,0.08642578125,0,0,0.67138671875,-1.0986328125,-1.8310546875,0,0,"0",full
5acf237f-7b18-41f8-b081-ee95f05ce947,c9549b4e-052f-421d-b8f7-e4aa2078007e,2026-05-16T13:49:34.070Z,0,,29.58777618408203,63.8699951171875,29.480667114257812,100477.640625,29.295913696289062,100556.5,42.2928466796875,100475.03125,19.211580276489258,0,-0.505859375,-0.81591796875,-0.0595703125,0,0,6.04248046875,2.62451171875,5.2490234375,0,0,"0",full
5acf237f-7b18-41f8-b081-ee95f05ce947,c9549b4e-052f-421d-b8f7-e4aa2078007e,2026-05-16T13:49:34.168Z,0,,29.58777618408203,63.8699951171875,29.480667114257812,100477.640625,29.295913696289062,100556.5,42.292327880859375,100474.96875,19.211580276489258,0,-0.505859375,-0.81591796875,-0.0595703125,0,0,6.04248046875,2.62451171875,5.2490234375,0,0,"0",full
5acf237f-7b18-41f8-b081-ee95f05ce947,c9549b4e-052f-421d-b8f7-e4aa2078007e,2026-05-16T13:49:34.211Z,0,,29.58777618408203,63.8699951171875,29.483428955078125,100404.8125,29.294937133789062,100554.890625,42.292816162109375,100474.953125,19.211580276489258,0,-0.569091796875,-0.91552734375,0.07421875,0,0,-5.4931640625,-3.96728515625,-12.0849609375,0,0,"0",full
5acf237f-7b18-41f8-b081-ee95f05ce947,c9549b4e-052f-421d-b8f7-e4aa2078007e,2026-05-16T13:49:34.228Z,0,,29.58777618408203,61.39044189453125,29.483428955078125,100404.8125,29.295639038085938,100554.734375,42.29290771484375,100474.953125,19.268220901489258,0,-0.569091796875,-0.91552734375,0.07421875,0,0,-5.4931640625,-3.96728515625,-12.0849609375,0,0,"0",full
5acf237f-7b18-41f8-b081-ee95f05ce947,c9549b4e-052f-421d-b8f7-e4aa2078007e,2026-05-16T13:49:34.334Z,0,,29.58777618408203,61.39044189453125,29.483428955078125,100404.8125,29.295639038085938,100554.734375,42.29219055175781,100475,19.268220901489258,0,-0.569091796875,-0.91552734375,0.07421875,0,0,-5.4931640625,-3.96728515625,-12.0849609375,0,0,"0",full
5acf237f-7b18-41f8-b081-ee95f05ce947,c9549b4e-052f-421d-b8f7-e4aa2078007e,2026-05-16T13:49:34.359Z,0,,29.58777618408203,61.39044189453125,29.489578247070312,100328.515625,29.29583740234375,100553.75,42.291534423828125,100474.984375,19.268220901489258,0,-0.627197265625,-0.83984375,0.03076171875,0,0,-6.65283203125,2.685546875,12.8173828125,0,0,"0",full
5acf237f-7b18-41f8-b081-ee95f05ce947,c9549b4e-052f-421d-b8f7-e4aa2078007e,2026-05-16T13:49:34.423Z,0,,29.58777618408203,61.39044189453125,29.489578247070312,100328.515625,29.29583740234375,100553.75,42.291900634765625,100474.984375,19.268220901489258,0,-0.627197265625,-0.83984375,0.03076171875,0,0,-6.65283203125,2.685546875,12.8173828125,0,0,"0",full
5acf237f-7b18-41f8-b081-ee95f05ce947,c9549b4e-052f-421d-b8f7-e4aa2078007e,2026-05-16T13:49:34.488Z,0,,29.58777618408203,61.39044189453125,29.497207641601562,100235.53125,29.297683715820312,100551.0625,42.29240417480469,100474.96875,19.268220901489258,0,-0.612548828125,-0.829833984375,0.0302734375,0,0,4.69970703125,2.3193359375,0.67138671875,0,0,"0",full
5acf237f-7b18-41f8-b081-ee95f05ce947,c9549b4e-052f-421d-b8f7-e4aa2078007e,2026-05-16T13:49:34.513Z,0,,29.70574951171875,66.723388671875,29.498184204101562,100224.328125,29.297683715820312,100551.0625,42.29240417480469,100474.96875,19.296539306640625,0,-0.56640625,-0.841796875,0.021240234375,0,0,2.685546875,2.9296875,3.60107421875,0,0,"0",full
5acf237f-7b18-41f8-b081-ee95f05ce947,c9549b4e-052f-421d-b8f7-e4aa2078007e,2026-05-16T13:49:34.603Z,0,,29.70574951171875,66.723388671875,29.498184204101562,100224.328125,29.297683715820312,100551.0625,42.291717529296875,100474.953125,19.296539306640625,0,-0.56640625,-0.841796875,0.021240234375,0,0,2.685546875,2.9296875,3.60107421875,0,0,"0",full
5acf237f-7b18-41f8-b081-ee95f05ce947,c9549b4e-052f-421d-b8f7-e4aa2078007e,2026-05-16T13:49:34.634Z,0,,29.70574951171875,66.723388671875,29.502593994140625,100185.0625,29.30072021484375,100549.796875,42.291717529296875,100474.953125,19.296539306640625,0,-0.45556640625,-0.82763671875,-0.039306640625,0,0,0.54931640625,2.86865234375,6.40869140625,0,0,"0",full
5acf237f-7b18-41f8-b081-ee95f05ce947,c9549b4e-052f-421d-b8f7-e4aa2078007e,2026-05-16T13:49:34.708Z,0,,29.70574951171875,66.723388671875,29.502593994140625,100185.0625,29.30072021484375,100549.796875,42.291473388671875,100475.0625,19.296539306640625,0,-0.45556640625,-0.82763671875,-0.039306640625,0,0,0.54931640625,2.86865234375,6.40869140625,0,0,"0",full
5acf237f-7b18-41f8-b081-ee95f05ce947,c9549b4e-052f-421d-b8f7-e4aa2078007e,2026-05-16T13:49:34.767Z,0,,29.70574951171875,66.723388671875,29.508132934570312,100127.046875,29.302719116210938,100548.453125,42.291290283203125,100475.078125,19.296539306640625,0,-0.450439453125,-0.759521484375,0.055908203125,0,0,19.1650390625,2.62451171875,-16.29638671875,0,0,"0",full
5acf237f-7b18-41f8-b081-ee95f05ce947,c9549b4e-052f-421d-b8f7-e4aa2078007e,2026-05-16T13:49:34.783Z,0,,29.73792266845703,72.16314697265625,29.508132934570312,100127.046875,29.302719116210938,100548.453125,42.2906494140625,100475.09375,19.324859619140625,0,-0.450439453125,-0.759521484375,0.055908203125,0,0,19.1650390625,2.62451171875,-16.29638671875,0,0,"0",full
5acf237f-7b18-41f8-b081-ee95f05ce947,c9549b4e-052f-421d-b8f7-e4aa2078007e,2026-05-16T13:49:34.873Z,0,,29.73792266845703,72.16314697265625,29.508132934570312,100127.046875,29.302719116210938,100548.453125,42.291595458984375,100475.078125,19.324859619140625,0,-0.450439453125,-0.759521484375,0.055908203125,0,0,19.1650390625,2.62451171875,-16.29638671875,0,0,"0",full
5acf237f-7b18-41f8-b081-ee95f05ce947,c9549b4e-052f-421d-b8f7-e4aa2078007e,2026-05-16T13:49:34.898Z,0,,29.73792266845703,72.16314697265625,29.512420654296875,100103.9375,29.30181884765625,100547.46875,42.291595458984375,100475.078125,19.324859619140625,0,-0.632080078125,-0.960205078125,0.1337890625,0,0,-27.587890625,-12.8173828125,3.35693359375,0,0,"0",full
5acf237f-7b18-41f8-b081-ee95f05ce947,c9549b4e-052f-421d-b8f7-e4aa2078007e,2026-05-16T13:49:34.963Z,0,,29.73792266845703,72.16314697265625,29.512420654296875,100103.9375,29.30181884765625,100547.46875,42.291015625,100475.078125,19.324859619140625,0,-0.632080078125,-0.960205078125,0.1337890625,0,0,-27.587890625,-12.8173828125,3.35693359375,0,0,"0",full
5acf237f-7b18-41f8-b081-ee95f05ce947,c9549b4e-052f-421d-b8f7-e4aa2078007e,2026-05-16T13:49:35.023Z,0,,29.73792266845703,72.16314697265625,29.514129638671875,100084.171875,29.304031372070312,100546.796875,42.28977966308594,100475.0625,19.324859619140625,0,-0.61669921875,-0.88232421875,0.047119140625,0,0,4.638671875,6.89697265625,8.4228515625,0,0,"0",full
5acf237f-7b18-41f8-b081-ee95f05ce947,c9549b4e-052f-421d-b8f7-e4aa2078007e,2026-05-16T13:49:35.053Z,0,,29.759376525878906,75.939697265625,29.514129638671875,100084.171875,29.303665161132812,100546.796875,42.28977966308594,100475.0625,19.324859619140625,0,-0.61669921875,-0.88232421875,0.047119140625,0,0,4.638671875,6.89697265625,8.4228515625,0,0,"0",full
5acf237f-7b18-41f8-b081-ee95f05ce947,c9549b4e-052f-421d-b8f7-e4aa2078007e,2026-05-16T13:49:35.143Z,0,,29.759376525878906,75.939697265625,29.514129638671875,100084.171875,29.303665161132812,100546.796875,42.28985595703125,100475.046875,19.324859619140625,0,-0.61669921875,-0.88232421875,0.047119140625,0,0,4.638671875,6.89697265625,8.4228515625,0,0,"0",full
5acf237f-7b18-41f8-b081-ee95f05ce947,c9549b4e-052f-421d-b8f7-e4aa2078007e,2026-05-16T13:49:35.173Z,0,,29.759376525878906,75.939697265625,29.516006469726562,100080.75,29.303466796875,100546.96875,42.28985595703125,100475.046875,19.324859619140625,0,-0.554931640625,-0.806884765625,-0.00634765625,0,0,5.126953125,2.0751953125,-4.94384765625,0,0,"0",full
5acf237f-7b18-41f8-b081-ee95f05ce947,c9549b4e-052f-421d-b8f7-e4aa2078007e,2026-05-16T13:49:35.249Z,0,,29.759376525878906,75.939697265625,29.516006469726562,100080.75,29.303466796875,100546.96875,42.29017639160156,100475.015625,19.324859619140625,0,-0.554931640625,-0.806884765625,-0.00634765625,0,0,5.126953125,2.0751953125,-4.94384765625,0,0,"0",full
5acf237f-7b18-41f8-b081-ee95f05ce947,c9549b4e-052f-421d-b8f7-e4aa2078007e,2026-05-16T13:49:35.307Z,0,,29.759376525878906,75.939697265625,29.515701293945312,100109.15625,29.30242919921875,100548.265625,42.28950500488281,100475,19.324859619140625,0,-0.565185546875,-0.84375,0.01708984375,0,0,-6.89697265625,-1.52587890625,4.150390625,0,0,"0",full
5acf237f-7b18-41f8-b081-ee95f05ce947,c9549b4e-052f-421d-b8f7-e4aa2078007e,2026-05-16T13:49:35.323Z,0,,29.716476440429688,78.320068359375,29.515701293945312,100109.15625,29.30242919921875,100548.265625,42.28950500488281,100475,19.268220901489258,0,-0.57763671875,-0.86767578125,0.0126953125,0,0,-3.84521484375,0.54931640625,4.8828125,0,0,"0",full
5acf237f-7b18-41f8-b081-ee95f05ce947,c9549b4e-052f-421d-b8f7-e4aa2078007e,2026-05-16T13:49:35.412Z,0,,29.716476440429688,78.320068359375,29.515701293945312,100109.15625,29.30242919921875,100548.265625,42.287384033203125,100475.015625,19.268220901489258,0,-0.57763671875,-0.86767578125,0.0126953125,0,0,-3.84521484375,0.54931640625,4.8828125,0,0,"0",full
5acf237f-7b18-41f8-b081-ee95f05ce947,c9549b4e-052f-421d-b8f7-e4aa2078007e,2026-05-16T13:49:35.434Z,0,,29.716476440429688,78.320068359375,29.51165771484375,100151.703125,29.305496215820312,100549.359375,42.287384033203125,100475.015625,19.268220901489258,0,-0.55029296875,-0.822021484375,0.037353515625,0,0,4.7607421875,3.35693359375,4.08935546875,0,0,"0",full
5acf237f-7b18-41f8-b081-ee95f05ce947,c9549b4e-052f-421d-b8f7-e4aa2078007e,2026-05-16T13:49:35.533Z,0,,29.716476440429688,78.320068359375,29.51165771484375,100151.703125,29.305496215820312,100549.359375,42.28865051269531,100475.03125,19.268220901489258,0,-0.55029296875,-0.822021484375,0.037353515625,0,0,4.7607421875,3.35693359375,4.08935546875,0,0,"0",full
5acf237f-7b18-41f8-b081-ee95f05ce947,c9549b4e-052f-421d-b8f7-e4aa2078007e,2026-05-16T13:49:35.563Z,0,,29.716476440429688,78.320068359375,29.50396728515625,100227.96875,29.302886962890625,100551.3125,42.28804016113281,100475.046875,19.268220901489258,0,-0.51416015625,-0.82861328125,-0.009765625,0,0,6.8359375,2.99072265625,-0.6103515625,0,0,"0",full
5acf237f-7b18-41f8-b081-ee95f05ce947,c9549b4e-052f-421d-b8f7-e4aa2078007e,2026-05-16T13:49:35.592Z,0,,29.619949340820312,75.329345703125,29.50396728515625,100227.96875,29.3028564453125,100551.59375,42.28834533691406,100475.03125,19.183259963989258,0,-0.51416015625,-0.82861328125,-0.009765625,0,0,6.8359375,2.99072265625,-0.6103515625,0,0,"0",full
5acf237f-7b18-41f8-b081-ee95f05ce947,c9549b4e-052f-421d-b8f7-e4aa2078007e,2026-05-16T13:49:35.684Z,0,,29.619949340820312,75.329345703125,29.50396728515625,100227.96875,29.3028564453125,100551.59375,42.28981018066406,100475,19.183259963989258,0,-0.51416015625,-0.82861328125,-0.009765625,0,0,6.8359375,2.99072265625,-0.6103515625,0,0,"0",full
5acf237f-7b18-41f8-b081-ee95f05ce947,c9549b4e-052f-421d-b8f7-e4aa2078007e,2026-05-16T13:49:35.713Z,0,,29.619949340820312,75.329345703125,29.501602172851562,100282.953125,29.302337646484375,100552.875,42.289337158203125,100475,19.183259963989258,0,-0.556884765625,-0.825927734375,0.0029296875,0,0,0.1220703125,4.57763671875,6.77490234375,0,0,"0",full
5acf237f-7b18-41f8-b081-ee95f05ce947,c9549b4e-052f-421d-b8f7-e4aa2078007e,2026-05-16T13:49:35.788Z,0,,29.619949340820312,75.329345703125,29.501602172851562,100282.953125,29.302337646484375,100552.875,42.285003662109375,100475.046875,19.183259963989258,0,-0.556884765625,-0.825927734375,0.0029296875,0,0,0.1220703125,4.57763671875,6.77490234375,0,0,"0",full
5acf237f-7b18-41f8-b081-ee95f05ce947,c9549b4e-052f-421d-b8f7-e4aa2078007e,2026-05-16T13:49:35.847Z,0,,29.619949340820312,75.329345703125,29.496994018554688,100359.375,29.303314208984375,100555,42.284698486328125,100475.171875,19.183259963989258,0,-0.47607421875,-0.865478515625,0.035400390625,0,0,2.38037109375,1.15966796875,-6.103515625,0,0,"0",full
5acf237f-7b18-41f8-b081-ee95f05ce947,c9549b4e-052f-421d-b8f7-e4aa2078007e,2026-05-16T13:49:35.862Z,0,,29.58777618408203,69.6072998046875,29.496994018554688,100359.375,29.303085327148438,100555.234375,42.284698486328125,100475.171875,19.154939651489258,0,-0.47607421875,-0.865478515625,0.035400390625,0,0,2.38037109375,1.15966796875,-6.103515625,0,0,"0",full
5acf237f-7b18-41f8-b081-ee95f05ce947,c9549b4e-052f-421d-b8f7-e4aa2078007e,2026-05-16T13:49:35.968Z,0,,29.58777618408203,69.6072998046875,29.496994018554688,100359.375,29.303085327148438,100555.234375,42.28532409667969,100475.203125,19.154939651489258,0,-0.47607421875,-0.865478515625,0.035400390625,0,0,2.38037109375,1.15966796875,-6.103515625,0,0,"0",full
5acf237f-7b18-41f8-b081-ee95f05ce947,c9549b4e-052f-421d-b8f7-e4aa2078007e,2026-05-16T13:49:35.992Z,0,,29.58777618408203,69.6072998046875,29.492050170898438,100396.09375,29.304275512695312,100556.265625,42.28532409667969,100475.203125,19.154939651489258,0,-0.538818359375,-0.85302734375,0.01123046875,0,0,2.44140625,4.0283203125,2.62451171875,0,0,"0",full
5acf237f-7b18-41f8-b081-ee95f05ce947,c9549b4e-052f-421d-b8f7-e4aa2078007e,2026-05-16T13:49:36.073Z,0,,29.58777618408203,69.6072998046875,29.492050170898438,100396.09375,29.304275512695312,100556.265625,42.283538818359375,100475.28125,19.154939651489258,0,-0.538818359375,-0.85302734375,0.01123046875,0,0,2.44140625,4.0283203125,2.62451171875,0,0,"0",full
5acf237f-7b18-41f8-b081-ee95f05ce947,c9549b4e-052f-421d-b8f7-e4aa2078007e,2026-05-16T13:49:36.132Z,0,,29.58777618408203,69.6072998046875,29.48858642578125,100432.015625,29.304901123046875,100556.28125,42.283905029296875,100475.25,19.154939651489258,0,-0.53857421875,-0.875,0.037353515625,0,0,-1.52587890625,-2.0751953125,-0.6103515625,0,0,"0",full
5acf237f-7b18-41f8-b081-ee95f05ce947,c9549b4e-052f-421d-b8f7-e4aa2078007e,2026-05-16T13:49:36.147Z,0,,29.58777618408203,65.49505615234375,29.48858642578125,100432.015625,29.304901123046875,100556.28125,42.283538818359375,100475.25,19.154939651489258,0,-0.5439453125,-0.85009765625,0.03076171875,0,0,-2.44140625,-3.11279296875,-2.9296875,0,0,"0",full
5acf237f-7b18-41f8-b081-ee95f05ce947,c9549b4e-052f-421d-b8f7-e4aa2078007e,2026-05-16T13:49:36.223Z,0,,29.58777618408203,65.49505615234375,29.48858642578125,100432.015625,29.304901123046875,100556.28125,42.28303527832031,100475.234375,19.154939651489258,0,-0.5439453125,-0.85009765625,0.03076171875,0,0,-2.44140625,-3.11279296875,-2.9296875,0,0,"0",full
5acf237f-7b18-41f8-b081-ee95f05ce947,c9549b4e-052f-421d-b8f7-e4aa2078007e,2026-05-16T13:49:36.253Z,0,,29.58777618408203,65.49505615234375,29.4912109375,100412.5,29.3055419921875,100555.125,42.28303527832031,100475.234375,19.154939651489258,0,-0.516357421875,-0.837158203125,0.016845703125,0,0,-2.685546875,-0.42724609375,-2.44140625,0,0,"0",full
5acf237f-7b18-41f8-b081-ee95f05ce947,c9549b4e-052f-421d-b8f7-e4aa2078007e,2026-05-16T13:49:36.343Z,0,,29.58777618408203,65.49505615234375,29.4912109375,100412.5,29.3055419921875,100555.125,42.28216552734375,100475.234375,19.154939651489258,0,-0.516357421875,-0.837158203125,0.016845703125,0,0,-2.685546875,-0.42724609375,-2.44140625,0,0,"0",full
5acf237f-7b18-41f8-b081-ee95f05ce947,c9549b4e-052f-421d-b8f7-e4aa2078007e,2026-05-16T13:49:36.388Z,0,,29.58777618408203,65.49505615234375,29.494644165039062,100308.375,29.30572509765625,100554.203125,42.28282165527344,100475.328125,19.154939651489258,0,-0.513427734375,-0.846923828125,0.0126953125,0,0,-2.86865234375,-2.01416015625,1.03759765625,0,0,"0",full
5acf237f-7b18-41f8-b081-ee95f05ce947,c9549b4e-052f-421d-b8f7-e4aa2078007e,2026-05-16T13:49:36.402Z,0,,29.63067626953125,64.61767578125,29.494644165039062,100308.375,29.30621337890625,100553.96875,42.28282165527344,100475.328125,19.183259963989258,0,-0.513427734375,-0.846923828125,0.0126953125,0,0,-2.86865234375,-2.01416015625,1.03759765625,0,0,"0",full
5acf237f-7b18-41f8-b081-ee95f05ce947,c9549b4e-052f-421d-b8f7-e4aa2078007e,2026-05-16T13:49:36.507Z,0,,29.63067626953125,64.61767578125,29.494644165039062,100308.375,29.30621337890625,100553.96875,42.2830810546875,100475.40625,19.183259963989258,0,-0.513427734375,-0.846923828125,0.0126953125,0,0,-2.86865234375,-2.01416015625,1.03759765625,0,0,"0",full
5acf237f-7b18-41f8-b081-ee95f05ce947,c9549b4e-052f-421d-b8f7-e4aa2078007e,2026-05-16T13:49:36.531Z,0,,29.63067626953125,64.61767578125,29.501190185546875,100243.703125,29.305557250976562,100552.859375,42.2830810546875,100475.40625,19.183259963989258,0,-0.510986328125,-0.871826171875,0.04443359375,0,0,-1.708984375,-1.89208984375,-1.64794921875,0,0,"0",full
5acf237f-7b18-41f8-b081-ee95f05ce947,c9549b4e-052f-421d-b8f7-e4aa2078007e,2026-05-16T13:49:36.612Z,0,,29.63067626953125,64.61767578125,29.501190185546875,100243.703125,29.305557250976562,100552.859375,42.281219482421875,100475.5,19.183259963989258,0,-0.510986328125,-0.871826171875,0.04443359375,0,0,-1.708984375,-1.89208984375,-1.64794921875,0,0,"0",full
5acf237f-7b18-41f8-b081-ee95f05ce947,c9549b4e-052f-421d-b8f7-e4aa2078007e,2026-05-16T13:49:36.671Z,0,,29.63067626953125,64.61767578125,29.509811401367188,100172.53125,29.30548095703125,100549.859375,42.281524658203125,100475.53125,19.183259963989258,0,-0.58740234375,-0.89208984375,0.098388671875,0,0,-1.220703125,-3.35693359375,-5.7373046875,0,0,"0",full
5acf237f-7b18-41f8-b081-ee95f05ce947,c9549b4e-052f-421d-b8f7-e4aa2078007e,2026-05-16T13:49:36.687Z,0,,29.73792266845703,70.751708984375,29.509811401367188,100172.53125,29.30548095703125,100549.859375,42.281524658203125,100475.53125,19.239900588989258,0,-0.58740234375,-0.89208984375,0.098388671875,0,0,-1.220703125,-3.35693359375,-5.7373046875,0,0,"0",full
5acf237f-7b18-41f8-b081-ee95f05ce947,c9549b4e-052f-421d-b8f7-e4aa2078007e,2026-05-16T13:49:36.762Z,0,,29.73792266845703,70.751708984375,29.509811401367188,100172.53125,29.30548095703125,100549.859375,42.280853271484375,100475.625,19.239900588989258,0,-0.58740234375,-0.89208984375,0.098388671875,0,0,-1.220703125,-3.35693359375,-5.7373046875,0,0,"0",full
5acf237f-7b18-41f8-b081-ee95f05ce947,c9549b4e-052f-421d-b8f7-e4aa2078007e,2026-05-16T13:49:36.794Z,0,,29.73792266845703,70.751708984375,29.516952514648438,100136.703125,29.308731079101562,100548,42.280853271484375,100475.625,19.239900588989258,0,-0.395263671875,-0.766845703125,-0.1181640625,0,0,11.53564453125,6.77490234375,8.30078125,0,0,"0",full
5acf237f-7b18-41f8-b081-ee95f05ce947,c9549b4e-052f-421d-b8f7-e4aa2078007e,2026-05-16T13:49:36.883Z,0,,29.73792266845703,70.751708984375,29.516952514648438,100136.703125,29.308731079101562,100548,42.28083801269531,100475.734375,19.239900588989258,0,-0.395263671875,-0.766845703125,-0.1181640625,0,0,11.53564453125,6.77490234375,8.30078125,0,0,"0",full
5acf237f-7b18-41f8-b081-ee95f05ce947,c9549b4e-052f-421d-b8f7-e4aa2078007e,2026-05-16T13:49:36.942Z,0,,29.73792266845703,70.751708984375,29.521987915039062,100096.828125,29.310226440429688,100546.53125,42.28057861328125,100475.828125,19.239900588989258,0,-0.455078125,-0.82763671875,-0.01953125,0,0,-7.9345703125,-4.82177734375,-11.23046875,0,0,"0",full
5acf237f-7b18-41f8-b081-ee95f05ce947,c9549b4e-052f-421d-b8f7-e4aa2078007e,2026-05-16T13:49:36.972Z,0,,29.759376525878906,75.207275390625,29.521987915039062,100096.828125,29.310226440429688,100546.53125,42.279876708984375,100475.875,19.239900588989258,0,-0.46728515625,-0.79150390625,-0.029052734375,0,0,-1.46484375,0.79345703125,-5.126953125,0,0,"0",full
5acf237f-7b18-41f8-b081-ee95f05ce947,c9549b4e-052f-421d-b8f7-e4aa2078007e,2026-05-16T13:49:37.049Z,0,,29.759376525878906,75.207275390625,29.521987915039062,100096.828125,29.310226440429688,100546.53125,42.28009033203125,100475.984375,19.239900588989258,0,-0.46728515625,-0.79150390625,-0.029052734375,0,0,-1.46484375,0.79345703125,-5.126953125,0,0,"0",full
5acf237f-7b18-41f8-b081-ee95f05ce947,c9549b4e-052f-421d-b8f7-e4aa2078007e,2026-05-16T13:49:37.089Z,0,,29.759376525878906,75.207275390625,29.524276733398438,100082.5,29.31103515625,100545.96875,42.27961730957031,100476.015625,19.239900588989258,0,-0.596435546875,-0.884765625,0.110595703125,0,0,-2.197265625,-2.25830078125,-7.01904296875,0,0,"0",full
5acf237f-7b18-41f8-b081-ee95f05ce947,c9549b4e-052f-421d-b8f7-e4aa2078007e,2026-05-16T13:49:37.153Z,0,,29.759376525878906,75.207275390625,29.524276733398438,100082.5,29.31103515625,100545.96875,42.279296875,100476.03125,19.239900588989258,0,-0.596435546875,-0.884765625,0.110595703125,0,0,-2.197265625,-2.25830078125,-7.01904296875,0,0,"0",full
5acf237f-7b18-41f8-b081-ee95f05ce947,c9549b4e-052f-421d-b8f7-e4aa2078007e,2026-05-16T13:49:37.212Z,0,,29.759376525878906,75.207275390625,29.526885986328125,100078.953125,29.311538696289062,100546.390625,42.27827453613281,100476.03125,19.239900588989258,0,-0.48388671875,-0.806640625,0.064697265625,0,0,5.126953125,2.197265625,3.2958984375,0,0,"0",full
5acf237f-7b18-41f8-b081-ee95f05ce947,c9549b4e-052f-421d-b8f7-e4aa2078007e,2026-05-16T13:49:37.229Z,0,,29.759376525878906,78.32769775390625,29.526885986328125,100078.953125,29.311172485351562,100546.53125,42.27827453613281,100476.03125,19.183259963989258,0,-0.48388671875,-0.806640625,0.064697265625,0,0,5.126953125,2.197265625,3.2958984375,0,0,"0",full
5acf237f-7b18-41f8-b081-ee95f05ce947,c9549b4e-052f-421d-b8f7-e4aa2078007e,2026-05-16T13:49:37.335Z,0,,29.759376525878906,78.32769775390625,29.526885986328125,100078.953125,29.311172485351562,100546.53125,42.277191162109375,100476.125,19.183259963989258,0,-0.48388671875,-0.806640625,0.064697265625,0,0,5.126953125,2.197265625,3.2958984375,0,0,"0",full
5acf237f-7b18-41f8-b081-ee95f05ce947,c9549b4e-052f-421d-b8f7-e4aa2078007e,2026-05-16T13:49:37.358Z,0,,29.759376525878906,78.32769775390625,29.523635864257812,100094.875,29.311111450195312,100547.421875,42.277191162109375,100476.125,19.183259963989258,0,-0.52001953125,-0.8671875,0.08203125,0,0,-1.708984375,1.64794921875,2.38037109375,0,0,"0",full
5acf237f-7b18-41f8-b081-ee95f05ce947,c9549b4e-052f-421d-b8f7-e4aa2078007e,2026-05-16T13:49:37.422Z,0,,29.759376525878906,78.32769775390625,29.523635864257812,100094.875,29.311111450195312,100547.421875,42.277740478515625,100476.21875,19.183259963989258,0,-0.52001953125,-0.8671875,0.08203125,0,0,-1.708984375,1.64794921875,2.38037109375,0,0,"0",full
5acf237f-7b18-41f8-b081-ee95f05ce947,c9549b4e-052f-421d-b8f7-e4aa2078007e,2026-05-16T13:49:37.483Z,0,,29.759376525878906,78.32769775390625,29.519989013671875,100149.828125,29.311203002929688,100549.609375,42.2783203125,100476.25,19.183259963989258,0,-0.569580078125,-0.85205078125,0.05859375,0,0,1.46484375,-1.28173828125,-1.8310546875,0,0,"0",full
5acf237f-7b18-41f8-b081-ee95f05ce947,c9549b4e-052f-421d-b8f7-e4aa2078007e,2026-05-16T13:49:37.513Z,0,,29.66284942626953,78.8541259765625,29.5194091796875,100159.921875,29.311203002929688,100549.609375,42.27923583984375,100476.265625,19.126619338989258,0,-0.569580078125,-0.85205078125,0.05859375,0,0,1.46484375,-1.28173828125,-1.8310546875,0,0,"0",full
5acf237f-7b18-41f8-b081-ee95f05ce947,c9549b4e-052f-421d-b8f7-e4aa2078007e,2026-05-16T13:49:37.587Z,0,,29.66284942626953,78.8541259765625,29.5194091796875,100159.921875,29.311203002929688,100549.609375,42.28080749511719,100476.34375,19.126619338989258,0,-0.569580078125,-0.85205078125,0.05859375,0,0,1.46484375,-1.28173828125,-1.8310546875,0,0,"0",full
5acf237f-7b18-41f8-b081-ee95f05ce947,c9549b4e-052f-421d-b8f7-e4aa2078007e,2026-05-16T13:49:37.609Z,0,,29.66284942626953,78.8541259765625,29.515777587890625,100213.453125,29.310516357421875,100551.328125,42.280670166015625,100476.328125,19.126619338989258,0,-0.50341796875,-0.838134765625,0.0390625,0,0,0.8544921875,4.7607421875,8.23974609375,0,0,"0",full
5acf237f-7b18-41f8-b081-ee95f05ce947,c9549b4e-052f-421d-b8f7-e4aa2078007e,2026-05-16T13:49:37.707Z,0,,29.66284942626953,78.8541259765625,29.515777587890625,100213.453125,29.310516357421875,100551.328125,42.279998779296875,100476.5,19.126619338989258,0,-0.50341796875,-0.838134765625,0.0390625,0,0,0.8544921875,4.7607421875,8.23974609375,0,0,"0",full
5acf237f-7b18-41f8-b081-ee95f05ce947,c9549b4e-052f-421d-b8f7-e4aa2078007e,2026-05-16T13:49:37.753Z,0,,29.66284942626953,78.8541259765625,29.509185791015625,100285.5,29.31170654296875,100553.515625,42.277984619140625,100476.53125,19.126619338989258,0,-0.460693359375,-0.861328125,0.014892578125,0,0,-1.8310546875,-3.47900390625,0,0,0,"0",full
5acf237f-7b18-41f8-b081-ee95f05ce947,c9549b4e-052f-421d-b8f7-e4aa2078007e,2026-05-16T13:49:37.769Z,0,,29.609222412109375,73.15496826171875,29.509185791015625,100285.5,29.31170654296875,100553.515625,42.277984619140625,100476.53125,19.06998062133789,0,-0.50048828125,-0.88623046875,0.027099609375,0,0,1.52587890625,-1.64794921875,-0.42724609375,0,0,"0",full
5acf237f-7b18-41f8-b081-ee95f05ce947,c9549b4e-052f-421d-b8f7-e4aa2078007e,2026-05-16T13:49:37.873Z,0,,29.609222412109375,73.15496826171875,29.509185791015625,100285.5,29.31170654296875,100553.515625,42.27690124511719,100476.625,19.06998062133789,0,-0.50048828125,-0.88623046875,0.027099609375,0,0,1.52587890625,-1.64794921875,-0.42724609375,0,0,"0",full
5acf237f-7b18-41f8-b081-ee95f05ce947,c9549b4e-052f-421d-b8f7-e4aa2078007e,2026-05-16T13:49:37.897Z,0,,29.609222412109375,73.15496826171875,29.506881713867188,100329.59375,29.312820434570312,100554.953125,42.27690124511719,100476.625,19.06998062133789,0,-0.539306640625,-0.85546875,0.0498046875,0,0,-4.39453125,-1.220703125,-3.60107421875,0,0,"0",full
5acf237f-7b18-41f8-b081-ee95f05ce947,c9549b4e-052f-421d-b8f7-e4aa2078007e,2026-05-16T13:49:37.962Z,0,,29.609222412109375,73.15496826171875,29.506881713867188,100329.59375,29.312820434570312,100554.953125,42.2747802734375,100476.640625,19.06998062133789,0,-0.539306640625,-0.85546875,0.0498046875,0,0,-4.39453125,-1.220703125,-3.60107421875,0,0,"0",full
5acf237f-7b18-41f8-b081-ee95f05ce947,c9549b4e-052f-421d-b8f7-e4aa2078007e,2026-05-16T13:49:38.023Z,0,,29.609222412109375,73.15496826171875,29.502029418945312,100380.75,29.309890747070312,100556.265625,42.27473449707031,100476.6875,19.06998062133789,0,-0.474609375,-0.9384765625,0.108154296875,0,0,2.685546875,-3.47900390625,-2.44140625,0,0,"0",full
5acf237f-7b18-41f8-b081-ee95f05ce947,c9549b4e-052f-421d-b8f7-e4aa2078007e,2026-05-16T13:49:38.052Z,0,,29.598495483398438,68.25689697265625,29.500823974609375,100387.296875,29.309219360351562,100556.296875,42.27473449707031,100476.6875,19.06998062133789,0,-0.474609375,-0.9384765625,0.108154296875,0,0,2.685546875,-3.47900390625,-2.44140625,0,0,"0",full
5acf237f-7b18-41f8-b081-ee95f05ce947,c9549b4e-052f-421d-b8f7-e4aa2078007e,2026-05-16T13:49:38.127Z,0,,29.598495483398438,68.25689697265625,29.500823974609375,100387.296875,29.309219360351562,100556.296875,42.27320861816406,100476.78125,19.06998062133789,0,-0.474609375,-0.9384765625,0.108154296875,0,0,2.685546875,-3.47900390625,-2.44140625,0,0,"0",full
5acf237f-7b18-41f8-b081-ee95f05ce947,c9549b4e-052f-421d-b8f7-e4aa2078007e,2026-05-16T13:49:38.151Z,0,,29.598495483398438,68.25689697265625,29.498001098632812,100418.875,29.31201171875,100555.78125,42.27320861816406,100476.78125,19.06998062133789,0,-0.37744140625,-0.919189453125,0.11572265625,0,0,34.1796875,31.55517578125,31.982421875,0,0,"0",full
5acf237f-7b18-41f8-b081-ee95f05ce947,c9549b4e-052f-421d-b8f7-e4aa2078007e,2026-05-16T13:49:38.248Z,0,,29.598495483398438,68.25689697265625,29.498001098632812,100418.875,29.31201171875,100555.78125,42.27388000488281,100476.859375,19.06998062133789,0,-0.37744140625,-0.919189453125,0.11572265625,0,0,34.1796875,31.55517578125,31.982421875,0,0,"0",full
5acf237f-7b18-41f8-b081-ee95f05ce947,c9549b4e-052f-421d-b8f7-e4aa2078007e,2026-05-16T13:49:38.307Z,0,,29.598495483398438,68.25689697265625,29.497665405273438,100452.4375,29.312973022460938,100555.328125,42.27354431152344,100476.84375,19.06998062133789,0,-0.564208984375,-0.75390625,-0.089111328125,0,0,97.0458984375,6.28662109375,-40.4052734375,0,0,"0",full
5acf237f-7b18-41f8-b081-ee95f05ce947,c9549b4e-052f-421d-b8f7-e4aa2078007e,2026-05-16T13:49:38.322Z,0,,29.609222412109375,65.71630859375,29.497665405273438,100452.4375,29.312973022460938,100555.328125,42.27374267578125,100476.828125,19.06998062133789,0,-0.564208984375,-0.75390625,-0.089111328125,0,0,97.0458984375,6.28662109375,-40.4052734375,0,0,"0",full
5acf237f-7b18-41f8-b081-ee95f05ce947,c9549b4e-052f-421d-b8f7-e4aa2078007e,2026-05-16T13:49:38.413Z,0,,29.609222412109375,65.71630859375,29.497665405273438,100452.4375,29.312973022460938,100555.328125,42.27345275878906,100476.859375,19.06998062133789,0,-0.564208984375,-0.75390625,-0.089111328125,0,0,97.0458984375,6.28662109375,-40.4052734375,0,0,"0",full
5acf237f-7b18-41f8-b081-ee95f05ce947,c9549b4e-052f-421d-b8f7-e4aa2078007e,2026-05-16T13:49:38.437Z,0,,29.609222412109375,65.71630859375,29.498138427734375,100462.921875,29.313858032226562,100555.546875,42.27326965332031,100476.859375,19.06998062133789,0,-0.503173828125,-0.76220703125,-0.248046875,0,0,100.9521484375,45.95947265625,4.8828125,0,0,"0",full
5acf237f-7b18-41f8-b081-ee95f05ce947,c9549b4e-052f-421d-b8f7-e4aa2078007e,2026-05-16T13:49:38.502Z,0,,29.609222412109375,65.71630859375,29.498138427734375,100462.921875,29.313858032226562,100555.546875,42.27424621582031,100476.921875,19.06998062133789,0,-0.503173828125,-0.76220703125,-0.248046875,0,0,100.9521484375,45.95947265625,4.8828125,0,0,"0",full
5acf237f-7b18-41f8-b081-ee95f05ce947,c9549b4e-052f-421d-b8f7-e4aa2078007e,2026-05-16T13:49:38.562Z,0,,29.609222412109375,65.71630859375,29.496673583984375,100469.453125,29.315933227539062,100556.484375,42.27583312988281,100477.03125,19.06998062133789,0,-0.681640625,-0.5791015625,-0.524169921875,0,0,84.89990234375,44.7998046875,1.46484375,0,0,"0",full
5acf237f-7b18-41f8-b081-ee95f05ce947,c9549b4e-052f-421d-b8f7-e4aa2078007e,2026-05-16T13:49:38.593Z,0,,29.609222412109375,64.01495361328125,29.497177124023438,100470.265625,29.315536499023438,100556.609375,42.27583312988281,100477.03125,19.154939651489258,0,-0.770751953125,-0.547119140625,-0.49609375,0,0,77.1484375,45.83740234375,3.90625,0,0,"0",full
5acf237f-7b18-41f8-b081-ee95f05ce947,c9549b4e-052f-421d-b8f7-e4aa2078007e,2026-05-16T13:49:38.683Z,0,,29.609222412109375,64.01495361328125,29.497177124023438,100470.265625,29.315536499023438,100556.609375,42.27436828613281,100477.1875,19.154939651489258,0,-0.770751953125,-0.547119140625,-0.49609375,0,0,77.1484375,45.83740234375,3.90625,0,0,"0",full
5acf237f-7b18-41f8-b081-ee95f05ce947,c9549b4e-052f-421d-b8f7-e4aa2078007e,2026-05-16T13:49:38.713Z,0,,29.609222412109375,64.01495361328125,29.498077392578125,100475.5625,29.316329956054688,100557.0625,42.27436828613281,100477.1875,19.154939651489258,0,-0.79443359375,-0.6630859375,-0.337646484375,0,0,32.2265625,23.01025390625,-27.587890625,0,0,"0",full
5acf237f-7b18-41f8-b081-ee95f05ce947,c9549b4e-052f-421d-b8f7-e4aa2078007e,2026-05-16T13:49:38.788Z,0,,29.609222412109375,64.01495361328125,29.498077392578125,100475.5625,29.316329956054688,100557.0625,42.272613525390625,100477.375,19.154939651489258,0,-0.79443359375,-0.6630859375,-0.337646484375,0,0,32.2265625,23.01025390625,-27.587890625,0,0,"0",full
5acf237f-7b18-41f8-b081-ee95f05ce947,c9549b4e-052f-421d-b8f7-e4aa2078007e,2026-05-16T13:49:38.848Z,0,,29.609222412109375,64.01495361328125,29.497787475585938,100486.0625,29.315444946289062,100557.875,42.27197265625,100477.421875,19.154939651489258,0,-0.627685546875,-0.650146484375,-0.39599609375,0,0,20.81298828125,-2.01416015625,-0.9765625,0,0,"0",full
5acf237f-7b18-41f8-b081-ee95f05ce947,c9549b4e-052f-421d-b8f7-e4aa2078007e,2026-05-16T13:49:38.862Z,0,,29.619949340820312,62.96209716796875,29.497787475585938,100486.0625,29.315444946289062,100557.875,42.27166748046875,100477.453125,19.183259963989258,0,-0.627685546875,-0.650146484375,-0.39599609375,0,0,20.81298828125,-2.01416015625,-0.9765625,0,0,"0",full
5acf237f-7b18-41f8-b081-ee95f05ce947,c9549b4e-052f-421d-b8f7-e4aa2078007e,2026-05-16T13:49:38.952Z,0,,29.619949340820312,62.96209716796875,29.497787475585938,100486.0625,29.315444946289062,100557.875,42.27301025390625,100477.5,19.183259963989258,0,-0.627685546875,-0.650146484375,-0.39599609375,0,0,20.81298828125,-2.01416015625,-0.9765625,0,0,"0",full
5acf237f-7b18-41f8-b081-ee95f05ce947,c9549b4e-052f-421d-b8f7-e4aa2078007e,2026-05-16T13:49:38.981Z,0,,29.619949340820312,62.96209716796875,29.4974365234375,100494.390625,29.31610107421875,100558.328125,42.272003173828125,100477.53125,19.183259963989258,0,-0.67822265625,-0.6943359375,-0.368408203125,0,0,13.0615234375,26.06201171875,15.625,0,0,"0",full