experiment_id,patient_id,timestamp,heart_rate,lung_volume,t_htu,h_htu,t_bmpA,p_bmpA,t_bmpB,p_bmpB,t_bmpC,p_bmpC,o2,co2,imu_x,imu_y,imu_z,ppg_ir,ppg_red,bmi_gyro_x,bmi_gyro_y,bmi_gyro_z,ppg_spo2,hrv_sdnn,bat_state,source
7a09a483-c77d-4a34-9750-25b7aeca6add,c9549b4e-052f-421d-b8f7-e4aa2078007e,2026-04-29T12:51:30.783Z,0,,32.794578552246094,22.73992919921875,32.656707763671875,100560.21875,32.24189758300781,100492.34375,47.58561706542969,100350.859375,21.146400451660156,0,-0.072509765625,0.6728515625,0.2314453125,0,0,15.380859375,22.5830078125,-27.40478515625,0,0,"0",full
7a09a483-c77d-4a34-9750-25b7aeca6add,c9549b4e-052f-421d-b8f7-e4aa2078007e,2026-04-29T12:51:30.861Z,0,,32.794578552246094,22.73992919921875,32.65472412109375,100560.71875,32.239532470703125,100491.59375,47.582183837890625,100350.78125,21.146400451660156,0,-0.45947265625,1.1513671875,0.515380859375,0,0,50.59814453125,-98.32763671875,55.5419921875,0,0,"0",full
7a09a483-c77d-4a34-9750-25b7aeca6add,c9549b4e-052f-421d-b8f7-e4aa2078007e,2026-04-29T12:51:30.933Z,0,,32.783851623535156,22.6102294921875,32.65472412109375,100560.71875,32.240692138671875,100491.578125,47.57444763183594,100350.8125,21.146400451660156,0,-0.45947265625,1.1513671875,0.515380859375,0,0,50.59814453125,-98.32763671875,55.5419921875,0,0,"0",full
7a09a483-c77d-4a34-9750-25b7aeca6add,c9549b4e-052f-421d-b8f7-e4aa2078007e,2026-04-29T12:51:30.975Z,0,,32.783851623535156,22.6102294921875,32.65470886230469,100561,32.237701416015625,100491.640625,47.57444763183594,100350.8125,21.146400451660156,0,-0.42626953125,1.054443359375,0.35693359375,0,0,14.7705078125,-85.693359375,13.24462890625,0,0,"0",full
7a09a483-c77d-4a34-9750-25b7aeca6add,c9549b4e-052f-421d-b8f7-e4aa2078007e,2026-04-29T12:51:31.052Z,0,,32.783851623535156,22.6102294921875,32.65470886230469,100561,32.237701416015625,100491.640625,47.56950378417969,100350.78125,21.146400451660156,0,-0.42626953125,1.054443359375,0.35693359375,0,0,14.7705078125,-85.693359375,13.24462890625,0,0,"0",full
7a09a483-c77d-4a34-9750-25b7aeca6add,c9549b4e-052f-421d-b8f7-e4aa2078007e,2026-04-29T12:51:31.096Z,0,,32.783851623535156,22.6102294921875,32.65452575683594,100560.75,32.238037109375,100491.546875,47.568450927734375,100350.75,21.146400451660156,0,-0.252197265625,0.862548828125,0.25244140625,0,0,28.13720703125,-1.03759765625,-65.97900390625,0,0,"0",full
7a09a483-c77d-4a34-9750-25b7aeca6add,c9549b4e-052f-421d-b8f7-e4aa2078007e,2026-04-29T12:51:31.112Z,0,,32.783851623535156,22.51104736328125,32.65452575683594,100560.75,32.238037109375,100491.546875,47.568450927734375,100350.75,21.146400451660156,0,-0.27001953125,0.89794921875,0.209716796875,0,0,30.94482421875,1.953125,-61.1572265625,0,0,"0",full
7a09a483-c77d-4a34-9750-25b7aeca6add,c9549b4e-052f-421d-b8f7-e4aa2078007e,2026-04-29T12:51:31.216Z,0,,32.783851623535156,22.51104736328125,32.65452575683594,100560.75,32.238037109375,100491.546875,47.56744384765625,100350.59375,21.146400451660156,0,-0.27001953125,0.89794921875,0.209716796875,0,0,30.94482421875,1.953125,-61.1572265625,0,0,"0",full
7a09a483-c77d-4a34-9750-25b7aeca6add,c9549b4e-052f-421d-b8f7-e4aa2078007e,2026-04-29T12:51:31.249Z,0,,32.783851623535156,22.51104736328125,32.65486145019531,100560.28125,32.23612976074219,100491.375,47.56744384765625,100350.59375,21.146400451660156,0,-0.598388671875,0.8603515625,0.318603515625,0,0,21.8505859375,-79.4677734375,-8.30078125,0,0,"0",full
7a09a483-c77d-4a34-9750-25b7aeca6add,c9549b4e-052f-421d-b8f7-e4aa2078007e,2026-04-29T12:51:31.321Z,0,,32.783851623535156,22.51104736328125,32.65486145019531,100560.28125,32.23612976074219,100491.375,47.56590270996094,100350.40625,21.146400451660156,0,-0.598388671875,0.8603515625,0.318603515625,0,0,21.8505859375,-79.4677734375,-8.30078125,0,0,"0",full
7a09a483-c77d-4a34-9750-25b7aeca6add,c9549b4e-052f-421d-b8f7-e4aa2078007e,2026-04-29T12:51:31.384Z,0,,32.783851623535156,22.51104736328125,32.65354919433594,100559.5,32.238037109375,100491.046875,47.56587219238281,100350.328125,21.146400451660156,0,-0.235107421875,0.951171875,0.135986328125,0,0,23.86474609375,-153.62548828125,-76.11083984375,0,0,"0",full
7a09a483-c77d-4a34-9750-25b7aeca6add,c9549b4e-052f-421d-b8f7-e4aa2078007e,2026-04-29T12:51:31.396Z,0,,32.783851623535156,22.51104736328125,32.65354919433594,100559.5,32.23753356933594,100491.015625,47.56587219238281,100350.328125,21.146400451660156,0,-0.235107421875,0.951171875,0.135986328125,0,0,23.86474609375,-153.62548828125,-76.11083984375,0,0,"0",full
7a09a483-c77d-4a34-9750-25b7aeca6add,c9549b4e-052f-421d-b8f7-e4aa2078007e,2026-04-29T12:51:31.471Z,0,,32.783851623535156,22.51104736328125,32.65354919433594,100559.5,32.23753356933594,100491.015625,47.56195068359375,100350.296875,21.146400451660156,0,-0.235107421875,0.951171875,0.135986328125,0,0,23.86474609375,-153.62548828125,-76.11083984375,0,0,"0",full
7a09a483-c77d-4a34-9750-25b7aeca6add,c9549b4e-052f-421d-b8f7-e4aa2078007e,2026-04-29T12:51:31.504Z,0,,32.783851623535156,22.51104736328125,32.65057373046875,100559.03125,32.23677062988281,100491.015625,47.56195068359375,100350.296875,21.146400451660156,0,-0.344970703125,0.672119140625,0.01025390625,0,0,41.80908203125,-223.32763671875,-8.72802734375,0,0,"0",full
7a09a483-c77d-4a34-9750-25b7aeca6add,c9549b4e-052f-421d-b8f7-e4aa2078007e,2026-04-29T12:51:31.591Z,0,,32.783851623535156,22.51104736328125,32.65057373046875,100559.03125,32.23677062988281,100491.015625,47.5594482421875,100350.40625,21.146400451660156,0,-0.344970703125,0.672119140625,0.01025390625,0,0,41.80908203125,-223.32763671875,-8.72802734375,0,0,"0",full
7a09a483-c77d-4a34-9750-25b7aeca6add,c9549b4e-052f-421d-b8f7-e4aa2078007e,2026-04-29T12:51:31.653Z,0,,32.783851623535156,22.51104736328125,32.65296936035156,100558.6875,32.23518371582031,100491.328125,47.557647705078125,100350.46875,21.146400451660156,0,-0.59521484375,1.02294921875,-0.194580078125,0,0,-58.837890625,-176.81884765625,-28.1982421875,0,0,"0",full
7a09a483-c77d-4a34-9750-25b7aeca6add,c9549b4e-052f-421d-b8f7-e4aa2078007e,2026-04-29T12:51:31.681Z,0,,32.783851623535156,22.52630615234375,32.65095520019531,100558.65625,32.23518371582031,100491.328125,47.557525634765625,100350.546875,21.174880981445312,0,-0.59521484375,1.02294921875,-0.194580078125,0,0,-58.837890625,-176.81884765625,-28.1982421875,0,0,"0",full
7a09a483-c77d-4a34-9750-25b7aeca6add,c9549b4e-052f-421d-b8f7-e4aa2078007e,2026-04-29T12:51:31.756Z,0,,32.783851623535156,22.52630615234375,32.65095520019531,100558.65625,32.23518371582031,100491.328125,47.55735778808594,100350.859375,21.174880981445312,0,-0.59521484375,1.02294921875,-0.194580078125,0,0,-58.837890625,-176.81884765625,-28.1982421875,0,0,"0",full
7a09a483-c77d-4a34-9750-25b7aeca6add,c9549b4e-052f-421d-b8f7-e4aa2078007e,2026-04-29T12:51:31.789Z,0,,32.783851623535156,22.52630615234375,32.651397705078125,100558.796875,32.23411560058594,100491.65625,47.556671142578125,100350.921875,21.174880981445312,0,-0.53857421875,1.0859375,-0.185546875,0,0,-8.7890625,-9.27734375,-11.3525390625,0,0,"0",full
7a09a483-c77d-4a34-9750-25b7aeca6add,c9549b4e-052f-421d-b8f7-e4aa2078007e,2026-04-29T12:51:31.862Z,0,,32.783851623535156,22.52630615234375,32.651397705078125,100558.796875,32.23411560058594,100491.65625,47.55473327636719,100351.0625,21.174880981445312,0,-0.53857421875,1.0859375,-0.185546875,0,0,-8.7890625,-9.27734375,-11.3525390625,0,0,"0",full
7a09a483-c77d-4a34-9750-25b7aeca6add,c9549b4e-052f-421d-b8f7-e4aa2078007e,2026-04-29T12:51:31.939Z,0,,32.783851623535156,22.52630615234375,32.651611328125,100558.796875,32.23512268066406,100491.734375,47.55375671386719,100351,21.174880981445312,0,-0.42919921875,1.04345703125,-0.33349609375,0,0,13.0615234375,20.56884765625,-9.21630859375,0,0,"0",full
7a09a483-c77d-4a34-9750-25b7aeca6add,c9549b4e-052f-421d-b8f7-e4aa2078007e,2026-04-29T12:51:32.041Z,0,,32.783851623535156,22.55682373046875,32.651611328125,100558.796875,32.23512268066406,100491.734375,47.550811767578125,100350.8125,21.146400451660156,0,-0.393310546875,0.999267578125,-0.301025390625,0,0,11.474609375,18.9208984375,-9.70458984375,0,0,"0",full
7a09a483-c77d-4a34-9750-25b7aeca6add,c9549b4e-052f-421d-b8f7-e4aa2078007e,2026-04-29T12:51:32.074Z,0,,32.783851623535156,22.55682373046875,32.65272521972656,100558.5625,32.23371887207031,100491.515625,47.550811767578125,100350.8125,21.146400451660156,0,-0.236328125,0.6787109375,-0.092041015625,0,0,21.91162109375,55.84716796875,-6.28662109375,0,0,"0",full
7a09a483-c77d-4a34-9750-25b7aeca6add,c9549b4e-052f-421d-b8f7-e4aa2078007e,2026-04-29T12:51:32.132Z,0,,32.783851623535156,22.55682373046875,32.65272521972656,100558.5625,32.23371887207031,100491.515625,47.54920959472656,100350.703125,21.146400451660156,0,-0.236328125,0.6787109375,-0.092041015625,0,0,21.91162109375,55.84716796875,-6.28662109375,0,0,"0",full
7a09a483-c77d-4a34-9750-25b7aeca6add,c9549b4e-052f-421d-b8f7-e4aa2078007e,2026-04-29T12:51:32.192Z,0,,32.783851623535156,22.55682373046875,32.65214538574219,100558.0625,32.23362731933594,100491.28125,47.55107116699219,100350.703125,21.146400451660156,0,-0.312744140625,0.935791015625,-0.191162109375,0,0,1.708984375,14.0380859375,-15.56396484375,0,0,"0",full
7a09a483-c77d-4a34-9750-25b7aeca6add,c9549b4e-052f-421d-b8f7-e4aa2078007e,2026-04-29T12:51:32.225Z,0,,32.783851623535156,22.54156494140625,32.652557373046875,100557.984375,32.2330322265625,100491.28125,47.55107116699219,100350.703125,21.146400451660156,0,-0.312744140625,0.935791015625,-0.191162109375,0,0,1.708984375,14.0380859375,-15.56396484375,0,0,"0",full
7a09a483-c77d-4a34-9750-25b7aeca6add,c9549b4e-052f-421d-b8f7-e4aa2078007e,2026-04-29T12:51:32.297Z,0,,32.783851623535156,22.54156494140625,32.652557373046875,100557.984375,32.2330322265625,100491.28125,47.54833984375,100350.6875,21.146400451660156,0,-0.312744140625,0.935791015625,-0.191162109375,0,0,1.708984375,14.0380859375,-15.56396484375,0,0,"0",full
7a09a483-c77d-4a34-9750-25b7aeca6add,c9549b4e-052f-421d-b8f7-e4aa2078007e,2026-04-29T12:51:32.323Z,0,,32.783851623535156,22.54156494140625,32.65357971191406,100557.75,32.2342529296875,100491.234375,47.54833984375,100350.6875,21.146400451660156,0,-0.280517578125,0.817626953125,-0.10400390625,0,0,14.892578125,13.427734375,8.6669921875,0,0,"0",full
7a09a483-c77d-4a34-9750-25b7aeca6add,c9549b4e-052f-421d-b8f7-e4aa2078007e,2026-04-29T12:51:32.432Z,0,,32.783851623535156,22.54156494140625,32.65357971191406,100557.75,32.2342529296875,100491.234375,47.548919677734375,100350.6875,21.146400451660156,0,-0.280517578125,0.817626953125,-0.10400390625,0,0,14.892578125,13.427734375,8.6669921875,0,0,"0",full
7a09a483-c77d-4a34-9750-25b7aeca6add,c9549b4e-052f-421d-b8f7-e4aa2078007e,2026-04-29T12:51:32.466Z,0,,32.783851623535156,22.54156494140625,32.65272521972656,100557.6875,32.23521423339844,100491.265625,47.55064392089844,100350.703125,21.146400451660156,0,-0.3828125,1.0625,-0.194580078125,0,0,-15.31982421875,-19.53125,13.916015625,0,0,"0",full
7a09a483-c77d-4a34-9750-25b7aeca6add,c9549b4e-052f-421d-b8f7-e4aa2078007e,2026-04-29T12:51:32.476Z,0,,32.794578552246094,22.533935546875,32.65272521972656,100557.6875,32.23521423339844,100491.265625,47.55073547363281,100350.71875,21.146400451660156,0,-0.383544921875,1.0791015625,-0.206787109375,0,0,-15.56396484375,-21.66748046875,17.822265625,0,0,"0",full
7a09a483-c77d-4a34-9750-25b7aeca6add,c9549b4e-052f-421d-b8f7-e4aa2078007e,2026-04-29T12:51:32.587Z,0,,32.794578552246094,22.533935546875,32.65272521972656,100557.6875,32.23521423339844,100491.265625,47.55133056640625,100350.71875,21.146400451660156,0,-0.383544921875,1.0791015625,-0.206787109375,0,0,-15.56396484375,-21.66748046875,17.822265625,0,0,"0",full
7a09a483-c77d-4a34-9750-25b7aeca6add,c9549b4e-052f-421d-b8f7-e4aa2078007e,2026-04-29T12:51:32.626Z,0,,32.794578552246094,22.533935546875,32.65303039550781,100557.671875,32.235107421875,100491.265625,47.55015563964844,100350.71875,21.146400451660156,0,-0.517822265625,0.895263671875,-0.19970703125,0,0,-30.82275390625,-50.84228515625,28.564453125,0,0,"0",full
7a09a483-c77d-4a34-9750-25b7aeca6add,c9549b4e-052f-421d-b8f7-e4aa2078007e,2026-04-29T12:51:32.672Z,0,,32.794578552246094,22.533935546875,32.65303039550781,100557.671875,32.235107421875,100491.265625,47.55274963378906,100350.65625,21.146400451660156,0,-0.517822265625,0.895263671875,-0.19970703125,0,0,-30.82275390625,-50.84228515625,28.564453125,0,0,"0",full
7a09a483-c77d-4a34-9750-25b7aeca6add,c9549b4e-052f-421d-b8f7-e4aa2078007e,2026-04-29T12:51:32.748Z,0,,32.794578552246094,22.533935546875,32.65116882324219,100557.8125,32.234619140625,100491.15625,47.5538330078125,100350.625,21.146400451660156,0,-0.47021484375,1.001708984375,-0.25439453125,0,0,-1.953125,-16.6015625,15.80810546875,0,0,"0",full
7a09a483-c77d-4a34-9750-25b7aeca6add,c9549b4e-052f-421d-b8f7-e4aa2078007e,2026-04-29T12:51:32.749Z,0,,32.783851623535156,22.57208251953125,32.650543212890625,100557.84375,32.234619140625,100491.15625,47.5538330078125,100350.625,21.146400451660156,0,-0.42236328125,0.930419921875,-0.24658203125,0,0,-11.16943359375,-17.578125,14.5263671875,0,0,"0",full
7a09a483-c77d-4a34-9750-25b7aeca6add,c9549b4e-052f-421d-b8f7-e4aa2078007e,2026-04-29T12:51:32.837Z,0,,32.783851623535156,22.57208251953125,32.650543212890625,100557.84375,32.234619140625,100491.15625,47.55470275878906,100350.53125,21.146400451660156,0,-0.42236328125,0.930419921875,-0.24658203125,0,0,-11.16943359375,-17.578125,14.5263671875,0,0,"0",full
7a09a483-c77d-4a34-9750-25b7aeca6add,c9549b4e-052f-421d-b8f7-e4aa2078007e,2026-04-29T12:51:32.859Z,0,,32.783851623535156,22.57208251953125,32.65293884277344,100557.984375,32.23390197753906,100491.125,47.55470275878906,100350.53125,21.146400451660156,0,-0.38818359375,0.747314453125,-0.243408203125,0,0,-8.6669921875,-53.955078125,25.2685546875,0,0,"0",full
7a09a483-c77d-4a34-9750-25b7aeca6add,c9549b4e-052f-421d-b8f7-e4aa2078007e,2026-04-29T12:51:32.957Z,0,,32.783851623535156,22.57208251953125,32.65293884277344,100557.984375,32.23390197753906,100491.125,47.5552978515625,100350.53125,21.146400451660156,0,-0.38818359375,0.747314453125,-0.243408203125,0,0,-8.6669921875,-53.955078125,25.2685546875,0,0,"0",full
7a09a483-c77d-4a34-9750-25b7aeca6add,c9549b4e-052f-421d-b8f7-e4aa2078007e,2026-04-29T12:51:33.020Z,0,,32.783851623535156,22.57208251953125,32.655487060546875,100558.375,32.23486328125,100491.1875,47.55592346191406,100350.59375,21.146400451660156,0,-0.32470703125,0.6005859375,-0.369873046875,0,0,-20.69091796875,-63.1103515625,13.00048828125,0,0,"0",full
7a09a483-c77d-4a34-9750-25b7aeca6add,c9549b4e-052f-421d-b8f7-e4aa2078007e,2026-04-29T12:51:33.055Z,0,,32.77312469482422,22.58734130859375,32.655487060546875,100558.375,32.235443115234375,100491.21875,47.55622863769531,100350.640625,21.146400451660156,0,-0.32470703125,0.6005859375,-0.369873046875,0,0,-20.69091796875,-63.1103515625,13.00048828125,0,0,"0",full
7a09a483-c77d-4a34-9750-25b7aeca6add,c9549b4e-052f-421d-b8f7-e4aa2078007e,2026-04-29T12:51:33.124Z,0,,32.77312469482422,22.58734130859375,32.655487060546875,100558.375,32.235443115234375,100491.21875,47.55485534667969,100350.8125,21.146400451660156,0,-0.32470703125,0.6005859375,-0.369873046875,0,0,-20.69091796875,-63.1103515625,13.00048828125,0,0,"0",full
7a09a483-c77d-4a34-9750-25b7aeca6add,c9549b4e-052f-421d-b8f7-e4aa2078007e,2026-04-29T12:51:33.154Z,0,,32.77312469482422,22.58734130859375,32.65440368652344,100558.796875,32.2352294921875,100491.390625,47.555572509765625,100350.859375,21.146400451660156,0,-0.240234375,0.9345703125,-0.362548828125,0,0,24.0478515625,20.56884765625,-46.20361328125,0,0,"0",full
7a09a483-c77d-4a34-9750-25b7aeca6add,c9549b4e-052f-421d-b8f7-e4aa2078007e,2026-04-29T12:51:33.213Z,0,,32.77312469482422,22.58734130859375,32.65440368652344,100558.796875,32.2352294921875,100491.390625,47.55302429199219,100351.15625,21.146400451660156,0,-0.240234375,0.9345703125,-0.362548828125,0,0,24.0478515625,20.56884765625,-46.20361328125,0,0,"0",full
7a09a483-c77d-4a34-9750-25b7aeca6add,c9549b4e-052f-421d-b8f7-e4aa2078007e,2026-04-29T12:51:33.279Z,0,,32.77312469482422,22.58734130859375,32.653564453125,100559.5625,32.23643493652344,100491.78125,47.552734375,100351.46875,21.146400451660156,0,0.0244140625,0.994873046875,-0.19775390625,0,0,35.5224609375,15.380859375,-66.58935546875,0,0,"0",full
7a09a483-c77d-4a34-9750-25b7aeca6add,c9549b4e-052f-421d-b8f7-e4aa2078007e,2026-04-29T12:51:33.317Z,0,,32.783851623535156,22.5491943359375,32.653045654296875,100559.6875,32.23643493652344,100491.78125,47.552734375,100351.46875,21.117919921875,0,0.062255859375,1.072998046875,-0.192626953125,0,0,29.4189453125,11.474609375,-63.4765625,0,0,"0",full
7a09a483-c77d-4a34-9750-25b7aeca6add,c9549b4e-052f-421d-b8f7-e4aa2078007e,2026-04-29T12:51:33.393Z,0,,32.783851623535156,22.5491943359375,32.653045654296875,100559.6875,32.23643493652344,100491.78125,47.55023193359375,100352.03125,21.117919921875,0,0.062255859375,1.072998046875,-0.192626953125,0,0,29.4189453125,11.474609375,-63.4765625,0,0,"0",full
7a09a483-c77d-4a34-9750-25b7aeca6add,c9549b4e-052f-421d-b8f7-e4aa2078007e,2026-04-29T12:51:33.425Z,0,,32.783851623535156,22.5491943359375,32.65330505371094,100560.375,32.23614501953125,100492.28125,47.55023193359375,100352.03125,21.117919921875,0,-0.05029296875,1.072265625,-0.18603515625,0,0,15.380859375,-7.32421875,-37.04833984375,0,0,"0",full
7a09a483-c77d-4a34-9750-25b7aeca6add,c9549b4e-052f-421d-b8f7-e4aa2078007e,2026-04-29T12:51:33.496Z,0,,32.783851623535156,22.5491943359375,32.65330505371094,100560.375,32.23614501953125,100492.28125,47.54478454589844,100352.453125,21.117919921875,0,-0.05029296875,1.072265625,-0.18603515625,0,0,15.380859375,-7.32421875,-37.04833984375,0,0,"0",full
7a09a483-c77d-4a34-9750-25b7aeca6add,c9549b4e-052f-421d-b8f7-e4aa2078007e,2026-04-29T12:51:33.556Z,0,,32.783851623535156,22.5491943359375,32.65605163574219,100561.3125,32.23561096191406,100492.953125,47.54267883300781,100352.59375,21.117919921875,0,-0.0224609375,1.03515625,-0.253173828125,0,0,-9.33837890625,-33.447265625,-15.19775390625,0,0,"0",full
7a09a483-c77d-4a34-9750-25b7aeca6add,c9549b4e-052f-421d-b8f7-e4aa2078007e,2026-04-29T12:51:33.571Z,0,,32.783851623535156,22.52630615234375,32.65605163574219,100561.3125,32.23561096191406,100492.953125,47.54267883300781,100352.59375,21.117919921875,0,-0.02880859375,1.0126953125,-0.2822265625,0,0,-4.57763671875,-29.47998046875,-17.333984375,0,0,"0",full
7a09a483-c77d-4a34-9750-25b7aeca6add,c9549b4e-052f-421d-b8f7-e4aa2078007e,2026-04-29T12:51:33.662Z,0,,32.783851623535156,22.52630615234375,32.65605163574219,100561.3125,32.23561096191406,100492.953125,47.537811279296875,100352.96875,21.117919921875,0,-0.02880859375,1.0126953125,-0.2822265625,0,0,-4.57763671875,-29.47998046875,-17.333984375,0,0,"0",full
7a09a483-c77d-4a34-9750-25b7aeca6add,c9549b4e-052f-421d-b8f7-e4aa2078007e,2026-04-29T12:51:33.715Z,0,,32.783851623535156,22.52630615234375,32.654937744140625,100561.84375,32.237091064453125,100493.28125,47.537811279296875,100352.96875,21.117919921875,0,-0.000732421875,0.989501953125,-0.229248046875,0,0,7.32421875,-7.2021484375,-10.7421875,0,0,"0",full
7a09a483-c77d-4a34-9750-25b7aeca6add,c9549b4e-052f-421d-b8f7-e4aa2078007e,2026-04-29T12:51:33.812Z,0,,32.783851623535156,22.52630615234375,32.654937744140625,100561.84375,32.237091064453125,100493.28125,47.53349304199219,100353.203125,21.117919921875,0,-0.000732421875,0.989501953125,-0.229248046875,0,0,7.32421875,-7.2021484375,-10.7421875,0,0,"0",full
7a09a483-c77d-4a34-9750-25b7aeca6add,c9549b4e-052f-421d-b8f7-e4aa2078007e,2026-04-29T12:51:33.813Z,0,,32.783851623535156,22.52630615234375,32.65159606933594,100562.15625,32.23353576660156,100493.59375,47.53352355957031,100353.28125,21.117919921875,0,0.02783203125,1.007080078125,-0.227294921875,0,0,-0.9765625,-62.98828125,-18.00537109375,0,0,"0",full
7a09a483-c77d-4a34-9750-25b7aeca6add,c9549b4e-052f-421d-b8f7-e4aa2078007e,2026-04-29T12:51:33.849Z,0,,32.77312469482422,22.4576416015625,32.652740478515625,100562.140625,32.233489990234375,100493.625,47.532806396484375,100353.3125,21.146400451660156,0,0.02783203125,1.007080078125,-0.227294921875,0,0,-0.9765625,-62.98828125,-18.00537109375,0,0,"0",full
7a09a483-c77d-4a34-9750-25b7aeca6add,c9549b4e-052f-421d-b8f7-e4aa2078007e,2026-04-29T12:51:33.932Z,0,,32.77312469482422,22.4576416015625,32.652740478515625,100562.140625,32.233489990234375,100493.625,47.53021240234375,100353.40625,21.146400451660156,0,0.02783203125,1.007080078125,-0.227294921875,0,0,-0.9765625,-62.98828125,-18.00537109375,0,0,"0",full
7a09a483-c77d-4a34-9750-25b7aeca6add,c9549b4e-052f-421d-b8f7-e4aa2078007e,2026-04-29T12:51:33.964Z,0,,32.77312469482422,22.4576416015625,32.65388488769531,100561.890625,32.2333984375,100493.734375,47.53009033203125,100353.421875,21.146400451660156,0,0.076171875,1.01220703125,0.002197265625,0,0,39.6728515625,-73.8525390625,15.7470703125,0,0,"0",full
7a09a483-c77d-4a34-9750-25b7aeca6add,c9549b4e-052f-421d-b8f7-e4aa2078007e,2026-04-29T12:51:34.037Z,0,,32.77312469482422,22.4576416015625,32.65388488769531,100561.890625,32.2333984375,100493.734375,47.52879333496094,100353.515625,21.146400451660156,0,0.076171875,1.01220703125,0.002197265625,0,0,39.6728515625,-73.8525390625,15.7470703125,0,0,"0",full
7a09a483-c77d-4a34-9750-25b7aeca6add,c9549b4e-052f-421d-b8f7-e4aa2078007e,2026-04-29T12:51:34.096Z,0,,32.77312469482422,22.4576416015625,32.65240478515625,100561.171875,32.23304748535156,100493.78125,47.52665710449219,100353.59375,21.146400451660156,0,-0.031494140625,1.18359375,-0.038330078125,0,0,9.765625,-44.0673828125,4.0283203125,0,0,"0",full
7a09a483-c77d-4a34-9750-25b7aeca6add,c9549b4e-052f-421d-b8f7-e4aa2078007e,2026-04-29T12:51:34.113Z,0,,32.77312469482422,22.48052978515625,32.65240478515625,100561.171875,32.23304748535156,100493.78125,47.52665710449219,100353.59375,21.117919921875,0,-0.097412109375,1.123779296875,-0.01416015625,0,0,17.27294921875,-32.2265625,11.962890625,0,0,"0",full
7a09a483-c77d-4a34-9750-25b7aeca6add,c9549b4e-052f-421d-b8f7-e4aa2078007e,2026-04-29T12:51:34.216Z,0,,32.77312469482422,22.48052978515625,32.65240478515625,100561.171875,32.23304748535156,100493.78125,47.52424621582031,100353.671875,21.117919921875,0,-0.097412109375,1.123779296875,-0.01416015625,0,0,17.27294921875,-32.2265625,11.962890625,0,0,"0",full
7a09a483-c77d-4a34-9750-25b7aeca6add,c9549b4e-052f-421d-b8f7-e4aa2078007e,2026-04-29T12:51:34.250Z,0,,32.77312469482422,22.48052978515625,32.651031494140625,100560.46875,32.2308349609375,100493.84375,47.52424621582031,100353.671875,21.117919921875,0,-0.023681640625,1.061279296875,-0.056640625,0,0,28.6865234375,-20.44677734375,26.30615234375,0,0,"0",full
7a09a483-c77d-4a34-9750-25b7aeca6add,c9549b4e-052f-421d-b8f7-e4aa2078007e,2026-04-29T12:51:34.351Z,0,,32.77312469482422,22.48052978515625,32.651031494140625,100560.46875,32.2308349609375,100493.84375,47.522186279296875,100353.765625,21.117919921875,0,-0.023681640625,1.061279296875,-0.056640625,0,0,28.6865234375,-20.44677734375,26.30615234375,0,0,"0",full
7a09a483-c77d-4a34-9750-25b7aeca6add,c9549b4e-052f-421d-b8f7-e4aa2078007e,2026-04-29T12:51:34.386Z,0,,32.77312469482422,22.48052978515625,32.64613342285156,100559.59375,32.2347412109375,100493.859375,47.52174377441406,100353.78125,21.117919921875,0,-0.1279296875,1.013671875,-0.083251953125,0,0,14.892578125,13.671875,47.91259765625,0,0,"0",full
7a09a483-c77d-4a34-9750-25b7aeca6add,c9549b4e-052f-421d-b8f7-e4aa2078007e,2026-04-29T12:51:34.396Z,0,,32.77312469482422,22.5186767578125,32.64759826660156,100559.40625,32.2335205078125,100493.859375,47.52030944824219,100353.78125,21.146400451660156,0,-0.1328125,1.038330078125,-0.06005859375,0,0,15.7470703125,23.37646484375,58.837890625,0,0,"0",full
7a09a483-c77d-4a34-9750-25b7aeca6add,c9549b4e-052f-421d-b8f7-e4aa2078007e,2026-04-29T12:51:34.471Z,0,,32.77312469482422,22.5186767578125,32.64759826660156,100559.40625,32.2335205078125,100493.859375,47.518646240234375,100353.78125,21.146400451660156,0,-0.1328125,1.038330078125,-0.06005859375,0,0,15.7470703125,23.37646484375,58.837890625,0,0,"0",full
7a09a483-c77d-4a34-9750-25b7aeca6add,c9549b4e-052f-421d-b8f7-e4aa2078007e,2026-04-29T12:51:34.502Z,0,,32.77312469482422,22.5186767578125,32.64717102050781,100558.515625,32.234649658203125,100493.90625,47.518646240234375,100353.78125,21.146400451660156,0,-0.039794921875,0.950927734375,0.085205078125,0,0,37.04833984375,-32.53173828125,28.86962890625,0,0,"0",full
7a09a483-c77d-4a34-9750-25b7aeca6add,c9549b4e-052f-421d-b8f7-e4aa2078007e,2026-04-29T12:51:34.577Z,0,,32.77312469482422,22.5186767578125,32.64717102050781,100558.515625,32.234649658203125,100493.90625,47.51512145996094,100353.75,21.146400451660156,0,-0.039794921875,0.950927734375,0.085205078125,0,0,37.04833984375,-32.53173828125,28.86962890625,0,0,"0",full
7a09a483-c77d-4a34-9750-25b7aeca6add,c9549b4e-052f-421d-b8f7-e4aa2078007e,2026-04-29T12:51:34.637Z,0,,32.77312469482422,22.5186767578125,32.64460754394531,100557.125,32.23548889160156,100493.859375,47.51387023925781,100353.796875,21.146400451660156,0,-0.640625,1.084716796875,-0.1123046875,0,0,-1.28173828125,-43.15185546875,-36.68212890625,0,0,"0",full
7a09a483-c77d-4a34-9750-25b7aeca6add,c9549b4e-052f-421d-b8f7-e4aa2078007e,2026-04-29T12:51:34.651Z,0,,32.794578552246094,22.61785888671875,32.64460754394531,100557.125,32.234619140625,100493.875,47.51387023925781,100353.796875,21.117919921875,0,-0.640625,1.084716796875,-0.1123046875,0,0,-1.28173828125,-43.15185546875,-36.68212890625,0,0,"0",full
7a09a483-c77d-4a34-9750-25b7aeca6add,c9549b4e-052f-421d-b8f7-e4aa2078007e,2026-04-29T12:51:34.757Z,0,,32.794578552246094,22.61785888671875,32.64460754394531,100557.125,32.234619140625,100493.875,47.5128173828125,100353.859375,21.117919921875,0,-0.640625,1.084716796875,-0.1123046875,0,0,-1.28173828125,-43.15185546875,-36.68212890625,0,0,"0",full
7a09a483-c77d-4a34-9750-25b7aeca6add,c9549b4e-052f-421d-b8f7-e4aa2078007e,2026-04-29T12:51:34.861Z,0,,32.794578552246094,22.61785888671875,32.64460754394531,100557.125,32.234619140625,100493.875,47.50895690917969,100353.875,21.117919921875,0,-0.640625,1.084716796875,-0.1123046875,0,0,-1.28173828125,-43.15185546875,-36.68212890625,0,0,"0",full
7a09a483-c77d-4a34-9750-25b7aeca6add,c9549b4e-052f-421d-b8f7-e4aa2078007e,2026-04-29T12:51:34.920Z,0,,32.794578552246094,22.61785888671875,32.64692687988281,100555.890625,32.23252868652344,100494,47.50904846191406,100353.953125,21.117919921875,0,-0.3544921875,1.10205078125,-0.125732421875,0,0,-33.99658203125,0.732421875,-18.310546875,0,0,"0",full
7a09a483-c77d-4a34-9750-25b7aeca6add,c9549b4e-052f-421d-b8f7-e4aa2078007e,2026-04-29T12:51:34.936Z,0,,32.783851623535156,22.69415283203125,32.64593505859375,100555.765625,32.23252868652344,100494,47.50804138183594,100353.96875,21.117919921875,0,-0.435302734375,1.09765625,-0.150634765625,0,0,-29.052734375,1.40380859375,-12.51220703125,0,0,"0",full
7a09a483-c77d-4a34-9750-25b7aeca6add,c9549b4e-052f-421d-b8f7-e4aa2078007e,2026-04-29T12:51:35.071Z,0,,32.783851623535156,22.69415283203125,32.64593505859375,100555.765625,32.23252868652344,100494,47.50550842285156,100354.0625,21.117919921875,0,-0.435302734375,1.09765625,-0.150634765625,0,0,-29.052734375,1.40380859375,-12.51220703125,0,0,"0",full
7a09a483-c77d-4a34-9750-25b7aeca6add,c9549b4e-052f-421d-b8f7-e4aa2078007e,2026-04-29T12:51:35.103Z,0,,32.783851623535156,22.69415283203125,32.6456298828125,100555.34375,32.23182678222656,100494.109375,47.50550842285156,100354.0625,21.117919921875,0,0.1015625,0.780029296875,-0.021484375,0,0,-2.8076171875,29.35791015625,4.8828125,0,0,"0",full
7a09a483-c77d-4a34-9750-25b7aeca6add,c9549b4e-052f-421d-b8f7-e4aa2078007e,2026-04-29T12:51:35.132Z,0,,32.783851623535156,22.69415283203125,32.6456298828125,100555.34375,32.23182678222656,100494.109375,47.50328063964844,100354.125,21.117919921875,0,0.1015625,0.780029296875,-0.021484375,0,0,-2.8076171875,29.35791015625,4.8828125,0,0,"0",full
7a09a483-c77d-4a34-9750-25b7aeca6add,c9549b4e-052f-421d-b8f7-e4aa2078007e,2026-04-29T12:51:35.191Z,0,,32.783851623535156,22.69415283203125,32.64646911621094,100555.03125,32.23234558105469,100494.140625,47.50054931640625,100354.171875,21.117919921875,0,-0.068603515625,1.0087890625,-0.0615234375,0,0,-14.6484375,3.90625,-17.2119140625,0,0,"0",full
7a09a483-c77d-4a34-9750-25b7aeca6add,c9549b4e-052f-421d-b8f7-e4aa2078007e,2026-04-29T12:51:35.221Z,0,,32.77312469482422,22.778076171875,32.64646911621094,100555.03125,32.23146057128906,100494.140625,47.50054931640625,100354.171875,21.117919921875,0,-0.21875,1.10498046875,-0.091064453125,0,0,-10.6201171875,5.9814453125,-7.01904296875,0,0,"0",full
7a09a483-c77d-4a34-9750-25b7aeca6add,c9549b4e-052f-421d-b8f7-e4aa2078007e,2026-04-29T12:51:35.312Z,0,,32.77312469482422,22.778076171875,32.64646911621094,100555.03125,32.23146057128906,100494.140625,47.4969482421875,100354.3125,21.117919921875,0,-0.21875,1.10498046875,-0.091064453125,0,0,-10.6201171875,5.9814453125,-7.01904296875,0,0,"0",full
7a09a483-c77d-4a34-9750-25b7aeca6add,c9549b4e-052f-421d-b8f7-e4aa2078007e,2026-04-29T12:51:35.340Z,0,,32.77312469482422,22.778076171875,32.648193359375,100554.984375,32.23042297363281,100494.09375,47.4969482421875,100354.3125,21.117919921875,0,-0.114990234375,0.89453125,-0.0400390625,0,0,1.953125,13.18359375,-4.69970703125,0,0,"0",full
7a09a483-c77d-4a34-9750-25b7aeca6add,c9549b4e-052f-421d-b8f7-e4aa2078007e,2026-04-29T12:51:35.419Z,0,,32.77312469482422,22.778076171875,32.648193359375,100554.984375,32.23042297363281,100494.09375,47.49119567871094,100354.359375,21.117919921875,0,-0.114990234375,0.89453125,-0.0400390625,0,0,1.953125,13.18359375,-4.69970703125,0,0,"0",full
7a09a483-c77d-4a34-9750-25b7aeca6add,c9549b4e-052f-421d-b8f7-e4aa2078007e,2026-04-29T12:51:35.461Z,0,,32.77312469482422,22.778076171875,32.648193359375,100554.78125,32.232940673828125,100494.078125,47.48912048339844,100354.359375,21.117919921875,0,-0.156494140625,0.930908203125,-0.106689453125,0,0,3.173828125,1.64794921875,-9.94873046875,0,0,"0",full
7a09a483-c77d-4a34-9750-25b7aeca6add,c9549b4e-052f-421d-b8f7-e4aa2078007e,2026-04-29T12:51:35.476Z,0,,32.783851623535156,22.86199951171875,32.648193359375,100554.78125,32.233001708984375,100494.078125,47.488372802734375,100354.359375,21.146400451660156,0,-0.18505859375,0.9599609375,-0.12939453125,0,0,2.62451171875,4.94384765625,-8.6669921875,0,0,"0",full
7a09a483-c77d-4a34-9750-25b7aeca6add,c9549b4e-052f-421d-b8f7-e4aa2078007e,2026-04-29T12:51:35.581Z,0,,32.783851623535156,22.86199951171875,32.648193359375,100554.78125,32.233001708984375,100494.078125,47.48515319824219,100354.359375,21.146400451660156,0,-0.18505859375,0.9599609375,-0.12939453125,0,0,2.62451171875,4.94384765625,-8.6669921875,0,0,"0",full
7a09a483-c77d-4a34-9750-25b7aeca6add,c9549b4e-052f-421d-b8f7-e4aa2078007e,2026-04-29T12:51:35.670Z,0,,32.783851623535156,22.86199951171875,32.648193359375,100554.78125,32.233001708984375,100494.078125,47.48384094238281,100354.34375,21.146400451660156,0,-0.18505859375,0.9599609375,-0.12939453125,0,0,2.62451171875,4.94384765625,-8.6669921875,0,0,"0",full
7a09a483-c77d-4a34-9750-25b7aeca6add,c9549b4e-052f-421d-b8f7-e4aa2078007e,2026-04-29T12:51:35.746Z,0,,32.783851623535156,22.86199951171875,32.64605712890625,100550.5,32.23368835449219,100493.9375,47.483367919921875,100354.34375,21.146400451660156,0,-0.186279296875,0.885009765625,-0.114990234375,0,0,-1.40380859375,7.080078125,1.8310546875,0,0,"0",full
7a09a483-c77d-4a34-9750-25b7aeca6add,c9549b4e-052f-421d-b8f7-e4aa2078007e,2026-04-29T12:51:35.776Z,0,,32.77312469482422,22.90777587890625,32.64561462402344,100550.125,32.233642578125,100493.921875,47.483367919921875,100354.34375,21.117919921875,0,-0.186279296875,0.885009765625,-0.114990234375,0,0,-1.40380859375,7.080078125,1.8310546875,0,0,"0",full
7a09a483-c77d-4a34-9750-25b7aeca6add,c9549b4e-052f-421d-b8f7-e4aa2078007e,2026-04-29T12:51:35.850Z,0,,32.77312469482422,22.90777587890625,32.64561462402344,100550.125,32.233642578125,100493.921875,47.48063659667969,100354.296875,21.117919921875,0,-0.186279296875,0.885009765625,-0.114990234375,0,0,-1.40380859375,7.080078125,1.8310546875,0,0,"0",full
7a09a483-c77d-4a34-9750-25b7aeca6add,c9549b4e-052f-421d-b8f7-e4aa2078007e,2026-04-29T12:51:35.972Z,0,,32.77312469482422,22.90777587890625,32.64561462402344,100550.125,32.233642578125,100493.921875,47.47943115234375,100354.328125,21.117919921875,0,-0.186279296875,0.885009765625,-0.114990234375,0,0,-1.40380859375,7.080078125,1.8310546875,0,0,"0",full
7a09a483-c77d-4a34-9750-25b7aeca6add,c9549b4e-052f-421d-b8f7-e4aa2078007e,2026-04-29T12:51:36.017Z,0,,32.77312469482422,22.90777587890625,32.64263916015625,100549.25,32.23048400878906,100493.734375,47.48017883300781,100354.328125,21.117919921875,0,-0.10986328125,0.909423828125,-0.085693359375,0,0,4.7607421875,2.685546875,-7.9345703125,0,0,"0",full
7a09a483-c77d-4a34-9750-25b7aeca6add,c9549b4e-052f-421d-b8f7-e4aa2078007e,2026-04-29T12:51:36.031Z,0,,32.783851623535156,22.961181640625,32.64372253417969,100549.390625,32.23048400878906,100493.734375,47.48017883300781,100354.328125,21.146400451660156,0,-0.169189453125,0.92626953125,-0.12060546875,0,0,7.2021484375,3.23486328125,-7.50732421875,0,0,"0",full
7a09a483-c77d-4a34-9750-25b7aeca6add,c9549b4e-052f-421d-b8f7-e4aa2078007e,2026-04-29T12:51:36.125Z,0,,32.783851623535156,22.961181640625,32.64372253417969,100549.390625,32.23048400878906,100493.734375,47.47688293457031,100354.375,21.146400451660156,0,-0.169189453125,0.92626953125,-0.12060546875,0,0,7.2021484375,3.23486328125,-7.50732421875,0,0,"0",full
7a09a483-c77d-4a34-9750-25b7aeca6add,c9549b4e-052f-421d-b8f7-e4aa2078007e,2026-04-29T12:51:36.156Z,0,,32.783851623535156,22.961181640625,32.64447021484375,100550.203125,32.231719970703125,100493.578125,47.47688293457031,100354.375,21.146400451660156,0,-0.158447265625,0.9677734375,-0.0791015625,0,0,-3.35693359375,-2.25830078125,0.9765625,0,0,"0",full
7a09a483-c77d-4a34-9750-25b7aeca6add,c9549b4e-052f-421d-b8f7-e4aa2078007e,2026-04-29T12:51:36.271Z,0,,32.783851623535156,22.961181640625,32.64447021484375,100550.203125,32.231719970703125,100493.578125,47.47467041015625,100354.328125,21.146400451660156,0,-0.158447265625,0.9677734375,-0.0791015625,0,0,-3.35693359375,-2.25830078125,0.9765625,0,0,"0",full
7a09a483-c77d-4a34-9750-25b7aeca6add,c9549b4e-052f-421d-b8f7-e4aa2078007e,2026-04-29T12:51:36.272Z,0,,32.783851623535156,22.961181640625,32.64451599121094,100551.765625,32.232818603515625,100493.5625,47.47308349609375,100354.34375,21.146400451660156,0,-0.134765625,0.995849609375,-0.13134765625,0,0,7.01904296875,-1.52587890625,-9.6435546875,0,0,"0",full
7a09a483-c77d-4a34-9750-25b7aeca6add,c9549b4e-052f-421d-b8f7-e4aa2078007e,2026-04-29T12:51:36.315Z,0,,32.77312469482422,22.961181640625,32.64451599121094,100551.765625,32.232818603515625,100493.5625,47.47303771972656,100354.34375,21.117919921875,0,-0.134765625,0.995849609375,-0.13134765625,0,0,7.01904296875,-1.52587890625,-9.6435546875,0,0,"0",full
7a09a483-c77d-4a34-9750-25b7aeca6add,c9549b4e-052f-421d-b8f7-e4aa2078007e,2026-04-29T12:51:36.391Z,0,,32.77312469482422,22.961181640625,32.64451599121094,100551.765625,32.232818603515625,100493.5625,47.472259521484375,100354.34375,21.117919921875,0,-0.134765625,0.995849609375,-0.13134765625,0,0,7.01904296875,-1.52587890625,-9.6435546875,0,0,"0",full
7a09a483-c77d-4a34-9750-25b7aeca6add,c9549b4e-052f-421d-b8f7-e4aa2078007e,2026-04-29T12:51:36.420Z,0,,32.77312469482422,22.961181640625,32.64411926269531,100552.703125,32.23365783691406,100493.453125,47.471771240234375,100354.34375,21.117919921875,0,-0.132568359375,0.94091796875,-0.040283203125,0,0,-1.03759765625,6.8359375,-16.6015625,0,0,"0",full
7a09a483-c77d-4a34-9750-25b7aeca6add,c9549b4e-052f-421d-b8f7-e4aa2078007e,2026-04-29T12:51:36.496Z,0,,32.77312469482422,22.961181640625,32.64411926269531,100552.703125,32.23365783691406,100493.453125,47.46931457519531,100354.390625,21.117919921875,0,-0.132568359375,0.94091796875,-0.040283203125,0,0,-1.03759765625,6.8359375,-16.6015625,0,0,"0",full
7a09a483-c77d-4a34-9750-25b7aeca6add,c9549b4e-052f-421d-b8f7-e4aa2078007e,2026-04-29T12:51:36.556Z,0,,32.77312469482422,22.961181640625,32.644256591796875,100553.578125,32.232666015625,100493.390625,47.46971130371094,100354.375,21.117919921875,0,-0.237548828125,0.895751953125,-0.13232421875,0,0,9.521484375,-13.48876953125,-14.6484375,0,0,"0",full
7a09a483-c77d-4a34-9750-25b7aeca6add,c9549b4e-052f-421d-b8f7-e4aa2078007e,2026-04-29T12:51:36.571Z,0,,32.77312469482422,23.0069580078125,32.64381408691406,100553.765625,32.23258972167969,100493.40625,47.46971130371094,100354.375,21.089441299438477,0,-0.237548828125,0.895751953125,-0.13232421875,0,0,9.521484375,-13.48876953125,-14.6484375,0,0,"0",full
7a09a483-c77d-4a34-9750-25b7aeca6add,c9549b4e-052f-421d-b8f7-e4aa2078007e,2026-04-29T12:51:36.662Z,0,,32.77312469482422,23.0069580078125,32.64381408691406,100553.765625,32.23258972167969,100493.40625,47.46685791015625,100354.390625,21.089441299438477,0,-0.237548828125,0.895751953125,-0.13232421875,0,0,9.521484375,-13.48876953125,-14.6484375,0,0,"0",full
7a09a483-c77d-4a34-9750-25b7aeca6add,c9549b4e-052f-421d-b8f7-e4aa2078007e,2026-04-29T12:51:36.690Z,0,,32.77312469482422,23.0069580078125,32.64176940917969,100554.875,32.232147216796875,100493.703125,47.46685791015625,100354.390625,21.089441299438477,0,-0.06982421875,1.040771484375,-0.0986328125,0,0,-8.056640625,2.0751953125,-0.67138671875,0,0,"0",full
7a09a483-c77d-4a34-9750-25b7aeca6add,c9549b4e-052f-421d-b8f7-e4aa2078007e,2026-04-29T12:51:36.784Z,0,,32.77312469482422,23.0069580078125,32.64176940917969,100554.875,32.232147216796875,100493.703125,47.46611022949219,100354.3125,21.089441299438477,0,-0.06982421875,1.040771484375,-0.0986328125,0,0,-8.056640625,2.0751953125,-0.67138671875,0,0,"0",full
7a09a483-c77d-4a34-9750-25b7aeca6add,c9549b4e-052f-421d-b8f7-e4aa2078007e,2026-04-29T12:51:36.847Z,0,,32.77312469482422,23.0069580078125,32.64170837402344,100553.703125,32.23097229003906,100494.046875,47.46464538574219,100354.34375,21.089441299438477,0,-0.10595703125,0.9990234375,-0.101806640625,0,0,0.9765625,-0.79345703125,-4.7607421875,0,0,"0",full
7a09a483-c77d-4a34-9750-25b7aeca6add,c9549b4e-052f-421d-b8f7-e4aa2078007e,2026-04-29T12:51:36.857Z,0,,32.783851623535156,22.9459228515625,32.64002990722656,100548.421875,32.23097229003906,100494.046875,47.46372985839844,100354.34375,21.174880981445312,0,-0.104248046875,0.955322265625,-0.09130859375,43020,51410,0,0.79345703125,-1.5869140625,0,0,"0",full
7a09a483-c77d-4a34-9750-25b7aeca6add,c9549b4e-052f-421d-b8f7-e4aa2078007e,2026-04-29T12:51:36.931Z,0,,32.783851623535156,22.9459228515625,32.64002990722656,100548.421875,32.23097229003906,100494.046875,47.46258544921875,100354.359375,21.174880981445312,0,-0.104248046875,0.955322265625,-0.09130859375,43020,51410,0,0.79345703125,-1.5869140625,0,0,"0",full
7a09a483-c77d-4a34-9750-25b7aeca6add,c9549b4e-052f-421d-b8f7-e4aa2078007e,2026-04-29T12:51:37.051Z,0,,32.783851623535156,22.9459228515625,32.64002990722656,100548.421875,32.23097229003906,100494.046875,47.46174621582031,100354.328125,21.174880981445312,0,-0.104248046875,0.955322265625,-0.09130859375,43020,51410,0,0.79345703125,-1.5869140625,0,0,"0",full
7a09a483-c77d-4a34-9750-25b7aeca6add,c9549b4e-052f-421d-b8f7-e4aa2078007e,2026-04-29T12:51:37.097Z,0,,32.783851623535156,22.9459228515625,32.64140319824219,100363.453125,32.23179626464844,100483.953125,47.46073913574219,100354.375,21.174880981445312,0,-0.090087890625,0.977294921875,-0.09423828125,43020,51410,3.5400390625,-3.2958984375,-11.962890625,0,0,"0",full
7a09a483-c77d-4a34-9750-25b7aeca6add,c9549b4e-052f-421d-b8f7-e4aa2078007e,2026-04-29T12:51:37.111Z,0,,32.783851623535156,24.35736083984375,32.640869140625,100342.375,32.23179626464844,100483.953125,47.46067810058594,100354.359375,21.089441299438477,0,-0.090087890625,0.977294921875,-0.09423828125,40334,51995,3.5400390625,-3.2958984375,-11.962890625,0,0,"0",full
7a09a483-c77d-4a34-9750-25b7aeca6add,c9549b4e-052f-421d-b8f7-e4aa2078007e,2026-04-29T12:51:37.216Z,0,,32.783851623535156,24.35736083984375,32.640869140625,100342.375,32.23179626464844,100483.953125,47.457427978515625,100354.296875,21.089441299438477,0,-0.090087890625,0.977294921875,-0.09423828125,40334,51995,3.5400390625,-3.2958984375,-11.962890625,0,0,"0",full
7a09a483-c77d-4a34-9750-25b7aeca6add,c9549b4e-052f-421d-b8f7-e4aa2078007e,2026-04-29T12:51:37.245Z,0,,32.783851623535156,24.35736083984375,32.6448974609375,100245.046875,32.234039306640625,100478.9375,47.45722961425781,100354.265625,21.089441299438477,0,-0.008056640625,1.063720703125,-0.081298828125,40334,51995,2.86865234375,0.9765625,-8.30078125,0,0,"0",full
7a09a483-c77d-4a34-9750-25b7aeca6add,c9549b4e-052f-421d-b8f7-e4aa2078007e,2026-04-29T12:51:37.322Z,0,,32.783851623535156,24.35736083984375,32.6448974609375,100245.046875,32.234039306640625,100478.9375,47.45613098144531,100354.21875,21.089441299438477,0,-0.008056640625,1.063720703125,-0.081298828125,40334,51995,2.86865234375,0.9765625,-8.30078125,0,0,"0",full
7a09a483-c77d-4a34-9750-25b7aeca6add,c9549b4e-052f-421d-b8f7-e4aa2078007e,2026-04-29T12:51:37.381Z,0,,32.783851623535156,24.35736083984375,32.65162658691406,100141.453125,32.236053466796875,100470.84375,47.454498291015625,100354.203125,21.089441299438477,0,0.00244140625,1.028076171875,-0.082275390625,40334,51995,5.615234375,-7.01904296875,-3.5400390625,0,0,"0",full
7a09a483-c77d-4a34-9750-25b7aeca6add,c9549b4e-052f-421d-b8f7-e4aa2078007e,2026-04-29T12:51:37.398Z,0,,32.83747863769531,35.6717529296875,32.65162658691406,100141.453125,32.23497009277344,100469.765625,47.454498291015625,100354.203125,21.06096076965332,0,0.00244140625,1.028076171875,-0.082275390625,40306,50667,5.615234375,-7.01904296875,-3.5400390625,0,0,"0",full
7a09a483-c77d-4a34-9750-25b7aeca6add,c9549b4e-052f-421d-b8f7-e4aa2078007e,2026-04-29T12:51:37.473Z,0,,32.83747863769531,35.6717529296875,32.65162658691406,100141.453125,32.23497009277344,100469.765625,47.45088195800781,100354.125,21.06096076965332,0,0.00244140625,1.028076171875,-0.082275390625,40306,50667,5.615234375,-7.01904296875,-3.5400390625,0,0,"0",full
7a09a483-c77d-4a34-9750-25b7aeca6add,c9549b4e-052f-421d-b8f7-e4aa2078007e,2026-04-29T12:51:37.504Z,0,,32.83747863769531,35.6717529296875,32.65422058105469,100089.828125,32.23588562011719,100465.203125,47.45088195800781,100354.125,21.06096076965332,0,-0.030517578125,0.970947265625,-0.029296875,40306,50667,4.21142578125,-1.5869140625,4.0283203125,0,0,"0",full
7a09a483-c77d-4a34-9750-25b7aeca6add,c9549b4e-052f-421d-b8f7-e4aa2078007e,2026-04-29T12:51:37.602Z,0,,32.83747863769531,35.6717529296875,32.65422058105469,100089.828125,32.23588562011719,100465.203125,47.44891357421875,100354.046875,21.06096076965332,0,-0.030517578125,0.970947265625,-0.029296875,40306,50667,4.21142578125,-1.5869140625,4.0283203125,0,0,"0",full
7a09a483-c77d-4a34-9750-25b7aeca6add,c9549b4e-052f-421d-b8f7-e4aa2078007e,2026-04-29T12:51:37.667Z,0,,32.83747863769531,35.6717529296875,32.65910339355469,100035.8125,32.23858642578125,100461.84375,47.44779968261719,100354.015625,21.06096076965332,0,-0.01171875,1.03369140625,-0.053466796875,40306,50667,1.46484375,-9.1552734375,-7.75146484375,0,0,"0",full
7a09a483-c77d-4a34-9750-25b7aeca6add,c9549b4e-052f-421d-b8f7-e4aa2078007e,2026-04-29T12:51:37.668Z,0,,32.858924865722656,45.45263671875,32.659820556640625,100030.046875,32.23858642578125,100461.84375,47.44694519042969,100354,20.975521087646484,0,-0.001708984375,0.975341796875,-0.0576171875,43378,49832,0.8544921875,-9.521484375,-7.568359375,0,0,"0",full
7a09a483-c77d-4a34-9750-25b7aeca6add,c9549b4e-052f-421d-b8f7-e4aa2078007e,2026-04-29T12:51:37.757Z,0,,32.858924865722656,45.45263671875,32.659820556640625,100030.046875,32.23858642578125,100461.84375,47.4451904296875,100353.953125,20.975521087646484,0,-0.001708984375,0.975341796875,-0.0576171875,43378,49832,0.8544921875,-9.521484375,-7.568359375,0,0,"0",full
7a09a483-c77d-4a34-9750-25b7aeca6add,c9549b4e-052f-421d-b8f7-e4aa2078007e,2026-04-29T12:51:37.791Z,0,,32.858924865722656,45.45263671875,32.66340637207031,100018.4375,32.2386474609375,100461.765625,47.4451904296875,100353.953125,20.975521087646484,0,0.052490234375,1.006591796875,-0.054443359375,43378,49832,3.84521484375,-1.64794921875,0.48828125,0,0,"0",full
7a09a483-c77d-4a34-9750-25b7aeca6add,c9549b4e-052f-421d-b8f7-e4aa2078007e,2026-04-29T12:51:37.876Z,0,,32.858924865722656,45.45263671875,32.66340637207031,100018.4375,32.2386474609375,100461.765625,47.443084716796875,100353.78125,20.975521087646484,0,0.052490234375,1.006591796875,-0.054443359375,43378,49832,3.84521484375,-1.64794921875,0.48828125,0,0,"0",full
7a09a483-c77d-4a34-9750-25b7aeca6add,c9549b4e-052f-421d-b8f7-e4aa2078007e,2026-04-29T12:51:37.921Z,0,,32.858924865722656,45.45263671875,32.661224365234375,100080.046875,32.241119384765625,100464.65625,47.442291259765625,100353.65625,20.975521087646484,0,0.028076171875,1.01171875,-0.065185546875,43378,49832,-1.220703125,-4.150390625,-1.89208984375,0,0,"0",full
7a09a483-c77d-4a34-9750-25b7aeca6add,c9549b4e-052f-421d-b8f7-e4aa2078007e,2026-04-29T12:51:37.935Z,0,,32.83747863769531,52.5174560546875,32.661224365234375,100080.046875,32.241424560546875,100465.171875,47.442291259765625,100353.65625,20.776161193847656,0,0.03759765625,1.031005859375,-0.062744140625,44503,50855,-0.732421875,-2.50244140625,1.3427734375,0,0,"0",full
7a09a483-c77d-4a34-9750-25b7aeca6add,c9549b4e-052f-421d-b8f7-e4aa2078007e,2026-04-29T12:51:38.043Z,0,,32.83747863769531,52.5174560546875,32.661224365234375,100080.046875,32.241424560546875,100465.171875,47.438690185546875,100353.5625,20.776161193847656,0,0.03759765625,1.031005859375,-0.062744140625,44503,50855,-0.732421875,-2.50244140625,1.3427734375,0,0,"0",full
7a09a483-c77d-4a34-9750-25b7aeca6add,c9549b4e-052f-421d-b8f7-e4aa2078007e,2026-04-29T12:51:38.133Z,0,,32.83747863769531,52.5174560546875,32.661224365234375,100080.046875,32.241424560546875,100465.171875,47.43560791015625,100353.4375,20.776161193847656,0,0.03759765625,1.031005859375,-0.062744140625,44503,50855,-0.732421875,-2.50244140625,1.3427734375,0,0,"0",full
7a09a483-c77d-4a34-9750-25b7aeca6add,c9549b4e-052f-421d-b8f7-e4aa2078007e,2026-04-29T12:51:38.209Z,0,,32.83747863769531,52.5174560546875,32.65644836425781,100273.515625,32.2359619140625,100473.953125,47.43540954589844,100353.421875,20.776161193847656,0,-0.015380859375,0.956787109375,-0.038818359375,44503,50855,5.126953125,-3.5400390625,-2.197265625,0,0,"0",full
7a09a483-c77d-4a34-9750-25b7aeca6add,c9549b4e-052f-421d-b8f7-e4aa2078007e,2026-04-29T12:51:38.236Z,0,,32.794578552246094,47.74908447265625,32.65510559082031,100286.953125,32.23570251464844,100474.78125,47.43540954589844,100353.421875,20.564340591430664,0,-0.015380859375,0.956787109375,-0.038818359375,43455,50566,5.126953125,-3.5400390625,-2.197265625,0,0,"0",full
7a09a483-c77d-4a34-9750-25b7aeca6add,c9549b4e-052f-421d-b8f7-e4aa2078007e,2026-04-29T12:51:38.299Z,0,,32.794578552246094,47.74908447265625,32.65510559082031,100286.953125,32.23570251464844,100474.78125,47.43220520019531,100353.34375,20.564340591430664,0,-0.015380859375,0.956787109375,-0.038818359375,43455,50566,5.126953125,-3.5400390625,-2.197265625,0,0,"0",full
7a09a483-c77d-4a34-9750-25b7aeca6add,c9549b4e-052f-421d-b8f7-e4aa2078007e,2026-04-29T12:51:38.313Z,0,,32.794578552246094,47.74908447265625,32.64897155761719,100344.96875,32.234832763671875,100478.390625,47.43220520019531,100353.34375,20.564340591430664,0,0.02197265625,1.024169921875,-0.051513671875,43455,50566,-3.0517578125,4.08935546875,8.544921875,0,0,"0",full
7a09a483-c77d-4a34-9750-25b7aeca6add,c9549b4e-052f-421d-b8f7-e4aa2078007e,2026-04-29T12:51:38.405Z,0,,32.794578552246094,47.74908447265625,32.64897155761719,100344.96875,32.234832763671875,100478.390625,47.42970275878906,100353.296875,20.564340591430664,0,0.02197265625,1.024169921875,-0.051513671875,43455,50566,-3.0517578125,4.08935546875,8.544921875,0,0,"0",full
7a09a483-c77d-4a34-9750-25b7aeca6add,c9549b4e-052f-421d-b8f7-e4aa2078007e,2026-04-29T12:51:38.464Z,0,,32.794578552246094,47.74908447265625,32.64884948730469,100402.921875,32.23480224609375,100482.1875,47.42842102050781,100353.296875,20.564340591430664,0,0.006591796875,1.024169921875,-0.04150390625,43455,50566,0.06103515625,5.2490234375,3.35693359375,0,0,"0",full
7a09a483-c77d-4a34-9750-25b7aeca6add,c9549b4e-052f-421d-b8f7-e4aa2078007e,2026-04-29T12:51:38.493Z,0,,32.77312469482422,42.54583740234375,32.64884948730469,100402.921875,32.23480224609375,100482.1875,47.42730712890625,100353.28125,20.40414047241211,0,-0.00390625,0.986083984375,-0.041748046875,43857,50667,0.732421875,5.859375,3.96728515625,0,0,"0",full
7a09a483-c77d-4a34-9750-25b7aeca6add,c9549b4e-052f-421d-b8f7-e4aa2078007e,2026-04-29T12:51:38.583Z,0,,32.77312469482422,42.54583740234375,32.64884948730469,100402.921875,32.23480224609375,100482.1875,47.42295837402344,100353.234375,20.40414047241211,0,-0.00390625,0.986083984375,-0.041748046875,43857,50667,0.732421875,5.859375,3.96728515625,0,0,"0",full
7a09a483-c77d-4a34-9750-25b7aeca6add,c9549b4e-052f-421d-b8f7-e4aa2078007e,2026-04-29T12:51:38.612Z,0,,32.77312469482422,42.54583740234375,32.64695739746094,100431.921875,32.23822021484375,100484.328125,47.422271728515625,100353.234375,20.40414047241211,0,0.0205078125,1.053955078125,-0.037109375,43857,50667,2.9296875,-2.3193359375,-4.08935546875,0,0,"0",full
7a09a483-c77d-4a34-9750-25b7aeca6add,c9549b4e-052f-421d-b8f7-e4aa2078007e,2026-04-29T12:51:38.673Z,0,,32.77312469482422,42.54583740234375,32.64695739746094,100431.921875,32.23822021484375,100484.328125,47.41888427734375,100353.234375,20.40414047241211,0,0.0205078125,1.053955078125,-0.037109375,43857,50667,2.9296875,-2.3193359375,-4.08935546875,0,0,"0",full
7a09a483-c77d-4a34-9750-25b7aeca6add,c9549b4e-052f-421d-b8f7-e4aa2078007e,2026-04-29T12:51:38.735Z,0,,32.77312469482422,42.54583740234375,32.64167785644531,100437.34375,32.23750305175781,100479.90625,47.41606140136719,100353.171875,20.40414047241211,0,0.013671875,1.067138671875,-0.05322265625,43857,50667,-1.3427734375,-0.48828125,0.06103515625,0,0,"0",full
7a09a483-c77d-4a34-9750-25b7aeca6add,c9549b4e-052f-421d-b8f7-e4aa2078007e,2026-04-29T12:51:38.764Z,0,,32.77312469482422,39.14312744140625,32.64024353027344,100428.34375,32.23774719238281,100477.515625,47.41606140136719,100353.171875,20.40414047241211,0,0.022216796875,1.061279296875,-0.06201171875,41867,50203,-2.13623046875,-1.77001953125,0.30517578125,0,0,"0",full
7a09a483-c77d-4a34-9750-25b7aeca6add,c9549b4e-052f-421d-b8f7-e4aa2078007e,2026-04-29T12:51:38.836Z,0,,32.77312469482422,39.14312744140625,32.64024353027344,100428.34375,32.23774719238281,100477.515625,47.41496276855469,100353.109375,20.40414047241211,0,0.022216796875,1.061279296875,-0.06201171875,41867,50203,-2.13623046875,-1.77001953125,0.30517578125,0,0,"0",full
7a09a483-c77d-4a34-9750-25b7aeca6add,c9549b4e-052f-421d-b8f7-e4aa2078007e,2026-04-29T12:51:38.973Z,0,,32.77312469482422,39.14312744140625,32.64024353027344,100428.34375,32.23774719238281,100477.515625,47.41145324707031,100353.046875,20.40414047241211,0,0.022216796875,1.061279296875,-0.06201171875,41867,50203,-2.13623046875,-1.77001953125,0.30517578125,0,0,"0",full
7a09a483-c77d-4a34-9750-25b7aeca6add,c9549b4e-052f-421d-b8f7-e4aa2078007e,2026-04-29T12:51:39.003Z,0,,32.77312469482422,39.14312744140625,32.64253234863281,100220,32.240020751953125,100453.703125,47.40956115722656,100353.015625,20.40414047241211,0,0.092529296875,1.00390625,-0.0244140625,41867,50203,-1.77001953125,1.8310546875,6.103515625,0,0,"0",full
7a09a483-c77d-4a34-9750-25b7aeca6add,c9549b4e-052f-421d-b8f7-e4aa2078007e,2026-04-29T12:51:39.018Z,0,,32.81602478027344,41.4090576171875,32.64253234863281,100220,32.240020751953125,100453.703125,47.409088134765625,100353,20.233261108398438,0,0.092529296875,1.00390625,-0.0244140625,37130,42837,-1.77001953125,1.8310546875,6.103515625,0,0,"0",full
7a09a483-c77d-4a34-9750-25b7aeca6add,c9549b4e-052f-421d-b8f7-e4aa2078007e,2026-04-29T12:51:39.154Z,0,,32.81602478027344,41.4090576171875,32.64253234863281,100220,32.240020751953125,100453.703125,47.40693664550781,100352.9375,20.233261108398438,0,0.092529296875,1.00390625,-0.0244140625,37130,42837,-1.77001953125,1.8310546875,6.103515625,0,0,"0",full
7a09a483-c77d-4a34-9750-25b7aeca6add,c9549b4e-052f-421d-b8f7-e4aa2078007e,2026-04-29T12:51:39.224Z,0,,32.81602478027344,41.4090576171875,32.64878845214844,100141.765625,32.240966796875,100448.359375,47.40361022949219,100352.90625,20.233261108398438,0,-0.007568359375,1.0234375,-0.063232421875,37130,42837,0.06103515625,3.72314453125,-2.685546875,0,0,"0",full
7a09a483-c77d-4a34-9750-25b7aeca6add,c9549b4e-052f-421d-b8f7-e4aa2078007e,2026-04-29T12:51:39.272Z,0,,32.81602478027344,41.4090576171875,32.6522216796875,100062.21875,32.24342346191406,100444.203125,47.403778076171875,100352.875,20.233261108398438,0,0.016845703125,1.021484375,-0.05322265625,37130,42837,-1.0986328125,0.8544921875,0.06103515625,0,0,"0",full
7a09a483-c77d-4a34-9750-25b7aeca6add,c9549b4e-052f-421d-b8f7-e4aa2078007e,2026-04-29T12:51:39.305Z,0,,32.84820556640625,51.33489990234375,32.652374267578125,100053.4375,32.24342346191406,100444.203125,47.40394592285156,100352.890625,20.176300048828125,0,0.0517578125,1.0263671875,-0.0400390625,23135,24757,-1.0986328125,0.8544921875,1.03759765625,0,0,"0",full
7a09a483-c77d-4a34-9750-25b7aeca6add,c9549b4e-052f-421d-b8f7-e4aa2078007e,2026-04-29T12:51:39.379Z,0,,32.84820556640625,51.33489990234375,32.652374267578125,100053.4375,32.24342346191406,100444.203125,47.401458740234375,100352.859375,20.176300048828125,0,0.0517578125,1.0263671875,-0.0400390625,23135,24757,-1.0986328125,0.8544921875,1.03759765625,0,0,"0",full
7a09a483-c77d-4a34-9750-25b7aeca6add,c9549b4e-052f-421d-b8f7-e4aa2078007e,2026-04-29T12:51:39.406Z,0,,32.84820556640625,51.33489990234375,32.65617370605469,100023.921875,32.24725341796875,100442.125,47.40129089355469,100352.84375,20.176300048828125,0,0.03662109375,1.016845703125,-0.0458984375,23135,24757,0.67138671875,-1.40380859375,-4.21142578125,0,0,"0",full
7a09a483-c77d-4a34-9750-25b7aeca6add,c9549b4e-052f-421d-b8f7-e4aa2078007e,2026-04-29T12:51:39.496Z,0,,32.84820556640625,51.33489990234375,32.65617370605469,100023.921875,32.24725341796875,100442.125,47.39984130859375,100352.796875,20.176300048828125,0,0.03662109375,1.016845703125,-0.0458984375,23135,24757,0.67138671875,-1.40380859375,-4.21142578125,0,0,"0",full
7a09a483-c77d-4a34-9750-25b7aeca6add,c9549b4e-052f-421d-b8f7-e4aa2078007e,2026-04-29T12:51:39.572Z,0,,32.84820556640625,51.33489990234375,32.66166687011719,99979.40625,32.250885009765625,100440.015625,47.398345947265625,100352.765625,20.176300048828125,0,0.02490234375,0.984375,-0.044921875,23135,24757,3.5400390625,-0.67138671875,-5.18798828125,0,0,"0",full
7a09a483-c77d-4a34-9750-25b7aeca6add,c9549b4e-052f-421d-b8f7-e4aa2078007e,2026-04-29T12:51:39.573Z,0,,32.869651794433594,58.75830078125,32.66166687011719,99979.40625,32.251220703125,100439.625,47.398345947265625,100352.765625,20.062379837036133,0,0.02490234375,0.984375,-0.044921875,25433,28697,3.5400390625,-0.67138671875,-5.18798828125,0,0,"0",full
7a09a483-c77d-4a34-9750-25b7aeca6add,c9549b4e-052f-421d-b8f7-e4aa2078007e,2026-04-29T12:51:39.662Z,0,,32.869651794433594,58.75830078125,32.66166687011719,99979.40625,32.251220703125,100439.625,47.39825439453125,100352.65625,20.062379837036133,0,0.02490234375,0.984375,-0.044921875,25433,28697,3.5400390625,-0.67138671875,-5.18798828125,0,0,"0",full
7a09a483-c77d-4a34-9750-25b7aeca6add,c9549b4e-052f-421d-b8f7-e4aa2078007e,2026-04-29T12:51:39.691Z,0,,32.869651794433594,58.75830078125,32.66400146484375,99963.25,32.254180908203125,100438.421875,47.39825439453125,100352.65625,20.062379837036133,0,0.03564453125,0.96875,-0.035888671875,25433,28697,-1.64794921875,-0.1220703125,4.638671875,0,0,"0",full
7a09a483-c77d-4a34-9750-25b7aeca6add,c9549b4e-052f-421d-b8f7-e4aa2078007e,2026-04-29T12:51:39.754Z,0,,32.869651794433594,58.75830078125,32.66400146484375,99963.25,32.254180908203125,100438.421875,47.395843505859375,100352.640625,20.062379837036133,0,0.03564453125,0.96875,-0.035888671875,25433,28697,-1.64794921875,-0.1220703125,4.638671875,0,0,"0",full
7a09a483-c77d-4a34-9750-25b7aeca6add,c9549b4e-052f-421d-b8f7-e4aa2078007e,2026-04-29T12:51:39.814Z,0,,32.869651794433594,58.75830078125,32.66607666015625,99955.046875,32.255828857421875,100436.671875,47.395172119140625,100352.5625,20.062379837036133,0,0.0263671875,0.993896484375,-0.067626953125,25433,28697,0.54931640625,-1.3427734375,2.25830078125,0,0,"0",full
7a09a483-c77d-4a34-9750-25b7aeca6add,c9549b4e-052f-421d-b8f7-e4aa2078007e,2026-04-29T12:51:39.844Z,0,,32.88037872314453,64.38116455078125,32.66603088378906,99955.140625,32.255828857421875,100436.671875,47.39469909667969,100352.53125,19.89150047302246,0,0.0263671875,0.993896484375,-0.067626953125,32788,37294,0.54931640625,-1.3427734375,2.25830078125,0,0,"0",full
7a09a483-c77d-4a34-9750-25b7aeca6add,c9549b4e-052f-421d-b8f7-e4aa2078007e,2026-04-29T12:51:39.939Z,0,,32.88037872314453,64.38116455078125,32.66603088378906,99955.140625,32.255828857421875,100436.671875,47.39207458496094,100352.453125,19.89150047302246,0,0.0263671875,0.993896484375,-0.067626953125,32788,37294,0.54931640625,-1.3427734375,2.25830078125,0,0,"0",full
7a09a483-c77d-4a34-9750-25b7aeca6add,c9549b4e-052f-421d-b8f7-e4aa2078007e,2026-04-29T12:51:40.037Z,0,,32.88037872314453,64.38116455078125,32.66603088378906,99955.140625,32.255828857421875,100436.671875,47.38978576660156,100352.328125,19.89150047302246,0,0.0263671875,0.993896484375,-0.067626953125,32788,37294,0.54931640625,-1.3427734375,2.25830078125,0,0,"0",full
7a09a483-c77d-4a34-9750-25b7aeca6add,c9549b4e-052f-421d-b8f7-e4aa2078007e,2026-04-29T12:51:40.111Z,0,,32.88037872314453,64.38116455078125,32.662322998046875,100004.453125,32.25599670410156,100435.375,47.38983154296875,100352.28125,19.89150047302246,0,0.037841796875,0.973388671875,-0.0498046875,32788,37294,6.77490234375,-2.01416015625,3.72314453125,0,0,"0",full
7a09a483-c77d-4a34-9750-25b7aeca6add,c9549b4e-052f-421d-b8f7-e4aa2078007e,2026-04-29T12:51:40.112Z,0,,32.869651794433594,68.6917724609375,32.662322998046875,100004.453125,32.25599670410156,100435.375,47.38983154296875,100352.28125,19.718839645385742,0,0.05419921875,0.955078125,-0.07080078125,33346,37192,7.6904296875,-2.9296875,5.55419921875,0,0,"0",full
7a09a483-c77d-4a34-9750-25b7aeca6add,c9549b4e-052f-421d-b8f7-e4aa2078007e,2026-04-29T12:51:40.202Z,0,,32.869651794433594,68.6917724609375,32.662322998046875,100004.453125,32.25599670410156,100435.375,47.38853454589844,100352.140625,19.718839645385742,0,0.05419921875,0.955078125,-0.07080078125,33346,37192,7.6904296875,-2.9296875,5.55419921875,0,0,"0",full
7a09a483-c77d-4a34-9750-25b7aeca6add,c9549b4e-052f-421d-b8f7-e4aa2078007e,2026-04-29T12:51:40.217Z,0,,32.869651794433594,68.6917724609375,32.65966796875,100072.625,32.25599670410156,100436.109375,47.38853454589844,100352.140625,19.718839645385742,0,0.042724609375,1.002685546875,-0.031494140625,33346,37192,-13.671875,-9.33837890625,0.30517578125,0,0,"0",full
7a09a483-c77d-4a34-9750-25b7aeca6add,c9549b4e-052f-421d-b8f7-e4aa2078007e,2026-04-29T12:51:40.322Z,0,,32.869651794433594,68.6917724609375,32.65966796875,100072.625,32.25599670410156,100436.109375,47.38624572753906,100351.984375,19.718839645385742,0,0.042724609375,1.002685546875,-0.031494140625,33346,37192,-13.671875,-9.33837890625,0.30517578125,0,0,"0",full
7a09a483-c77d-4a34-9750-25b7aeca6add,c9549b4e-052f-421d-b8f7-e4aa2078007e,2026-04-29T12:51:40.352Z,0,,32.869651794433594,68.6917724609375,32.6573486328125,100187.8125,32.25157165527344,100438.0625,47.38523864746094,100351.9375,19.718839645385742,0,0.0439453125,0.965576171875,-0.041015625,33346,37192,1.708984375,-13.916015625,2.0751953125,0,0,"0",full
7a09a483-c77d-4a34-9750-25b7aeca6add,c9549b4e-052f-421d-b8f7-e4aa2078007e,2026-04-29T12:51:40.382Z,0,,32.783851623535156,65.2127685546875,32.6573486328125,100187.8125,32.25114440917969,100438.546875,47.38523864746094,100351.9375,19.462520599365234,0,0.0439453125,0.965576171875,-0.041015625,30213,32734,1.708984375,-13.916015625,2.0751953125,0,0,"0",full
7a09a483-c77d-4a34-9750-25b7aeca6add,c9549b4e-052f-421d-b8f7-e4aa2078007e,2026-04-29T12:51:40.472Z,0,,32.783851623535156,65.2127685546875,32.6573486328125,100187.8125,32.25114440917969,100438.546875,47.38267517089844,100351.796875,19.462520599365234,0,0.0439453125,0.965576171875,-0.041015625,30213,32734,1.708984375,-13.916015625,2.0751953125,0,0,"0",full
7a09a483-c77d-4a34-9750-25b7aeca6add,c9549b4e-052f-421d-b8f7-e4aa2078007e,2026-04-29T12:51:40.503Z,0,,32.783851623535156,65.2127685546875,32.65486145019531,100261.0625,32.24919128417969,100441.1875,47.38267517089844,100351.796875,19.462520599365234,0,0.055908203125,1.080078125,0.00048828125,30213,32734,5.43212890625,-16.17431640625,16.9677734375,0,0,"0",full
7a09a483-c77d-4a34-9750-25b7aeca6add,c9549b4e-052f-421d-b8f7-e4aa2078007e,2026-04-29T12:51:40.576Z,0,,32.783851623535156,65.2127685546875,32.65486145019531,100261.0625,32.24919128417969,100441.1875,47.379547119140625,100351.71875,19.462520599365234,0,0.055908203125,1.080078125,0.00048828125,30213,32734,5.43212890625,-16.17431640625,16.9677734375,0,0,"0",full
7a09a483-c77d-4a34-9750-25b7aeca6add,c9549b4e-052f-421d-b8f7-e4aa2078007e,2026-04-29T12:51:40.638Z,0,,32.783851623535156,65.2127685546875,32.65025329589844,100349.625,32.24928283691406,100444.921875,47.37834167480469,100351.6875,19.462520599365234,0,0.057861328125,1.019775390625,-0.059326171875,30213,32734,1.77001953125,4.82177734375,-2.99072265625,0,0,"0",full
7a09a483-c77d-4a34-9750-25b7aeca6add,c9549b4e-052f-421d-b8f7-e4aa2078007e,2026-04-29T12:51:40.653Z,0,,32.76240539550781,56.70599365234375,32.65025329589844,100349.625,32.24928283691406,100444.921875,47.37794494628906,100351.71875,19.320119857788086,0,0.057861328125,1.019775390625,-0.059326171875,36447,40237,1.77001953125,4.82177734375,-2.99072265625,0,0,"0",full
7a09a483-c77d-4a34-9750-25b7aeca6add,c9549b4e-052f-421d-b8f7-e4aa2078007e,2026-04-29T12:51:40.759Z,0,,32.76240539550781,56.70599365234375,32.65025329589844,100349.625,32.24928283691406,100444.921875,47.37785339355469,100351.734375,19.320119857788086,0,0.057861328125,1.019775390625,-0.059326171875,36447,40237,1.77001953125,4.82177734375,-2.99072265625,0,0,"0",full
7a09a483-c77d-4a34-9750-25b7aeca6add,c9549b4e-052f-421d-b8f7-e4aa2078007e,2026-04-29T12:51:40.796Z,0,,32.76240539550781,56.70599365234375,32.64714050292969,100388.015625,32.24560546875,100447.5,47.37794494628906,100351.734375,19.320119857788086,0,0.052734375,1.0087890625,-0.056884765625,36447,40237,3.11279296875,6.53076171875,2.86865234375,0,0,"0",full
7a09a483-c77d-4a34-9750-25b7aeca6add,c9549b4e-052f-421d-b8f7-e4aa2078007e,2026-04-29T12:51:40.863Z,0,,32.76240539550781,56.70599365234375,32.64714050292969,100388.015625,32.24560546875,100447.5,47.37542724609375,100351.65625,19.320119857788086,0,0.052734375,1.0087890625,-0.056884765625,36447,40237,3.11279296875,6.53076171875,2.86865234375,0,0,"0",full
7a09a483-c77d-4a34-9750-25b7aeca6add,c9549b4e-052f-421d-b8f7-e4aa2078007e,2026-04-29T12:51:40.923Z,0,,32.76240539550781,56.70599365234375,32.64573669433594,100424.484375,32.244476318359375,100450.515625,47.374725341796875,100351.65625,19.320119857788086,0,0.10546875,1.004150390625,-0.00341796875,36447,40237,5.18798828125,-5.4931640625,-3.173828125,0,0,"0",full
7a09a483-c77d-4a34-9750-25b7aeca6add,c9549b4e-052f-421d-b8f7-e4aa2078007e,2026-04-29T12:51:40.938Z,0,,32.751678466796875,50.7779541015625,32.64448547363281,100428.3125,32.24540710449219,100450.84375,47.374725341796875,100351.65625,19.206199645996094,0,0.069580078125,0.99658203125,-0.00341796875,165102,151885,5.79833984375,-5.55419921875,-3.41796875,0,0,"0",full
7a09a483-c77d-4a34-9750-25b7aeca6add,c9549b4e-052f-421d-b8f7-e4aa2078007e,2026-04-29T12:51:41.014Z,0,,32.751678466796875,50.7779541015625,32.64448547363281,100428.3125,32.24540710449219,100450.84375,47.37190246582031,100351.6875,19.206199645996094,0,0.069580078125,0.99658203125,-0.00341796875,165102,151885,5.79833984375,-5.55419921875,-3.41796875,0,0,"0",full
7a09a483-c77d-4a34-9750-25b7aeca6add,c9549b4e-052f-421d-b8f7-e4aa2078007e,2026-04-29T12:51:41.128Z,0,,32.751678466796875,50.7779541015625,32.64448547363281,100428.3125,32.24540710449219,100450.84375,47.36924743652344,100351.625,19.206199645996094,0,0.069580078125,0.99658203125,-0.00341796875,165102,151885,5.79833984375,-5.55419921875,-3.41796875,0,0,"0",full
7a09a483-c77d-4a34-9750-25b7aeca6add,c9549b4e-052f-421d-b8f7-e4aa2078007e,2026-04-29T12:51:41.177Z,0,,32.751678466796875,50.7779541015625,32.63719177246094,100452.203125,32.2440185546875,100451.859375,47.36859130859375,100351.640625,19.206199645996094,0,0.013427734375,1.0458984375,-0.0712890625,165102,151885,-6.7138671875,4.5166015625,3.90625,0,0,"0",full
7a09a483-c77d-4a34-9750-25b7aeca6add,c9549b4e-052f-421d-b8f7-e4aa2078007e,2026-04-29T12:51:41.193Z,0,,32.76240539550781,46.642822265625,32.63665771484375,100449.21875,32.243927001953125,100451.140625,47.36875915527344,100351.625,19.206199645996094,0,0.013427734375,1.0458984375,-0.0712890625,165412,152070,-6.7138671875,4.5166015625,3.90625,0,0,"0",full
7a09a483-c77d-4a34-9750-25b7aeca6add,c9549b4e-052f-421d-b8f7-e4aa2078007e,2026-04-29T12:51:41.299Z,0,,32.76240539550781,46.642822265625,32.63665771484375,100449.21875,32.243927001953125,100451.140625,47.36767578125,100351.59375,19.206199645996094,0,0.013427734375,1.0458984375,-0.0712890625,165412,152070,-6.7138671875,4.5166015625,3.90625,0,0,"0",full
7a09a483-c77d-4a34-9750-25b7aeca6add,c9549b4e-052f-421d-b8f7-e4aa2078007e,2026-04-29T12:51:41.328Z,0,,32.76240539550781,46.642822265625,32.63861083984375,100403.609375,32.244720458984375,100445.390625,47.36767578125,100351.59375,19.206199645996094,0,0.04541015625,0.9775390625,-0.02490234375,165412,152070,3.2958984375,0,-0.8544921875,0,0,"0",full
7a09a483-c77d-4a34-9750-25b7aeca6add,c9549b4e-052f-421d-b8f7-e4aa2078007e,2026-04-29T12:51:41.403Z,0,,32.76240539550781,46.642822265625,32.63861083984375,100403.609375,32.244720458984375,100445.390625,47.367340087890625,100351.5625,19.206199645996094,0,0.04541015625,0.9775390625,-0.02490234375,165412,152070,3.2958984375,0,-0.8544921875,0,0,"0",full
7a09a483-c77d-4a34-9750-25b7aeca6add,c9549b4e-052f-421d-b8f7-e4aa2078007e,2026-04-29T12:51:41.488Z,0,,32.76240539550781,46.642822265625,32.641845703125,100278.78125,32.24705505371094,100438.3125,47.366302490234375,100351.515625,19.206199645996094,0,0.052734375,1.00244140625,-0.030029296875,165412,152070,-2.62451171875,0.9765625,-4.2724609375,0,0,"0",full
7a09a483-c77d-4a34-9750-25b7aeca6add,c9549b4e-052f-421d-b8f7-e4aa2078007e,2026-04-29T12:51:41.554Z,0,,32.77312469482422,46.13165283203125,32.641845703125,100278.78125,32.24705505371094,100438.3125,47.3636474609375,100351.421875,19.291641235351562,0,0.05126953125,1.00244140625,-0.027099609375,165291,152046,-1.220703125,-0.6103515625,-6.65283203125,0,0,"0",full
7a09a483-c77d-4a34-9750-25b7aeca6add,c9549b4e-052f-421d-b8f7-e4aa2078007e,2026-04-29T12:51:41.584Z,0,,32.77312469482422,46.13165283203125,32.645050048828125,100182.65625,32.2481689453125,100435.78125,47.3636474609375,100351.421875,19.291641235351562,0,0.075439453125,1.02392578125,-0.043212890625,165291,152046,-1.953125,1.953125,-2.86865234375,0,0,"0",full
7a09a483-c77d-4a34-9750-25b7aeca6add,c9549b4e-052f-421d-b8f7-e4aa2078007e,2026-04-29T12:51:41.674Z,0,,32.77312469482422,46.13165283203125,32.645050048828125,100182.65625,32.2481689453125,100435.78125,47.36122131347656,100351.3125,19.291641235351562,0,0.075439453125,1.02392578125,-0.043212890625,165291,152046,-1.953125,1.953125,-2.86865234375,0,0,"0",full
7a09a483-c77d-4a34-9750-25b7aeca6add,c9549b4e-052f-421d-b8f7-e4aa2078007e,2026-04-29T12:51:41.720Z,0,,32.77312469482422,46.13165283203125,32.64996337890625,100080.59375,32.25274658203125,100432.34375,47.35931396484375,100351.296875,19.291641235351562,0,0.067626953125,0.998046875,-0.037841796875,165291,152046,-0.42724609375,-0.18310546875,-2.13623046875,0,0,"0",full
7a09a483-c77d-4a34-9750-25b7aeca6add,c9549b4e-052f-421d-b8f7-e4aa2078007e,2026-04-29T12:51:41.733Z,0,,32.858924865722656,55.19537353515625,32.64918518066406,100069.609375,32.252716064453125,100431.796875,47.35865783691406,100351.296875,19.320119857788086,0,0.076171875,1.01123046875,-0.0419921875,163552,151111,-0.6103515625,0.244140625,-0.9765625,0,0,"0",full
7a09a483-c77d-4a34-9750-25b7aeca6add,c9549b4e-052f-421d-b8f7-e4aa2078007e,2026-04-29T12:51:41.840Z,0,,32.858924865722656,55.19537353515625,32.64918518066406,100069.609375,32.252716064453125,100431.796875,47.35826110839844,100351.265625,19.320119857788086,0,0.076171875,1.01123046875,-0.0419921875,163552,151111,-0.6103515625,0.244140625,-0.9765625,0,0,"0",full
7a09a483-c77d-4a34-9750-25b7aeca6add,c9549b4e-052f-421d-b8f7-e4aa2078007e,2026-04-29T12:51:41.944Z,0,,32.858924865722656,55.19537353515625,32.64918518066406,100069.609375,32.252716064453125,100431.796875,47.35565185546875,100351.171875,19.320119857788086,0,0.076171875,1.01123046875,-0.0419921875,163552,151111,-0.6103515625,0.244140625,-0.9765625,0,0,"0",full
7a09a483-c77d-4a34-9750-25b7aeca6add,c9549b4e-052f-421d-b8f7-e4aa2078007e,2026-04-29T12:51:42.033Z,0,,32.858924865722656,55.19537353515625,32.65545654296875,99984.484375,32.25492858886719,100427.0625,47.35383605957031,100351.140625,19.320119857788086,0,0.063232421875,1.0146484375,-0.04736328125,163552,151111,-1.3427734375,0.6103515625,1.52587890625,0,0,"0",full
7a09a483-c77d-4a34-9750-25b7aeca6add,c9549b4e-052f-421d-b8f7-e4aa2078007e,2026-04-29T12:51:42.125Z,0,,32.869651794433594,61.89398193359375,32.65545654296875,99984.484375,32.25492858886719,100427.0625,47.35101318359375,100351.109375,19.36639976501465,0,0.063232421875,1.0146484375,-0.04736328125,161214,149777,-1.3427734375,0.6103515625,1.52587890625,0,0,"0",full
7a09a483-c77d-4a34-9750-25b7aeca6add,c9549b4e-052f-421d-b8f7-e4aa2078007e,2026-04-29T12:51:42.156Z,0,,32.869651794433594,61.89398193359375,32.655792236328125,99964.15625,32.25523376464844,100425.796875,47.35017395019531,100351.078125,19.36639976501465,0,0.063232421875,0.998291015625,-0.048828125,161214,149777,1.46484375,1.0986328125,-1.89208984375,0,0,"0",full
7a09a483-c77d-4a34-9750-25b7aeca6add,c9549b4e-052f-421d-b8f7-e4aa2078007e,2026-04-29T12:51:42.211Z,0,,32.869651794433594,61.89398193359375,32.655792236328125,99964.15625,32.25523376464844,100425.796875,47.3489990234375,100350.9375,19.36639976501465,0,0.063232421875,0.998291015625,-0.048828125,161214,149777,1.46484375,1.0986328125,-1.89208984375,0,0,"0",full
7a09a483-c77d-4a34-9750-25b7aeca6add,c9549b4e-052f-421d-b8f7-e4aa2078007e,2026-04-29T12:51:42.272Z,0,,32.869651794433594,61.89398193359375,32.659149169921875,99942.84375,32.25776672363281,100424.3125,47.3485107421875,100350.96875,19.36639976501465,0,0.081787109375,0.99609375,-0.038330078125,161214,149777,-0.79345703125,0,1.77001953125,0,0,"0",full
7a09a483-c77d-4a34-9750-25b7aeca6add,c9549b4e-052f-421d-b8f7-e4aa2078007e,2026-04-29T12:51:42.302Z,0,,32.89110565185547,66.9217529296875,32.66001892089844,99940.640625,32.25776672363281,100424.3125,47.3485107421875,100350.96875,19.23468017578125,0,0.078369140625,0.998779296875,-0.047607421875,160964,149685,-0.1220703125,0,0.8544921875,0,0,"0",full
7a09a483-c77d-4a34-9750-25b7aeca6add,c9549b4e-052f-421d-b8f7-e4aa2078007e,2026-04-29T12:51:42.377Z,0,,32.89110565185547,66.9217529296875,32.66001892089844,99940.640625,32.25776672363281,100424.3125,47.349365234375,100350.84375,19.23468017578125,0,0.078369140625,0.998779296875,-0.047607421875,160964,149685,-0.1220703125,0,0.8544921875,0,0,"0",full
7a09a483-c77d-4a34-9750-25b7aeca6add,c9549b4e-052f-421d-b8f7-e4aa2078007e,2026-04-29T12:51:42.414Z,0,,32.89110565185547,66.9217529296875,32.66424560546875,99933.34375,32.256866455078125,100423.375,47.349365234375,100350.84375,19.23468017578125,0,0.05517578125,1.00390625,-0.048583984375,160964,149685,-0.91552734375,0.732421875,1.89208984375,0,0,"0",full
7a09a483-c77d-4a34-9750-25b7aeca6add,c9549b4e-052f-421d-b8f7-e4aa2078007e,2026-04-29T12:51:42.509Z,0,,32.89110565185547,66.9217529296875,32.66424560546875,99933.34375,32.256866455078125,100423.375,47.34483337402344,100350.765625,19.23468017578125,0,0.05517578125,1.00390625,-0.048583984375,160964,149685,-0.91552734375,0.732421875,1.89208984375,0,0,"0",full
7a09a483-c77d-4a34-9750-25b7aeca6add,c9549b4e-052f-421d-b8f7-e4aa2078007e,2026-04-29T12:51:42.543Z,0,,32.89110565185547,66.9217529296875,32.667022705078125,99935.859375,32.25804138183594,100422.640625,47.34422302246094,100350.75,19.23468017578125,0,0.0302734375,0.999755859375,-0.02734375,160964,149685,0,-0.244140625,4.69970703125,0,0,"0",full
7a09a483-c77d-4a34-9750-25b7aeca6add,c9549b4e-052f-421d-b8f7-e4aa2078007e,2026-04-29T12:51:42.558Z,0,,32.89110565185547,70.54571533203125,32.667022705078125,99935.859375,32.25846862792969,100422.6875,47.343017578125,100350.703125,19.149240493774414,0,0.02880859375,0.989501953125,-0.04052734375,161534,150220,0.244140625,0.42724609375,5.2490234375,0,0,"0",full
7a09a483-c77d-4a34-9750-25b7aeca6add,c9549b4e-052f-421d-b8f7-e4aa2078007e,2026-04-29T12:51:42.678Z,0,,32.89110565185547,70.54571533203125,32.667022705078125,99935.859375,32.25846862792969,100422.6875,47.34208679199219,100350.609375,19.149240493774414,0,0.02880859375,0.989501953125,-0.04052734375,161534,150220,0.244140625,0.42724609375,5.2490234375,0,0,"0",full
7a09a483-c77d-4a34-9750-25b7aeca6add,c9549b4e-052f-421d-b8f7-e4aa2078007e,2026-04-29T12:51:42.679Z,0,,32.89110565185547,70.54571533203125,32.66691589355469,99960.71875,32.259674072265625,100423.84375,47.34208679199219,100350.609375,19.149240493774414,0,0.054443359375,1.026123046875,-0.049072265625,161534,150220,0.18310546875,4.21142578125,3.96728515625,0,0,"0",full
7a09a483-c77d-4a34-9750-25b7aeca6add,c9549b4e-052f-421d-b8f7-e4aa2078007e,2026-04-29T12:51:42.752Z,0,,32.89110565185547,70.54571533203125,32.66691589355469,99960.71875,32.259674072265625,100423.84375,47.339630126953125,100350.46875,19.149240493774414,0,0.054443359375,1.026123046875,-0.049072265625,161534,150220,0.18310546875,4.21142578125,3.96728515625,0,0,"0",full
7a09a483-c77d-4a34-9750-25b7aeca6add,c9549b4e-052f-421d-b8f7-e4aa2078007e,2026-04-29T12:51:42.828Z,0,,32.89110565185547,70.54571533203125,32.6636962890625,100058.71875,32.25848388671875,100428.328125,47.33673095703125,100350.421875,19.149240493774414,0,0.035400390625,1.00732421875,-0.04443359375,161534,150220,2.5634765625,3.2958984375,5.2490234375,0,0,"0",full
7a09a483-c77d-4a34-9750-25b7aeca6add,c9549b4e-052f-421d-b8f7-e4aa2078007e,2026-04-29T12:51:42.855Z,0,,32.81602478027344,71.09503173828125,32.661834716796875,100076.109375,32.25848388671875,100428.328125,47.33673095703125,100350.421875,19.006839752197266,0,0.035400390625,1.00732421875,-0.04443359375,159913,149461,2.5634765625,3.2958984375,5.2490234375,0,0,"0",full
7a09a483-c77d-4a34-9750-25b7aeca6add,c9549b4e-052f-421d-b8f7-e4aa2078007e,2026-04-29T12:51:42.932Z,0,,32.81602478027344,71.09503173828125,32.661834716796875,100076.109375,32.25848388671875,100428.328125,47.3359375,100350.34375,19.006839752197266,0,0.035400390625,1.00732421875,-0.04443359375,159913,149461,2.5634765625,3.2958984375,5.2490234375,0,0,"0",full
7a09a483-c77d-4a34-9750-25b7aeca6add,c9549b4e-052f-421d-b8f7-e4aa2078007e,2026-04-29T12:51:43.038Z,0,,32.81602478027344,71.09503173828125,32.661834716796875,100076.109375,32.25848388671875,100428.328125,47.33189392089844,100350.203125,19.006839752197266,0,0.035400390625,1.00732421875,-0.04443359375,159913,149461,2.5634765625,3.2958984375,5.2490234375,0,0,"0",full
7a09a483-c77d-4a34-9750-25b7aeca6add,c9549b4e-052f-421d-b8f7-e4aa2078007e,2026-04-29T12:51:43.083Z,0,,32.81602478027344,71.09503173828125,32.65167236328125,100272.265625,32.25090026855469,100435.0625,47.33149719238281,100350.1875,19.006839752197266,0,0.024658203125,1.001220703125,-0.031982421875,159913,149461,0.244140625,3.11279296875,2.38037109375,0,0,"0",full
7a09a483-c77d-4a34-9750-25b7aeca6add,c9549b4e-052f-421d-b8f7-e4aa2078007e,2026-04-29T12:51:43.098Z,0,,32.76240539550781,62.15338134765625,32.65167236328125,100272.265625,32.25090026855469,100435.0625,47.33149719238281,100350.1875,18.862659454345703,0,0.037841796875,1.01220703125,-0.041748046875,155379,146810,0.6103515625,3.11279296875,1.64794921875,0,0,"0",full
7a09a483-c77d-4a34-9750-25b7aeca6add,c9549b4e-052f-421d-b8f7-e4aa2078007e,2026-04-29T12:51:43.205Z,0,,32.76240539550781,62.15338134765625,32.65167236328125,100272.265625,32.25090026855469,100435.0625,47.327362060546875,100350.140625,18.862659454345703,0,0.037841796875,1.01220703125,-0.041748046875,155379,146810,0.6103515625,3.11279296875,1.64794921875,0,0,"0",full
7a09a483-c77d-4a34-9750-25b7aeca6add,c9549b4e-052f-421d-b8f7-e4aa2078007e,2026-04-29T12:51:43.234Z,0,,32.76240539550781,62.15338134765625,32.646484375,100331.15625,32.25001525878906,100437.46875,47.327362060546875,100350.140625,18.862659454345703,0,0.010986328125,0.984619140625,-0.030517578125,155379,146810,1.5869140625,0.48828125,-2.197265625,0,0,"0",full
7a09a483-c77d-4a34-9750-25b7aeca6add,c9549b4e-052f-421d-b8f7-e4aa2078007e,2026-04-29T12:51:43.324Z,0,,32.76240539550781,62.15338134765625,32.646484375,100331.15625,32.25001525878906,100437.46875,47.32470703125,100350.15625,18.862659454345703,0,0.010986328125,0.984619140625,-0.030517578125,155379,146810,1.5869140625,0.48828125,-2.197265625,0,0,"0",full
7a09a483-c77d-4a34-9750-25b7aeca6add,c9549b4e-052f-421d-b8f7-e4aa2078007e,2026-04-29T12:51:43.354Z,0,,32.76240539550781,62.15338134765625,32.64317321777344,100388.046875,32.250091552734375,100440.671875,47.324066162109375,100350.140625,18.862659454345703,0,0.034423828125,1.015625,-0.043212890625,155379,146810,0.67138671875,3.5400390625,1.40380859375,0,0,"0",full
7a09a483-c77d-4a34-9750-25b7aeca6add,c9549b4e-052f-421d-b8f7-e4aa2078007e,2026-04-29T12:51:43.382Z,0,,32.76240539550781,54.96649169921875,32.643524169921875,100394.3125,32.248809814453125,100441.09375,47.3228759765625,100350.15625,18.798580169677734,0,0.034423828125,1.015625,-0.043212890625,154427,146219,0.67138671875,3.5400390625,1.40380859375,0,0,"0",full
7a09a483-c77d-4a34-9750-25b7aeca6add,c9549b4e-052f-421d-b8f7-e4aa2078007e,2026-04-29T12:51:43.471Z,0,,32.76240539550781,54.96649169921875,32.643524169921875,100394.3125,32.248809814453125,100441.09375,47.321624755859375,100350.140625,18.798580169677734,0,0.034423828125,1.015625,-0.043212890625,154427,146219,0.67138671875,3.5400390625,1.40380859375,0,0,"0",full
7a09a483-c77d-4a34-9750-25b7aeca6add,c9549b4e-052f-421d-b8f7-e4aa2078007e,2026-04-29T12:51:43.502Z,0,,32.76240539550781,54.96649169921875,32.64122009277344,100419.828125,32.24876403808594,100443.09375,47.31983947753906,100350.140625,18.798580169677734,0,0.0126953125,0.990966796875,-0.0244140625,154427,146219,1.3427734375,-0.3662109375,-0.91552734375,0,0,"0",full
7a09a483-c77d-4a34-9750-25b7aeca6add,c9549b4e-052f-421d-b8f7-e4aa2078007e,2026-04-29T12:51:43.576Z,0,,32.76240539550781,54.96649169921875,32.64122009277344,100419.828125,32.24876403808594,100443.09375,47.317779541015625,100350.125,18.798580169677734,0,0.0126953125,0.990966796875,-0.0244140625,154427,146219,1.3427734375,-0.3662109375,-0.91552734375,0,0,"0",full
7a09a483-c77d-4a34-9750-25b7aeca6add,c9549b4e-052f-421d-b8f7-e4aa2078007e,2026-04-29T12:51:43.636Z,0,,32.76240539550781,54.96649169921875,32.63761901855469,100441.734375,32.25068664550781,100445.109375,47.31575012207031,100350.15625,18.798580169677734,0,0.036376953125,0.999267578125,-0.030029296875,154427,146219,0.48828125,-0.8544921875,1.46484375,0,0,"0",full
7a09a483-c77d-4a34-9750-25b7aeca6add,c9549b4e-052f-421d-b8f7-e4aa2078007e,2026-04-29T12:51:43.651Z,0,,32.751678466796875,49.72509765625,32.63761901855469,100441.734375,32.25068664550781,100445.109375,47.31575012207031,100350.15625,18.83418083190918,0,0.036376953125,0.999267578125,-0.030029296875,156304,147417,0.48828125,-0.8544921875,1.46484375,0,0,"0",full
7a09a483-c77d-4a34-9750-25b7aeca6add,c9549b4e-052f-421d-b8f7-e4aa2078007e,2026-04-29T12:51:43.742Z,0,,32.751678466796875,49.72509765625,32.63761901855469,100441.734375,32.25068664550781,100445.109375,47.31303405761719,100350.09375,18.83418083190918,0,0.036376953125,0.999267578125,-0.030029296875,156304,147417,0.48828125,-0.8544921875,1.46484375,0,0,"0",full
7a09a483-c77d-4a34-9750-25b7aeca6add,c9549b4e-052f-421d-b8f7-e4aa2078007e,2026-04-29T12:51:43.771Z,0,,32.751678466796875,49.72509765625,32.635772705078125,100453.046875,32.24925231933594,100446.109375,47.31303405761719,100350.09375,18.83418083190918,0,0.044921875,1.00634765625,-0.025390625,156304,147417,0,1.64794921875,1.40380859375,0,0,"0",full
7a09a483-c77d-4a34-9750-25b7aeca6add,c9549b4e-052f-421d-b8f7-e4aa2078007e,2026-04-29T12:51:43.863Z,0,,32.751678466796875,49.72509765625,32.635772705078125,100453.046875,32.24925231933594,100446.109375,47.310302734375,100350.078125,18.83418083190918,0,0.044921875,1.00634765625,-0.025390625,156304,147417,0,1.64794921875,1.40380859375,0,0,"0",full
7a09a483-c77d-4a34-9750-25b7aeca6add,c9549b4e-052f-421d-b8f7-e4aa2078007e,2026-04-29T12:51:43.896Z,0,,32.751678466796875,49.72509765625,32.63340759277344,100446.484375,32.24755859375,100446.203125,47.30888366699219,100350.078125,18.83418083190918,0,0.04833984375,0.994140625,-0.01513671875,156304,147417,0.42724609375,0.54931640625,0.1220703125,0,0,"0",full
7a09a483-c77d-4a34-9750-25b7aeca6add,c9549b4e-052f-421d-b8f7-e4aa2078007e,2026-04-29T12:51:43.924Z,0,,32.751678466796875,46.83355712890625,32.63299560546875,100438.640625,32.24737548828125,100445.1875,47.30891418457031,100350.0625,19.213319778442383,0,0.032470703125,0.986083984375,-0.027099609375,156119,147444,0.54931640625,0.54931640625,0.30517578125,0,0,"0",full
7a09a483-c77d-4a34-9750-25b7aeca6add,c9549b4e-052f-421d-b8f7-e4aa2078007e,2026-04-29T12:51:44.014Z,0,,32.751678466796875,46.83355712890625,32.63299560546875,100438.640625,32.24737548828125,100445.1875,47.30682373046875,100350.046875,19.213319778442383,0,0.032470703125,0.986083984375,-0.027099609375,156119,147444,0.54931640625,0.54931640625,0.30517578125,0,0,"0",full
7a09a483-c77d-4a34-9750-25b7aeca6add,c9549b4e-052f-421d-b8f7-e4aa2078007e,2026-04-29T12:51:44.116Z,0,,32.751678466796875,46.83355712890625,32.63299560546875,100438.640625,32.24737548828125,100445.1875,47.30494689941406,100349.984375,19.213319778442383,0,0.032470703125,0.986083984375,-0.027099609375,156119,147444,0.54931640625,0.54931640625,0.30517578125,0,0,"0",full
7a09a483-c77d-4a34-9750-25b7aeca6add,c9549b4e-052f-421d-b8f7-e4aa2078007e,2026-04-29T12:51:44.176Z,0,,32.751678466796875,46.83355712890625,32.63621520996094,100219.515625,32.24946594238281,100434.5625,47.304840087890625,100350,19.213319778442383,0,0.029541015625,1.015625,-0.03857421875,156119,147444,-0.67138671875,-1.15966796875,-3.0517578125,0,0,"0",full
7a09a483-c77d-4a34-9750-25b7aeca6add,c9549b4e-052f-421d-b8f7-e4aa2078007e,2026-04-29T12:51:44.192Z,0,,32.794578552246094,47.27606201171875,32.63621520996094,100219.515625,32.24940490722656,100433.828125,47.304473876953125,100350.046875,19.035320281982422,0,0.029541015625,1.015625,-0.03857421875,152846,145533,-0.67138671875,-1.15966796875,-3.0517578125,0,0,"0",full
7a09a483-c77d-4a34-9750-25b7aeca6add,c9549b4e-052f-421d-b8f7-e4aa2078007e,2026-04-29T12:51:44.283Z,0,,32.794578552246094,47.27606201171875,32.63621520996094,100219.515625,32.24940490722656,100433.828125,47.30253601074219,100350,19.035320281982422,0,0.029541015625,1.015625,-0.03857421875,152846,145533,-0.67138671875,-1.15966796875,-3.0517578125,0,0,"0",full
7a09a483-c77d-4a34-9750-25b7aeca6add,c9549b4e-052f-421d-b8f7-e4aa2078007e,2026-04-29T12:51:44.312Z,0,,32.794578552246094,47.27606201171875,32.63946533203125,100132,32.25193786621094,100430.640625,47.30152893066406,100349.953125,19.035320281982422,0,0.043212890625,1.0078125,-0.046875,152846,145533,-0.91552734375,0.42724609375,-0.48828125,0,0,"0",full
7a09a483-c77d-4a34-9750-25b7aeca6add,c9549b4e-052f-421d-b8f7-e4aa2078007e,2026-04-29T12:51:44.403Z,0,,32.794578552246094,47.27606201171875,32.63946533203125,100132,32.25193786621094,100430.640625,47.29951477050781,100349.875,19.035320281982422,0,0.043212890625,1.0078125,-0.046875,152846,145533,-0.91552734375,0.42724609375,-0.48828125,0,0,"0",full
7a09a483-c77d-4a34-9750-25b7aeca6add,c9549b4e-052f-421d-b8f7-e4aa2078007e,2026-04-29T12:51:44.463Z,0,,32.794578552246094,47.27606201171875,32.64898681640625,100038.921875,32.2552490234375,100426.59375,47.29833984375,100349.875,19.035320281982422,0,0.04345703125,1.013671875,-0.0537109375,152846,145533,-1.64794921875,-0.30517578125,-0.3662109375,0,0,"0",full
7a09a483-c77d-4a34-9750-25b7aeca6add,c9549b4e-052f-421d-b8f7-e4aa2078007e,2026-04-29T12:51:44.477Z,0,,32.84820556640625,56.3779296875,32.64959716796875,100028.609375,32.2552490234375,100426.59375,47.29833984375,100349.875,19.0922794342041,0,0.04345703125,1.013671875,-0.0537109375,150551,144190,-1.64794921875,-0.30517578125,-0.3662109375,0,0,"0",full
7a09a483-c77d-4a34-9750-25b7aeca6add,c9549b4e-052f-421d-b8f7-e4aa2078007e,2026-04-29T12:51:44.554Z,0,,32.84820556640625,56.3779296875,32.64959716796875,100028.609375,32.2552490234375,100426.59375,47.29766845703125,100349.890625,19.0922794342041,0,0.04345703125,1.013671875,-0.0537109375,150551,144190,-1.64794921875,-0.30517578125,-0.3662109375,0,0,"0",full
7a09a483-c77d-4a34-9750-25b7aeca6add,c9549b4e-052f-421d-b8f7-e4aa2078007e,2026-04-29T12:51:44.598Z,0,,32.84820556640625,56.3779296875,32.65074157714844,99994.65625,32.25811767578125,100424.328125,47.29766845703125,100349.890625,19.0922794342041,0,0.029296875,0.9951171875,-0.060791015625,150551,144190,0.42724609375,-0.48828125,-2.44140625,0,0,"0",full
7a09a483-c77d-4a34-9750-25b7aeca6add,c9549b4e-052f-421d-b8f7-e4aa2078007e,2026-04-29T12:51:44.658Z,0,,32.84820556640625,56.3779296875,32.65074157714844,99994.65625,32.25811767578125,100424.328125,47.29438781738281,100349.8125,19.0922794342041,0,0.029296875,0.9951171875,-0.060791015625,150551,144190,0.42724609375,-0.48828125,-2.44140625,0,0,"0",full
7a09a483-c77d-4a34-9750-25b7aeca6add,c9549b4e-052f-421d-b8f7-e4aa2078007e,2026-04-29T12:51:44.733Z,0,,32.84820556640625,56.3779296875,32.657073974609375,99953.421875,32.26048278808594,100422.046875,47.29417419433594,100349.796875,19.0922794342041,0,0.055908203125,0.99609375,-0.05322265625,150551,144190,0.18310546875,-0.1220703125,-1.46484375,0,0,"0",full
7a09a483-c77d-4a34-9750-25b7aeca6add,c9549b4e-052f-421d-b8f7-e4aa2078007e,2026-04-29T12:51:44.839Z,0,,32.869651794433594,63.0460205078125,32.657073974609375,99953.421875,32.260009765625,100421.78125,47.29258728027344,100349.78125,19.149240493774414,0,0.049560546875,1.0009765625,-0.060302734375,163656,152147,0.67138671875,-0.6103515625,-2.38037109375,0,0,"0",full
7a09a483-c77d-4a34-9750-25b7aeca6add,c9549b4e-052f-421d-b8f7-e4aa2078007e,2026-04-29T12:51:44.944Z,0,,32.869651794433594,63.0460205078125,32.657073974609375,99953.421875,32.260009765625,100421.78125,47.289947509765625,100349.71875,19.149240493774414,0,0.049560546875,1.0009765625,-0.060302734375,163656,152147,0.67138671875,-0.6103515625,-2.38037109375,0,0,"0",full
7a09a483-c77d-4a34-9750-25b7aeca6add,c9549b4e-052f-421d-b8f7-e4aa2078007e,2026-04-29T12:51:45.004Z,0,,32.869651794433594,63.0460205078125,32.6591796875,99922.640625,32.26373291015625,100419.15625,47.287322998046875,100349.6875,19.149240493774414,0,0.041748046875,1.005126953125,-0.065185546875,163656,152147,-0.6103515625,0.30517578125,1.3427734375,0,0,"0",full
7a09a483-c77d-4a34-9750-25b7aeca6add,c9549b4e-052f-421d-b8f7-e4aa2078007e,2026-04-29T12:51:45.033Z,0,,32.88037872314453,67.760986328125,32.6591796875,99922.640625,32.26513671875,100418.921875,47.287322998046875,100349.6875,19.063800811767578,0,0.041748046875,1.005126953125,-0.065185546875,161789,150978,-0.6103515625,0.30517578125,1.3427734375,0,0,"0",full
7a09a483-c77d-4a34-9750-25b7aeca6add,c9549b4e-052f-421d-b8f7-e4aa2078007e,2026-04-29T12:51:45.092Z,0,,32.88037872314453,67.760986328125,32.6591796875,99922.640625,32.26513671875,100418.921875,47.28596496582031,100349.703125,19.063800811767578,0,0.041748046875,1.005126953125,-0.065185546875,161789,150978,-0.6103515625,0.30517578125,1.3427734375,0,0,"0",full
7a09a483-c77d-4a34-9750-25b7aeca6add,c9549b4e-052f-421d-b8f7-e4aa2078007e,2026-04-29T12:51:45.138Z,0,,32.88037872314453,67.760986328125,32.662628173828125,99914.21875,32.264617919921875,100417.828125,47.28596496582031,100349.703125,19.063800811767578,0,0.05322265625,1.009765625,-0.054443359375,161789,150978,-0.18310546875,0.30517578125,-0.54931640625,0,0,"0",full
7a09a483-c77d-4a34-9750-25b7aeca6add,c9549b4e-052f-421d-b8f7-e4aa2078007e,2026-04-29T12:51:45.243Z,0,,32.88037872314453,67.760986328125,32.662628173828125,99914.21875,32.264617919921875,100417.828125,47.284820556640625,100349.65625,19.063800811767578,0,0.05322265625,1.009765625,-0.054443359375,161789,150978,-0.18310546875,0.30517578125,-0.54931640625,0,0,"0",full
7a09a483-c77d-4a34-9750-25b7aeca6add,c9549b4e-052f-421d-b8f7-e4aa2078007e,2026-04-29T12:51:45.276Z,0,,32.88037872314453,67.760986328125,32.666748046875,99901.375,32.26570129394531,100416.296875,47.281402587890625,100349.609375,19.063800811767578,0,0.0556640625,1.0068359375,-0.052001953125,161789,150978,0.18310546875,-0.06103515625,-0.42724609375,0,0,"0",full
7a09a483-c77d-4a34-9750-25b7aeca6add,c9549b4e-052f-421d-b8f7-e4aa2078007e,2026-04-29T12:51:45.379Z,0,,32.88037872314453,71.3773193359375,32.666748046875,99901.375,32.26570129394531,100416.296875,47.27850341796875,100349.609375,19.028200149536133,0,0.0556640625,1.0068359375,-0.052001953125,161363,150663,0.18310546875,-0.06103515625,-0.42724609375,0,0,"0",full
7a09a483-c77d-4a34-9750-25b7aeca6add,c9549b4e-052f-421d-b8f7-e4aa2078007e,2026-04-29T12:51:45.408Z,0,,32.88037872314453,71.3773193359375,32.66865539550781,99896.46875,32.26751708984375,100415.25,47.27850341796875,100349.609375,19.028200149536133,0,0.04931640625,1.006591796875,-0.056640625,161363,150663,-0.3662109375,-0.244140625,0.244140625,0,0,"0",full
7a09a483-c77d-4a34-9750-25b7aeca6add,c9549b4e-052f-421d-b8f7-e4aa2078007e,2026-04-29T12:51:45.496Z,0,,32.88037872314453,71.3773193359375,32.66865539550781,99896.46875,32.26751708984375,100415.25,47.277435302734375,100349.5625,19.028200149536133,0,0.04931640625,1.006591796875,-0.056640625,161363,150663,-0.3662109375,-0.244140625,0.244140625,0,0,"0",full
7a09a483-c77d-4a34-9750-25b7aeca6add,c9549b4e-052f-421d-b8f7-e4aa2078007e,2026-04-29T12:51:45.557Z,0,,32.88037872314453,71.3773193359375,32.66950988769531,99895.796875,32.268035888671875,100413.9375,47.27592468261719,100349.5625,19.028200149536133,0,0.051025390625,0.9951171875,-0.05078125,161363,150663,0.8544921875,0.06103515625,0.8544921875,0,0,"0",full
7a09a483-c77d-4a34-9750-25b7aeca6add,c9549b4e-052f-421d-b8f7-e4aa2078007e,2026-04-29T12:51:45.558Z,0,,32.869651794433594,74.5206298828125,32.66950988769531,99895.796875,32.26814270019531,100413.734375,47.27601623535156,100349.578125,18.89113998413086,0,0.04931640625,0.989501953125,-0.048828125,160712,150308,1.15966796875,-0.244140625,0.42724609375,0,0,"0",full
7a09a483-c77d-4a34-9750-25b7aeca6add,c9549b4e-052f-421d-b8f7-e4aa2078007e,2026-04-29T12:51:45.633Z,0,,32.869651794433594,74.5206298828125,32.66950988769531,99895.796875,32.26814270019531,100413.734375,47.27491760253906,100349.5,18.89113998413086,0,0.04931640625,0.989501953125,-0.048828125,160712,150308,1.15966796875,-0.244140625,0.42724609375,0,0,"0",full
7a09a483-c77d-4a34-9750-25b7aeca6add,c9549b4e-052f-421d-b8f7-e4aa2078007e,2026-04-29T12:51:45.664Z,0,,32.869651794433594,74.5206298828125,32.669921875,99903.90625,32.26918029785156,100413.125,47.27455139160156,100349.515625,18.89113998413086,0,0.052978515625,1.0126953125,-0.066162109375,160712,150308,-0.54931640625,0.1220703125,3.173828125,0,0,"0",full
7a09a483-c77d-4a34-9750-25b7aeca6add,c9549b4e-052f-421d-b8f7-e4aa2078007e,2026-04-29T12:51:45.754Z,0,,32.869651794433594,74.5206298828125,32.669921875,99903.90625,32.26918029785156,100413.125,47.27317810058594,100349.5,18.89113998413086,0,0.052978515625,1.0126953125,-0.066162109375,160712,150308,-0.54931640625,0.1220703125,3.173828125,0,0,"0",full
7a09a483-c77d-4a34-9750-25b7aeca6add,c9549b4e-052f-421d-b8f7-e4aa2078007e,2026-04-29T12:51:45.812Z,0,,32.869651794433594,74.5206298828125,32.669189453125,99943.75,32.266754150390625,100412.96875,47.272064208984375,100349.40625,18.89113998413086,0,0.02978515625,1.02392578125,-0.076171875,160712,150308,-0.9765625,0.3662109375,-0.06103515625,0,0,"0",full
7a09a483-c77d-4a34-9750-25b7aeca6add,c9549b4e-052f-421d-b8f7-e4aa2078007e,2026-04-29T12:51:45.842Z,0,,32.869651794433594,76.55767822265625,32.669189453125,99943.75,32.266754150390625,100412.96875,47.272064208984375,100349.40625,18.755859375,0,0.05517578125,1.033203125,-0.064697265625,160419,150070,-1.28173828125,1.28173828125,1.5869140625,0,0,"0",full
7a09a483-c77d-4a34-9750-25b7aeca6add,c9549b4e-052f-421d-b8f7-e4aa2078007e,2026-04-29T12:51:45.919Z,0,,32.869651794433594,76.55767822265625,32.669189453125,99943.75,32.266754150390625,100412.96875,47.27122497558594,100349.3125,18.755859375,0,0.05517578125,1.033203125,-0.064697265625,160419,150070,-1.28173828125,1.28173828125,1.5869140625,0,0,"0",full
7a09a483-c77d-4a34-9750-25b7aeca6add,c9549b4e-052f-421d-b8f7-e4aa2078007e,2026-04-29T12:51:46.023Z,0,,32.869651794433594,76.55767822265625,32.669189453125,99943.75,32.266754150390625,100412.96875,47.26890563964844,100349.296875,18.755859375,0,0.05517578125,1.033203125,-0.064697265625,160419,150070,-1.28173828125,1.28173828125,1.5869140625,0,0,"0",full
7a09a483-c77d-4a34-9750-25b7aeca6add,c9549b4e-052f-421d-b8f7-e4aa2078007e,2026-04-29T12:51:46.083Z,0,,32.869651794433594,76.55767822265625,32.66374206542969,100105.375,32.26182556152344,100417.84375,47.26751708984375,100349.234375,18.755859375,0,0.019775390625,1.005126953125,-0.064453125,160419,150070,1.03759765625,0.9765625,1.0986328125,0,0,"0",full
7a09a483-c77d-4a34-9750-25b7aeca6add,c9549b4e-052f-421d-b8f7-e4aa2078007e,2026-04-29T12:51:46.099Z,0,,32.80530548095703,73.2694091796875,32.66374206542969,100105.375,32.26182556152344,100417.84375,47.267913818359375,100349.203125,18.549381256103516,0,0.019775390625,1.005126953125,-0.064453125,160343,150049,1.03759765625,0.9765625,1.0986328125,0,0,"0",full
7a09a483-c77d-4a34-9750-25b7aeca6add,c9549b4e-052f-421d-b8f7-e4aa2078007e,2026-04-29T12:51:46.205Z,0,,32.80530548095703,73.2694091796875,32.66374206542969,100105.375,32.26182556152344,100417.84375,47.26458740234375,100349.171875,18.549381256103516,0,0.019775390625,1.005126953125,-0.064453125,160343,150049,1.03759765625,0.9765625,1.0986328125,0,0,"0",full
7a09a483-c77d-4a34-9750-25b7aeca6add,c9549b4e-052f-421d-b8f7-e4aa2078007e,2026-04-29T12:51:46.233Z,0,,32.80530548095703,73.2694091796875,32.658172607421875,100183.125,32.25965881347656,100420.375,47.26458740234375,100349.171875,18.549381256103516,0,0.034912109375,1.006591796875,-0.061279296875,160343,150049,0.91552734375,-0.30517578125,-0.48828125,0,0,"0",full
7a09a483-c77d-4a34-9750-25b7aeca6add,c9549b4e-052f-421d-b8f7-e4aa2078007e,2026-04-29T12:51:46.292Z,0,,32.80530548095703,73.2694091796875,32.658172607421875,100183.125,32.25965881347656,100420.375,47.26275634765625,100349.140625,18.549381256103516,0,0.034912109375,1.006591796875,-0.061279296875,160343,150049,0.91552734375,-0.30517578125,-0.48828125,0,0,"0",full
7a09a483-c77d-4a34-9750-25b7aeca6add,c9549b4e-052f-421d-b8f7-e4aa2078007e,2026-04-29T12:51:46.353Z,0,,32.80530548095703,73.2694091796875,32.65348815917969,100272.03125,32.25779724121094,100424,47.26116943359375,100349.078125,18.549381256103516,0,0.02880859375,1.016357421875,-0.061279296875,160343,150049,0.18310546875,1.77001953125,0.8544921875,0,0,"0",full
7a09a483-c77d-4a34-9750-25b7aeca6add,c9549b4e-052f-421d-b8f7-e4aa2078007e,2026-04-29T12:51:46.384Z,0,,32.77312469482422,63.99969482421875,32.652496337890625,100282.8125,32.25718688964844,100424.4375,47.26116943359375,100349.078125,18.435461044311523,0,0.026611328125,1.008544921875,-0.052734375,160075,149850,0.18310546875,1.15966796875,0.6103515625,0,0,"0",full
7a09a483-c77d-4a34-9750-25b7aeca6add,c9549b4e-052f-421d-b8f7-e4aa2078007e,2026-04-29T12:51:46.459Z,0,,32.77312469482422,63.99969482421875,32.652496337890625,100282.8125,32.25718688964844,100424.4375,47.25746154785156,100349.0625,18.435461044311523,0,0.026611328125,1.008544921875,-0.052734375,160075,149850,0.18310546875,1.15966796875,0.6103515625,0,0,"0",full
7a09a483-c77d-4a34-9750-25b7aeca6add,c9549b4e-052f-421d-b8f7-e4aa2078007e,2026-04-29T12:51:46.524Z,0,,32.77312469482422,63.99969482421875,32.64616394042969,100329.671875,32.256927490234375,100426.3125,47.25746154785156,100349.0625,18.435461044311523,0,0.031982421875,1.017333984375,-0.059814453125,160075,149850,0.9765625,-0.8544921875,-0.67138671875,0,0,"0",full
7a09a483-c77d-4a34-9750-25b7aeca6add,c9549b4e-052f-421d-b8f7-e4aa2078007e,2026-04-29T12:51:46.609Z,0,,32.77312469482422,63.99969482421875,32.64616394042969,100329.671875,32.256927490234375,100426.3125,47.25398254394531,100349.078125,18.435461044311523,0,0.031982421875,1.017333984375,-0.059814453125,160075,149850,0.9765625,-0.8544921875,-0.67138671875,0,0,"0",full
7a09a483-c77d-4a34-9750-25b7aeca6add,c9549b4e-052f-421d-b8f7-e4aa2078007e,2026-04-29T12:51:46.651Z,0,,32.77312469482422,63.99969482421875,32.64369201660156,100378.40625,32.25352478027344,100430,47.25299072265625,100349.125,18.435461044311523,0,0.036865234375,1.015625,-0.0693359375,160075,149850,0.18310546875,1.77001953125,0.244140625,0,0,"0",full
7a09a483-c77d-4a34-9750-25b7aeca6add,c9549b4e-052f-421d-b8f7-e4aa2078007e,2026-04-29T12:51:46.652Z,0,,32.751678466796875,56.957763671875,32.64369201660156,100378.40625,32.25352478027344,100430,47.25299072265625,100349.125,18.417659759521484,0,0.036865234375,1.015625,-0.0693359375,159725,149600,0.18310546875,1.77001953125,0.244140625,0,0,"0",full
7a09a483-c77d-4a34-9750-25b7aeca6add,c9549b4e-052f-421d-b8f7-e4aa2078007e,2026-04-29T12:51:46.741Z,0,,32.751678466796875,56.957763671875,32.64369201660156,100378.40625,32.25352478027344,100430,47.25230407714844,100349.140625,18.417659759521484,0,0.036865234375,1.015625,-0.0693359375,159725,149600,0.18310546875,1.77001953125,0.244140625,0,0,"0",full
7a09a483-c77d-4a34-9750-25b7aeca6add,c9549b4e-052f-421d-b8f7-e4aa2078007e,2026-04-29T12:51:46.770Z,0,,32.751678466796875,56.957763671875,32.64093017578125,100401.921875,32.25346374511719,100432.078125,47.25230407714844,100349.140625,18.417659759521484,0,0.02294921875,1.00830078125,-0.06396484375,159725,149600,0,0,0.244140625,0,0,"0",full
7a09a483-c77d-4a34-9750-25b7aeca6add,c9549b4e-052f-421d-b8f7-e4aa2078007e,2026-04-29T12:51:46.834Z,0,,32.751678466796875,56.957763671875,32.64093017578125,100401.921875,32.25346374511719,100432.078125,47.24940490722656,100349.1875,18.417659759521484,0,0.02294921875,1.00830078125,-0.06396484375,159725,149600,0,0,0.244140625,0,0,"0",full
7a09a483-c77d-4a34-9750-25b7aeca6add,c9549b4e-052f-421d-b8f7-e4aa2078007e,2026-04-29T12:51:46.894Z,0,,32.751678466796875,56.957763671875,32.63621520996094,100422.5,32.257965087890625,100434.8125,47.24940490722656,100349.21875,18.417659759521484,0,0.02880859375,1.0009765625,-0.06396484375,159725,149600,0.3662109375,1.953125,0.06103515625,0,0,"0",full
7a09a483-c77d-4a34-9750-25b7aeca6add,c9549b4e-052f-421d-b8f7-e4aa2078007e,2026-04-29T12:51:46.923Z,0,,32.751678466796875,51.77740478515625,32.63603210449219,100424.484375,32.25709533691406,100435.140625,47.249420166015625,100349.1875,18.463939666748047,0,0.02880859375,1.0009765625,-0.06396484375,158882,149037,0.3662109375,1.953125,0.06103515625,0,0,"0",full
7a09a483-c77d-4a34-9750-25b7aeca6add,c9549b4e-052f-421d-b8f7-e4aa2078007e,2026-04-29T12:51:47.014Z,0,,32.751678466796875,51.77740478515625,32.63603210449219,100424.484375,32.25709533691406,100435.140625,47.24542236328125,100349.140625,18.463939666748047,0,0.02880859375,1.0009765625,-0.06396484375,158882,149037,0.3662109375,1.953125,0.06103515625,0,0,"0",full
7a09a483-c77d-4a34-9750-25b7aeca6add,c9549b4e-052f-421d-b8f7-e4aa2078007e,2026-04-29T12:51:47.119Z,0,,32.751678466796875,51.77740478515625,32.63603210449219,100424.484375,32.25709533691406,100435.140625,47.24110412597656,100349.15625,18.463939666748047,0,0.02880859375,1.0009765625,-0.06396484375,158882,149037,0.3662109375,1.953125,0.06103515625,0,0,"0",full
7a09a483-c77d-4a34-9750-25b7aeca6add,c9549b4e-052f-421d-b8f7-e4aa2078007e,2026-04-29T12:51:47.193Z,0,,32.751678466796875,51.77740478515625,32.636138916015625,100445.484375,32.2547607421875,100437.796875,47.238739013671875,100349.140625,18.463939666748047,0,0.0244140625,1.018798828125,-0.05615234375,158882,149037,0.244140625,0.67138671875,1.220703125,0,0,"0",full
7a09a483-c77d-4a34-9750-25b7aeca6add,c9549b4e-052f-421d-b8f7-e4aa2078007e,2026-04-29T12:51:47.284Z,0,,32.74095153808594,48.1229248046875,32.636138916015625,100445.484375,32.254913330078125,100438,47.237579345703125,100349.140625,18.63482093811035,0,0.0244140625,1.006591796875,-0.060791015625,156915,147838,0.30517578125,0.06103515625,0.6103515625,0,0,"0",full
7a09a483-c77d-4a34-9750-25b7aeca6add,c9549b4e-052f-421d-b8f7-e4aa2078007e,2026-04-29T12:51:47.312Z,0,,32.74095153808594,48.1229248046875,32.6339111328125,100450.21875,32.254241943359375,100438.828125,47.237579345703125,100349.140625,18.63482093811035,0,0.0478515625,1.011474609375,-0.050048828125,156915,147838,0.9765625,-0.244140625,-0.9765625,0,0,"0",full
7a09a483-c77d-4a34-9750-25b7aeca6add,c9549b4e-052f-421d-b8f7-e4aa2078007e,2026-04-29T12:51:47.372Z,0,,32.74095153808594,48.1229248046875,32.6339111328125,100450.21875,32.254241943359375,100438.828125,47.23542785644531,100349.109375,18.63482093811035,0,0.0478515625,1.011474609375,-0.050048828125,156915,147838,0.9765625,-0.244140625,-0.9765625,0,0,"0",full
7a09a483-c77d-4a34-9750-25b7aeca6add,c9549b4e-052f-421d-b8f7-e4aa2078007e,2026-04-29T12:51:47.435Z,0,,32.74095153808594,48.1229248046875,32.63240051269531,100384.109375,32.25556945800781,100433.9375,47.23432922363281,100349.140625,18.63482093811035,0,0.037841796875,0.998779296875,-0.04931640625,156915,147838,0.79345703125,-1.52587890625,-1.8310546875,0,0,"0",full
7a09a483-c77d-4a34-9750-25b7aeca6add,c9549b4e-052f-421d-b8f7-e4aa2078007e,2026-04-29T12:51:47.463Z,0,,32.76240539550781,46.1087646484375,32.632049560546875,100367.796875,32.25556945800781,100433.9375,47.23516845703125,100349.140625,18.69178009033203,0,0.037841796875,0.998779296875,-0.04931640625,155314,146834,0.79345703125,-1.52587890625,-1.8310546875,0,0,"0",full
7a09a483-c77d-4a34-9750-25b7aeca6add,c9549b4e-052f-421d-b8f7-e4aa2078007e,2026-04-29T12:51:47.572Z,0,,32.76240539550781,46.1087646484375,32.632049560546875,100367.796875,32.25556945800781,100433.9375,47.23161315917969,100349.15625,18.69178009033203,0,0.037841796875,0.998779296875,-0.04931640625,155314,146834,0.79345703125,-1.52587890625,-1.8310546875,0,0,"0",full
7a09a483-c77d-4a34-9750-25b7aeca6add,c9549b4e-052f-421d-b8f7-e4aa2078007e,2026-04-29T12:51:47.599Z,0,,32.76240539550781,46.1087646484375,32.63505554199219,100274.453125,32.25788879394531,100428.375,47.23161315917969,100349.15625,18.69178009033203,0,0.03076171875,1.0224609375,-0.07568359375,155314,146834,-2.3193359375,0.54931640625,-0.8544921875,0,0,"0",full
7a09a483-c77d-4a34-9750-25b7aeca6add,c9549b4e-052f-421d-b8f7-e4aa2078007e,2026-04-29T12:51:47.675Z,0,,32.76240539550781,46.1087646484375,32.63505554199219,100274.453125,32.25788879394531,100428.375,47.22801208496094,100349.125,18.69178009033203,0,0.03076171875,1.0224609375,-0.07568359375,155314,146834,-2.3193359375,0.54931640625,-0.8544921875,0,0,"0",full
7a09a483-c77d-4a34-9750-25b7aeca6add,c9549b4e-052f-421d-b8f7-e4aa2078007e,2026-04-29T12:51:47.717Z,0,,32.76240539550781,46.1087646484375,32.639495849609375,100156.84375,32.25785827636719,100421.4375,47.22694396972656,100349.0625,18.69178009033203,0,0.0693359375,1.01318359375,-0.055419921875,155314,146834,-0.06103515625,-0.6103515625,-1.89208984375,0,0,"0",full
7a09a483-c77d-4a34-9750-25b7aeca6add,c9549b4e-052f-421d-b8f7-e4aa2078007e,2026-04-29T12:51:47.732Z,0,,32.826751708984375,50.7169189453125,32.639495849609375,100156.84375,32.25785827636719,100420.8125,47.22694396972656,100349.0625,18.805700302124023,0,0.056396484375,1.006103515625,-0.052978515625,140106,136263,0.18310546875,-1.220703125,-2.62451171875,0,0,"0",full
7a09a483-c77d-4a34-9750-25b7aeca6add,c9549b4e-052f-421d-b8f7-e4aa2078007e,2026-04-29T12:51:47.867Z,0,,32.826751708984375,50.7169189453125,32.639495849609375,100156.84375,32.25785827636719,100420.8125,47.223663330078125,100349.015625,18.805700302124023,0,0.056396484375,1.006103515625,-0.052978515625,140106,136263,0.18310546875,-1.220703125,-2.62451171875,0,0,"0",full
7a09a483-c77d-4a34-9750-25b7aeca6add,c9549b4e-052f-421d-b8f7-e4aa2078007e,2026-04-29T12:51:47.941Z,0,,32.826751708984375,50.7169189453125,32.639495849609375,100156.84375,32.25785827636719,100420.8125,47.22264099121094,100349,18.805700302124023,0,0.056396484375,1.006103515625,-0.052978515625,140106,136263,0.18310546875,-1.220703125,-2.62451171875,0,0,"0",full
7a09a483-c77d-4a34-9750-25b7aeca6add,c9549b4e-052f-421d-b8f7-e4aa2078007e,2026-04-29T12:51:47.971Z,0,,32.826751708984375,50.7169189453125,32.65113830566406,100021.234375,32.26445007324219,100416.0625,47.220733642578125,100349.046875,18.805700302124023,0,0.04638671875,1.006591796875,-0.073486328125,140106,136263,-0.79345703125,-0.18310546875,-0.6103515625,0,0,"0",full
7a09a483-c77d-4a34-9750-25b7aeca6add,c9549b4e-052f-421d-b8f7-e4aa2078007e,2026-04-29T12:51:48.001Z,0,,32.858924865722656,59.23895263671875,32.652008056640625,100012.765625,32.264190673828125,100415.875,47.220733642578125,100349.046875,18.919620513916016,0,0.05908203125,1.013671875,-0.06689453125,153152,145536,-0.54931640625,0,-0.06103515625,0,0,"0",full
7a09a483-c77d-4a34-9750-25b7aeca6add,c9549b4e-052f-421d-b8f7-e4aa2078007e,2026-04-29T12:51:48.106Z,0,,32.858924865722656,59.23895263671875,32.652008056640625,100012.765625,32.264190673828125,100415.875,47.217132568359375,100349,18.919620513916016,0,0.05908203125,1.013671875,-0.06689453125,153152,145536,-0.54931640625,0,-0.06103515625,0,0,"0",full
7a09a483-c77d-4a34-9750-25b7aeca6add,c9549b4e-052f-421d-b8f7-e4aa2078007e,2026-04-29T12:51:48.134Z,0,,32.858924865722656,59.23895263671875,32.650909423828125,99976.78125,32.266937255859375,100414.625,47.217132568359375,100349,18.919620513916016,0,0.039306640625,1.01171875,-0.07666015625,153152,145536,-0.54931640625,0.30517578125,0.732421875,0,0,"0",full
7a09a483-c77d-4a34-9750-25b7aeca6add,c9549b4e-052f-421d-b8f7-e4aa2078007e,2026-04-29T12:51:48.196Z,0,,32.858924865722656,59.23895263671875,32.650909423828125,99976.78125,32.266937255859375,100414.625,47.213592529296875,100348.953125,18.919620513916016,0,0.039306640625,1.01171875,-0.07666015625,153152,145536,-0.54931640625,0.30517578125,0.732421875,0,0,"0",full
7a09a483-c77d-4a34-9750-25b7aeca6add,c9549b4e-052f-421d-b8f7-e4aa2078007e,2026-04-29T12:51:48.256Z,0,,32.858924865722656,59.23895263671875,32.65882873535156,99936.4375,32.269683837890625,100413,47.2119140625,100348.921875,18.919620513916016,0,0.051025390625,1.003662109375,-0.080322265625,153152,145536,-0.8544921875,1.0986328125,-1.15966796875,0,0,"0",full
7a09a483-c77d-4a34-9750-25b7aeca6add,c9549b4e-052f-421d-b8f7-e4aa2078007e,2026-04-29T12:51:48.284Z,0,,32.858924865722656,64.91522216796875,32.65882873535156,99936.4375,32.269683837890625,100413,47.21287536621094,100348.890625,18.948101043701172,0,0.051025390625,1.003662109375,-0.080322265625,152257,145001,-0.8544921875,1.0986328125,-1.15966796875,0,0,"0",full
7a09a483-c77d-4a34-9750-25b7aeca6add,c9549b4e-052f-421d-b8f7-e4aa2078007e,2026-04-29T12:51:48.375Z,0,,32.858924865722656,64.91522216796875,32.65882873535156,99936.4375,32.269683837890625,100413,47.20947265625,100348.875,18.948101043701172,0,0.051025390625,1.003662109375,-0.080322265625,152257,145001,-0.8544921875,1.0986328125,-1.15966796875,0,0,"0",full
7a09a483-c77d-4a34-9750-25b7aeca6add,c9549b4e-052f-421d-b8f7-e4aa2078007e,2026-04-29T12:51:48.402Z,0,,32.858924865722656,64.91522216796875,32.66181945800781,99914.046875,32.26947021484375,100411.921875,47.20863342285156,100348.875,18.948101043701172,0,0.044677734375,1.00537109375,-0.073974609375,152257,145001,-0.8544921875,0.67138671875,0.18310546875,0,0,"0",full
7a09a483-c77d-4a34-9750-25b7aeca6add,c9549b4e-052f-421d-b8f7-e4aa2078007e,2026-04-29T12:51:48.481Z,0,,32.858924865722656,64.91522216796875,32.66181945800781,99914.046875,32.26947021484375,100411.921875,47.205718994140625,100348.84375,18.948101043701172,0,0.044677734375,1.00537109375,-0.073974609375,152257,145001,-0.8544921875,0.67138671875,0.18310546875,0,0,"0",full
7a09a483-c77d-4a34-9750-25b7aeca6add,c9549b4e-052f-421d-b8f7-e4aa2078007e,2026-04-29T12:51:48.575Z,0,,32.858924865722656,64.91522216796875,32.664031982421875,99892.9375,32.26902770996094,100410.5625,47.20402526855469,100348.78125,18.948101043701172,0,0.05908203125,1.013916015625,-0.083740234375,152257,145001,-0.3662109375,0.30517578125,1.03759765625,0,0,"0",full
7a09a483-c77d-4a34-9750-25b7aeca6add,c9549b4e-052f-421d-b8f7-e4aa2078007e,2026-04-29T12:51:48.576Z,0,,32.89110565185547,69.38604736328125,32.66438293457031,99890.765625,32.26902770996094,100410.5625,47.20402526855469,100348.78125,18.90715980529785,0,0.057861328125,1.006103515625,-0.078125,152372,144983,-0.18310546875,0.06103515625,0.91552734375,0,0,"0",full
7a09a483-c77d-4a34-9750-25b7aeca6add,c9549b4e-052f-421d-b8f7-e4aa2078007e,2026-04-29T12:51:48.632Z,0,,32.89110565185547,69.38604736328125,32.66438293457031,99890.765625,32.26902770996094,100410.5625,47.20332336425781,100348.828125,18.90715980529785,0,0.057861328125,1.006103515625,-0.078125,152372,144983,-0.18310546875,0.06103515625,0.91552734375,0,0,"0",full
7a09a483-c77d-4a34-9750-25b7aeca6add,c9549b4e-052f-421d-b8f7-e4aa2078007e,2026-04-29T12:51:48.662Z,0,,32.89110565185547,69.38604736328125,32.665252685546875,99883.328125,32.271026611328125,100409.5,47.20332336425781,100348.828125,18.90715980529785,0,0.05517578125,0.998046875,-0.0771484375,152372,144983,-0.18310546875,-1.8310546875,-1.3427734375,0,0,"0",full
7a09a483-c77d-4a34-9750-25b7aeca6add,c9549b4e-052f-421d-b8f7-e4aa2078007e,2026-04-29T12:51:48.736Z,0,,32.89110565185547,69.38604736328125,32.665252685546875,99883.328125,32.271026611328125,100409.5,47.199127197265625,100348.796875,18.90715980529785,0,0.05517578125,0.998046875,-0.0771484375,152372,144983,-0.18310546875,-1.8310546875,-1.3427734375,0,0,"0",full
7a09a483-c77d-4a34-9750-25b7aeca6add,c9549b4e-052f-421d-b8f7-e4aa2078007e,2026-04-29T12:51:48.796Z,0,,32.89110565185547,69.38604736328125,32.66731262207031,99878.828125,32.27215576171875,100407.8125,47.19999694824219,100348.765625,18.90715980529785,0,0.046142578125,1.016845703125,-0.091552734375,152372,144983,-0.42724609375,0.1220703125,0,0,0,"0",full
7a09a483-c77d-4a34-9750-25b7aeca6add,c9549b4e-052f-421d-b8f7-e4aa2078007e,2026-04-29T12:51:48.811Z,0,,32.88037872314453,73.06341552734375,32.66731262207031,99878.828125,32.27223205566406,100407.609375,47.199859619140625,100348.734375,18.83418083190918,0,0.0458984375,1.00341796875,-0.07666015625,138755,135295,-0.06103515625,-0.244140625,-0.67138671875,0,0,"0",full
7a09a483-c77d-4a34-9750-25b7aeca6add,c9549b4e-052f-421d-b8f7-e4aa2078007e,2026-04-29T12:51:48.917Z,0,,32.88037872314453,73.06341552734375,32.66731262207031,99878.828125,32.27223205566406,100407.609375,47.19891357421875,100348.703125,18.83418083190918,0,0.0458984375,1.00341796875,-0.07666015625,138755,135295,-0.06103515625,-0.244140625,-0.67138671875,0,0,"0",full
7a09a483-c77d-4a34-9750-25b7aeca6add,c9549b4e-052f-421d-b8f7-e4aa2078007e,2026-04-29T12:51:49.022Z,0,,32.88037872314453,73.06341552734375,32.66731262207031,99878.828125,32.27223205566406,100407.609375,47.1954345703125,100348.625,18.83418083190918,0,0.0458984375,1.00341796875,-0.07666015625,138755,135295,-0.06103515625,-0.244140625,-0.67138671875,0,0,"0",full
7a09a483-c77d-4a34-9750-25b7aeca6add,c9549b4e-052f-421d-b8f7-e4aa2078007e,2026-04-29T12:51:49.097Z,0,,32.88037872314453,73.06341552734375,32.66886901855469,99873.53125,32.27294921875,100405.171875,47.19447326660156,100348.609375,18.83418083190918,0,0.056396484375,1.002197265625,-0.07568359375,138755,135295,0.54931640625,-0.79345703125,-1.15966796875,0,0,"0",full
7a09a483-c77d-4a34-9750-25b7aeca6add,c9549b4e-052f-421d-b8f7-e4aa2078007e,2026-04-29T12:51:49.171Z,0,,32.88037872314453,75.634521484375,32.66877746582031,99873.296875,32.27294921875,100405.171875,47.19245910644531,100348.5625,18.805700302124023,0,0.056396484375,1.002197265625,-0.07568359375,137820,134733,0.54931640625,-0.79345703125,-1.15966796875,0,0,"0",full
7a09a483-c77d-4a34-9750-25b7aeca6add,c9549b4e-052f-421d-b8f7-e4aa2078007e,2026-04-29T12:51:49.202Z,0,,32.88037872314453,75.634521484375,32.67253112792969,99874.46875,32.27178955078125,100404.40625,47.19151306152344,100348.5625,18.805700302124023,0,0.04443359375,1.0146484375,-0.0908203125,137820,134733,-0.732421875,0.1220703125,3.5400390625,0,0,"0",full
7a09a483-c77d-4a34-9750-25b7aeca6add,c9549b4e-052f-421d-b8f7-e4aa2078007e,2026-04-29T12:51:49.291Z,0,,32.88037872314453,75.634521484375,32.67253112792969,99874.46875,32.27178955078125,100404.40625,47.18763732910156,100348.46875,18.805700302124023,0,0.04443359375,1.0146484375,-0.0908203125,137820,134733,-0.732421875,0.1220703125,3.5400390625,0,0,"0",full
7a09a483-c77d-4a34-9750-25b7aeca6add,c9549b4e-052f-421d-b8f7-e4aa2078007e,2026-04-29T12:51:49.336Z,0,,32.88037872314453,75.634521484375,32.6734619140625,99893.671875,32.27461242675781,100403.75,47.1866455078125,100348.421875,18.805700302124023,0,0.04248046875,1.020263671875,-0.08642578125,137820,134733,2.0751953125,-1.3427734375,3.11279296875,0,0,"0",full
7a09a483-c77d-4a34-9750-25b7aeca6add,c9549b4e-052f-421d-b8f7-e4aa2078007e,2026-04-29T12:51:49.351Z,0,,32.858924865722656,77.740234375,32.6734619140625,99893.671875,32.274017333984375,100403.71875,47.1866455078125,100348.421875,18.606340408325195,0,0.040771484375,1.007080078125,-0.080322265625,136892,134126,2.99072265625,-1.77001953125,1.46484375,0,0,"0",full
7a09a483-c77d-4a34-9750-25b7aeca6add,c9549b4e-052f-421d-b8f7-e4aa2078007e,2026-04-29T12:51:49.456Z,0,,32.858924865722656,77.740234375,32.6734619140625,99893.671875,32.274017333984375,100403.71875,47.18450927734375,100348.296875,18.606340408325195,0,0.040771484375,1.007080078125,-0.080322265625,136892,134126,2.99072265625,-1.77001953125,1.46484375,0,0,"0",full
7a09a483-c77d-4a34-9750-25b7aeca6add,c9549b4e-052f-421d-b8f7-e4aa2078007e,2026-04-29T12:51:49.485Z,0,,32.858924865722656,77.740234375,32.67256164550781,99917.640625,32.2711181640625,100403.65625,47.18450927734375,100348.296875,18.606340408325195,0,0.01904296875,1.015869140625,-0.078857421875,136892,134126,3.96728515625,-4.08935546875,-2.99072265625,0,0,"0",full
7a09a483-c77d-4a34-9750-25b7aeca6add,c9549b4e-052f-421d-b8f7-e4aa2078007e,2026-04-29T12:51:49.584Z,0,,32.858924865722656,77.740234375,32.67256164550781,99917.640625,32.2711181640625,100403.65625,47.181549072265625,100348.1875,18.606340408325195,0,0.01904296875,1.015869140625,-0.078857421875,136892,134126,3.96728515625,-4.08935546875,-2.99072265625,0,0,"0",full
7a09a483-c77d-4a34-9750-25b7aeca6add,c9549b4e-052f-421d-b8f7-e4aa2078007e,2026-04-29T12:51:49.621Z,0,,32.858924865722656,77.740234375,32.66734313964844,99980.34375,32.27156066894531,100405.84375,47.18070983886719,100348.125,18.606340408325195,0,0.062744140625,1.026611328125,-0.059814453125,136892,134126,6.16455078125,1.5869140625,-3.60107421875,0,0,"0",full
7a09a483-c77d-4a34-9750-25b7aeca6add,c9549b4e-052f-421d-b8f7-e4aa2078007e,2026-04-29T12:51:49.636Z,0,,32.81602478027344,77.49609375,32.66734313964844,99980.34375,32.27156066894531,100405.84375,47.178985595703125,100348.09375,18.435461044311523,0,0.062744140625,1.026611328125,-0.059814453125,136297,133730,6.16455078125,1.5869140625,-3.60107421875,0,0,"0",full
7a09a483-c77d-4a34-9750-25b7aeca6add,c9549b4e-052f-421d-b8f7-e4aa2078007e,2026-04-29T12:51:49.774Z,0,,32.81602478027344,77.49609375,32.66734313964844,99980.34375,32.27156066894531,100405.84375,47.177734375,100348.015625,18.435461044311523,0,0.062744140625,1.026611328125,-0.059814453125,136297,133730,6.16455078125,1.5869140625,-3.60107421875,0,0,"0",full
7a09a483-c77d-4a34-9750-25b7aeca6add,c9549b4e-052f-421d-b8f7-e4aa2078007e,2026-04-29T12:51:49.775Z,0,,32.81602478027344,77.49609375,32.665252685546875,100056.3125,32.26983642578125,100408.0625,47.177734375,100348.015625,18.435461044311523,0,0.06201171875,1.00830078125,-0.03564453125,136297,133730,5.79833984375,-1.28173828125,-4.94384765625,0,0,"0",full
7a09a483-c77d-4a34-9750-25b7aeca6add,c9549b4e-052f-421d-b8f7-e4aa2078007e,2026-04-29T12:51:49.848Z,0,,32.81602478027344,77.49609375,32.665252685546875,100056.3125,32.26983642578125,100408.0625,47.17665100097656,100347.875,18.435461044311523,0,0.06201171875,1.00830078125,-0.03564453125,136297,133730,5.79833984375,-1.28173828125,-4.94384765625,0,0,"0",full
7a09a483-c77d-4a34-9750-25b7aeca6add,c9549b4e-052f-421d-b8f7-e4aa2078007e,2026-04-29T12:51:49.893Z,0,,32.81602478027344,77.49609375,32.65827941894531,100178.8125,32.264373779296875,100411.515625,47.1756591796875,100347.875,18.435461044311523,0,0.091552734375,0.98095703125,-0.025146484375,136297,133730,2.5634765625,-4.69970703125,-7.080078125,0,0,"0",full
7a09a483-c77d-4a34-9750-25b7aeca6add,c9549b4e-052f-421d-b8f7-e4aa2078007e,2026-04-29T12:51:49.925Z,0,,32.76240539550781,69.49285888671875,32.65827941894531,100178.8125,32.264373779296875,100411.515625,47.1756591796875,100347.875,18.293060302734375,0,0.091552734375,0.98095703125,-0.025146484375,135823,133396,2.5634765625,-4.69970703125,-7.080078125,0,0,"0",full
7a09a483-c77d-4a34-9750-25b7aeca6add,c9549b4e-052f-421d-b8f7-e4aa2078007e,2026-04-29T12:51:50.014Z,0,,32.76240539550781,69.49285888671875,32.65827941894531,100178.8125,32.264373779296875,100411.515625,47.17390441894531,100347.8125,18.293060302734375,0,0.091552734375,0.98095703125,-0.025146484375,135823,133396,2.5634765625,-4.69970703125,-7.080078125,0,0,"0",full
7a09a483-c77d-4a34-9750-25b7aeca6add,c9549b4e-052f-421d-b8f7-e4aa2078007e,2026-04-29T12:51:50.103Z,0,,32.76240539550781,69.49285888671875,32.65827941894531,100178.8125,32.264373779296875,100411.515625,47.169921875,100347.8125,18.293060302734375,0,0.091552734375,0.98095703125,-0.025146484375,135823,133396,2.5634765625,-4.69970703125,-7.080078125,0,0,"0",full
7a09a483-c77d-4a34-9750-25b7aeca6add,c9549b4e-052f-421d-b8f7-e4aa2078007e,2026-04-29T12:51:50.164Z,0,,32.76240539550781,69.49285888671875,32.645538330078125,100316.703125,32.26171875,100417.71875,47.167236328125,100347.859375,18.293060302734375,0,0.07861328125,0.995361328125,-0.02978515625,135823,133396,-0.8544921875,1.220703125,2.99072265625,0,0,"0",full
7a09a483-c77d-4a34-9750-25b7aeca6add,c9549b4e-052f-421d-b8f7-e4aa2078007e,2026-04-29T12:51:50.191Z,0,,32.74095153808594,61.16156005859375,32.645538330078125,100316.703125,32.2620849609375,100418.21875,47.167236328125,100347.859375,18.20762062072754,0,0.078125,1.000732421875,-0.028076171875,135591,133204,-0.244140625,0.48828125,1.40380859375,0,0,"0",full
7a09a483-c77d-4a34-9750-25b7aeca6add,c9549b4e-052f-421d-b8f7-e4aa2078007e,2026-04-29T12:51:50.283Z,0,,32.74095153808594,61.16156005859375,32.645538330078125,100316.703125,32.2620849609375,100418.21875,47.1656494140625,100347.859375,18.20762062072754,0,0.078125,1.000732421875,-0.028076171875,135591,133204,-0.244140625,0.48828125,1.40380859375,0,0,"0",full
7a09a483-c77d-4a34-9750-25b7aeca6add,c9549b4e-052f-421d-b8f7-e4aa2078007e,2026-04-29T12:51:50.310Z,0,,32.74095153808594,61.16156005859375,32.644195556640625,100353.5,32.25978088378906,100420.203125,47.1656494140625,100347.859375,18.20762062072754,0,0.090087890625,0.99755859375,-0.034423828125,135591,133204,-0.3662109375,-0.3662109375,1.89208984375,0,0,"0",full
7a09a483-c77d-4a34-9750-25b7aeca6add,c9549b4e-052f-421d-b8f7-e4aa2078007e,2026-04-29T12:51:50.373Z,0,,32.74095153808594,61.16156005859375,32.644195556640625,100353.5,32.25978088378906,100420.203125,47.16340637207031,100347.890625,18.20762062072754,0,0.090087890625,0.99755859375,-0.034423828125,135591,133204,-0.3662109375,-0.3662109375,1.89208984375,0,0,"0",full
7a09a483-c77d-4a34-9750-25b7aeca6add,c9549b4e-052f-421d-b8f7-e4aa2078007e,2026-04-29T12:51:50.448Z,0,,32.74095153808594,61.16156005859375,32.64178466796875,100387.015625,32.26127624511719,100423.546875,47.161651611328125,100347.90625,18.20762062072754,0,0.080322265625,1.001220703125,-0.04052734375,135591,133204,-0.732421875,1.40380859375,1.03759765625,0,0,"0",full
7a09a483-c77d-4a34-9750-25b7aeca6add,c9549b4e-052f-421d-b8f7-e4aa2078007e,2026-04-29T12:51:50.475Z,0,,32.74095153808594,55.14959716796875,32.642608642578125,100390.484375,32.26127624511719,100423.546875,47.16053771972656,100347.90625,18.296619415283203,0,0.080322265625,1.001220703125,-0.04052734375,134985,132830,-0.732421875,1.40380859375,1.03759765625,0,0,"0",full
7a09a483-c77d-4a34-9750-25b7aeca6add,c9549b4e-052f-421d-b8f7-e4aa2078007e,2026-04-29T12:51:50.538Z,0,,32.74095153808594,55.14959716796875,32.642608642578125,100390.484375,32.26127624511719,100423.546875,47.159088134765625,100347.96875,18.296619415283203,0,0.080322265625,1.001220703125,-0.04052734375,134985,132830,-0.732421875,1.40380859375,1.03759765625,0,0,"0",full
7a09a483-c77d-4a34-9750-25b7aeca6add,c9549b4e-052f-421d-b8f7-e4aa2078007e,2026-04-29T12:51:50.553Z,0,,32.74095153808594,55.14959716796875,32.63751220703125,100404.796875,32.261444091796875,100425.171875,47.15966796875,100348,18.296619415283203,0,0.08447265625,0.98974609375,-0.022216796875,134985,132830,0,1.0986328125,0.9765625,0,0,"0",full
7a09a483-c77d-4a34-9750-25b7aeca6add,c9549b4e-052f-421d-b8f7-e4aa2078007e,2026-04-29T12:51:50.698Z,0,,32.74095153808594,55.14959716796875,32.63751220703125,100404.796875,32.261444091796875,100425.171875,47.15754699707031,100348.015625,18.296619415283203,0,0.08447265625,0.98974609375,-0.022216796875,134985,132830,0,1.0986328125,0.9765625,0,0,"0",full
7a09a483-c77d-4a34-9750-25b7aeca6add,c9549b4e-052f-421d-b8f7-e4aa2078007e,2026-04-29T12:51:50.722Z,0,,32.74095153808594,55.14959716796875,32.638641357421875,100353.96875,32.26031494140625,100424.25,47.15606689453125,100348,18.296619415283203,0,0.088623046875,0.988525390625,-0.039306640625,134985,132830,-2.5634765625,0.42724609375,-4.69970703125,0,0,"0",full
7a09a483-c77d-4a34-9750-25b7aeca6add,c9549b4e-052f-421d-b8f7-e4aa2078007e,2026-04-29T12:51:50.733Z,0,,32.751678466796875,51.62481689453125,32.63932800292969,100340.828125,32.26080322265625,100423.90625,47.15606689453125,100348,18.32154083251953,0,0.088623046875,0.988525390625,-0.039306640625,134632,132591,-2.5634765625,0.42724609375,-4.69970703125,0,0,"0",full
7a09a483-c77d-4a34-9750-25b7aeca6add,c9549b4e-052f-421d-b8f7-e4aa2078007e,2026-04-29T12:51:50.823Z,0,,32.751678466796875,51.62481689453125,32.63932800292969,100340.828125,32.26080322265625,100423.90625,47.154296875,100347.984375,18.32154083251953,0,0.088623046875,0.988525390625,-0.039306640625,134632,132591,-2.5634765625,0.42724609375,-4.69970703125,0,0,"0",full
7a09a483-c77d-4a34-9750-25b7aeca6add,c9549b4e-052f-421d-b8f7-e4aa2078007e,2026-04-29T12:51:50.914Z,0,,32.751678466796875,51.62481689453125,32.63932800292969,100340.828125,32.26080322265625,100423.90625,47.149993896484375,100347.96875,18.32154083251953,0,0.088623046875,0.988525390625,-0.039306640625,134632,132591,-2.5634765625,0.42724609375,-4.69970703125,0,0,"0",full
7a09a483-c77d-4a34-9750-25b7aeca6add,c9549b4e-052f-421d-b8f7-e4aa2078007e,2026-04-29T12:51:51.018Z,0,,32.751678466796875,51.62481689453125,32.644378662109375,100159.359375,32.2615966796875,100422.03125,47.149261474609375,100347.984375,18.32154083251953,0,0.08642578125,0.99072265625,-0.069580078125,134632,132591,-2.86865234375,0.1220703125,-3.41796875,0,0,"0",full
7a09a483-c77d-4a34-9750-25b7aeca6add,c9549b4e-052f-421d-b8f7-e4aa2078007e,2026-04-29T12:51:51.093Z,0,,32.794578552246094,55.2335205078125,32.64479064941406,100144.640625,32.26177978515625,100421.84375,47.14642333984375,100347.984375,18.435461044311523,0,0.090576171875,1.002685546875,-0.06005859375,134209,132315,-2.74658203125,0.30517578125,-3.173828125,0,0,"0",full
7a09a483-c77d-4a34-9750-25b7aeca6add,c9549b4e-052f-421d-b8f7-e4aa2078007e,2026-04-29T12:51:51.123Z,0,,32.794578552246094,55.2335205078125,32.64942932128906,100080.734375,32.264404296875,100420.734375,47.14642333984375,100347.984375,18.435461044311523,0,0.076171875,1.01123046875,-0.092041015625,134209,132315,-3.23486328125,1.3427734375,0.06103515625,0,0,"0",full
7a09a483-c77d-4a34-9750-25b7aeca6add,c9549b4e-052f-421d-b8f7-e4aa2078007e,2026-04-29T12:51:51.199Z,0,,32.794578552246094,55.2335205078125,32.64942932128906,100080.734375,32.264404296875,100420.734375,47.14434814453125,100348.078125,18.435461044311523,0,0.076171875,1.01123046875,-0.092041015625,134209,132315,-3.23486328125,1.3427734375,0.06103515625,0,0,"0",full
7a09a483-c77d-4a34-9750-25b7aeca6add,c9549b4e-052f-421d-b8f7-e4aa2078007e,2026-04-29T12:51:51.258Z,0,,32.794578552246094,55.2335205078125,32.65391540527344,100014.140625,32.26324462890625,100418.921875,47.143524169921875,100348.0625,18.435461044311523,0,0.079345703125,1.00439453125,-0.0751953125,134209,132315,-1.0986328125,-0.30517578125,0.54931640625,0,0,"0",full
7a09a483-c77d-4a34-9750-25b7aeca6add,c9549b4e-052f-421d-b8f7-e4aa2078007e,2026-04-29T12:51:51.299Z,0,,32.83747863769531,61.90924072265625,32.65391540527344,100014.140625,32.26324462890625,100418.921875,47.143524169921875,100348.0625,18.549381256103516,0,0.079345703125,1.00439453125,-0.0751953125,133853,132036,-1.0986328125,-0.30517578125,0.54931640625,0,0,"0",full
7a09a483-c77d-4a34-9750-25b7aeca6add,c9549b4e-052f-421d-b8f7-e4aa2078007e,2026-04-29T12:51:51.364Z,0,,32.83747863769531,61.90924072265625,32.65391540527344,100014.140625,32.26324462890625,100418.921875,47.14140319824219,100348.078125,18.549381256103516,0,0.079345703125,1.00439453125,-0.0751953125,133853,132036,-1.0986328125,-0.30517578125,0.54931640625,0,0,"0",full
7a09a483-c77d-4a34-9750-25b7aeca6add,c9549b4e-052f-421d-b8f7-e4aa2078007e,2026-04-29T12:51:51.390Z,0,,32.83747863769531,61.90924072265625,32.65544128417969,99982.203125,32.26393127441406,100417.65625,47.14140319824219,100348.078125,18.549381256103516,0,0.07666015625,1.010009765625,-0.082763671875,133853,132036,-1.28173828125,0.06103515625,-0.1220703125,0,0,"0",full
7a09a483-c77d-4a34-9750-25b7aeca6add,c9549b4e-052f-421d-b8f7-e4aa2078007e,2026-04-29T12:51:51.483Z,0,,32.83747863769531,61.90924072265625,32.65544128417969,99982.203125,32.26393127441406,100417.65625,47.139678955078125,100348.09375,18.549381256103516,0,0.07666015625,1.010009765625,-0.082763671875,133853,132036,-1.28173828125,0.06103515625,-0.1220703125,0,0,"0",full
7a09a483-c77d-4a34-9750-25b7aeca6add,c9549b4e-052f-421d-b8f7-e4aa2078007e,2026-04-29T12:51:51.514Z,0,,32.83747863769531,61.90924072265625,32.659393310546875,99951.921875,32.26533508300781,100416.03125,47.13706970214844,100348.09375,18.549381256103516,0,0.08203125,1.006591796875,-0.0849609375,133853,132036,-0.42724609375,0.6103515625,0.79345703125,0,0,"0",full
7a09a483-c77d-4a34-9750-25b7aeca6add,c9549b4e-052f-421d-b8f7-e4aa2078007e,2026-04-29T12:51:51.544Z,0,,32.858924865722656,66.94464111328125,32.65812683105469,99948.703125,32.26533508300781,100416.03125,47.13706970214844,100348.09375,18.57785987854004,0,0.08203125,1.006591796875,-0.0849609375,133518,131826,-0.42724609375,0.6103515625,0.79345703125,0,0,"0",full
7a09a483-c77d-4a34-9750-25b7aeca6add,c9549b4e-052f-421d-b8f7-e4aa2078007e,2026-04-29T12:51:51.633Z,0,,32.858924865722656,66.94464111328125,32.65812683105469,99948.703125,32.26533508300781,100416.03125,47.13720703125,100348.078125,18.57785987854004,0,0.08203125,1.006591796875,-0.0849609375,133518,131826,-0.42724609375,0.6103515625,0.79345703125,0,0,"0",full
7a09a483-c77d-4a34-9750-25b7aeca6add,c9549b4e-052f-421d-b8f7-e4aa2078007e,2026-04-29T12:51:51.663Z,0,,32.858924865722656,66.94464111328125,32.6593017578125,99935.359375,32.267730712890625,100414.90625,47.13720703125,100348.078125,18.57785987854004,0,0.088134765625,0.991455078125,-0.07763671875,133518,131826,0.732421875,-0.30517578125,-0.1220703125,0,0,"0",full
7a09a483-c77d-4a34-9750-25b7aeca6add,c9549b4e-052f-421d-b8f7-e4aa2078007e,2026-04-29T12:51:51.765Z,0,,32.858924865722656,66.94464111328125,32.6593017578125,99935.359375,32.267730712890625,100414.90625,47.13414001464844,100348.015625,18.57785987854004,0,0.088134765625,0.991455078125,-0.07763671875,133518,131826,0.732421875,-0.30517578125,-0.1220703125,0,0,"0",full
7a09a483-c77d-4a34-9750-25b7aeca6add,c9549b4e-052f-421d-b8f7-e4aa2078007e,2026-04-29T12:51:51.806Z,0,,32.858924865722656,66.94464111328125,32.660675048828125,99923.5,32.26715087890625,100413.578125,47.13331604003906,100348.046875,18.57785987854004,0,0.088134765625,1.00390625,-0.0703125,133518,131826,0.6103515625,0.244140625,-0.244140625,0,0,"0",full
7a09a483-c77d-4a34-9750-25b7aeca6add,c9549b4e-052f-421d-b8f7-e4aa2078007e,2026-04-29T12:51:51.812Z,0,,32.858924865722656,70.5838623046875,32.660675048828125,99923.5,32.26788330078125,100413.390625,47.133056640625,100348.046875,18.57785987854004,0,0.094482421875,0.991455078125,-0.0673828125,128119,127960,0.732421875,0,-0.244140625,0,0,"0",full
7a09a483-c77d-4a34-9750-25b7aeca6add,c9549b4e-052f-421d-b8f7-e4aa2078007e,2026-04-29T12:51:51.918Z,0,,32.858924865722656,70.5838623046875,32.660675048828125,99923.5,32.26788330078125,100413.390625,47.13163757324219,100348.078125,18.57785987854004,0,0.094482421875,0.991455078125,-0.0673828125,128119,127960,0.732421875,0,-0.244140625,0,0,"0",full
7a09a483-c77d-4a34-9750-25b7aeca6add,c9549b4e-052f-421d-b8f7-e4aa2078007e,2026-04-29T12:51:52.024Z,0,,32.858924865722656,70.5838623046875,32.660675048828125,99923.5,32.26788330078125,100413.390625,47.12797546386719,100348.09375,18.57785987854004,0,0.094482421875,0.991455078125,-0.0673828125,128119,127960,0.732421875,0,-0.244140625,0,0,"0",full
7a09a483-c77d-4a34-9750-25b7aeca6add,c9549b4e-052f-421d-b8f7-e4aa2078007e,2026-04-29T12:51:52.082Z,0,,32.858924865722656,70.5838623046875,32.66276550292969,99912.515625,32.269744873046875,100411.3125,47.12605285644531,100348.078125,18.57785987854004,0,0.07958984375,1.011474609375,-0.080078125,128119,127960,-0.30517578125,0.42724609375,1.64794921875,0,0,"0",full
7a09a483-c77d-4a34-9750-25b7aeca6add,c9549b4e-052f-421d-b8f7-e4aa2078007e,2026-04-29T12:51:52.098Z,0,,32.858924865722656,73.2694091796875,32.662872314453125,99911.75,32.269744873046875,100411.3125,47.12605285644531,100348.078125,18.52090072631836,0,0.07958984375,1.011474609375,-0.080078125,133032,131531,-0.30517578125,0.42724609375,1.64794921875,0,0,"0",full
7a09a483-c77d-4a34-9750-25b7aeca6add,c9549b4e-052f-421d-b8f7-e4aa2078007e,2026-04-29T12:51:52.173Z,0,,32.858924865722656,73.2694091796875,32.662872314453125,99911.75,32.269744873046875,100411.3125,47.12518310546875,100348.046875,18.52090072631836,0,0.07958984375,1.011474609375,-0.080078125,133032,131531,-0.30517578125,0.42724609375,1.64794921875,0,0,"0",full
7a09a483-c77d-4a34-9750-25b7aeca6add,c9549b4e-052f-421d-b8f7-e4aa2078007e,2026-04-29T12:51:52.206Z,0,,32.858924865722656,73.2694091796875,32.66355895996094,99908.671875,32.27381896972656,100410.5625,47.12518310546875,100348.046875,18.52090072631836,0,0.081787109375,1.004638671875,-0.0869140625,133032,131531,1.15966796875,0.42724609375,-0.42724609375,0,0,"0",full
7a09a483-c77d-4a34-9750-25b7aeca6add,c9549b4e-052f-421d-b8f7-e4aa2078007e,2026-04-29T12:51:52.278Z,0,,32.858924865722656,73.2694091796875,32.66355895996094,99908.671875,32.27381896972656,100410.5625,47.12330627441406,100348.03125,18.52090072631836,0,0.081787109375,1.004638671875,-0.0869140625,133032,131531,1.15966796875,0.42724609375,-0.42724609375,0,0,"0",full
7a09a483-c77d-4a34-9750-25b7aeca6add,c9549b4e-052f-421d-b8f7-e4aa2078007e,2026-04-29T12:51:52.352Z,0,,32.858924865722656,73.2694091796875,32.6668701171875,99908.609375,32.27435302734375,100409.875,47.12255859375,100347.984375,18.52090072631836,0,0.073486328125,1.020751953125,-0.10009765625,133032,131531,-1.708984375,0.30517578125,3.35693359375,0,0,"0",full
7a09a483-c77d-4a34-9750-25b7aeca6add,c9549b4e-052f-421d-b8f7-e4aa2078007e,2026-04-29T12:51:52.459Z,0,,32.858924865722656,75.44378662109375,32.6668701171875,99908.609375,32.27435302734375,100409.875,47.12065124511719,100347.96875,18.57785987854004,0,0.073486328125,1.020751953125,-0.10009765625,132649,131282,-1.708984375,0.30517578125,3.35693359375,0,0,"0",full
7a09a483-c77d-4a34-9750-25b7aeca6add,c9549b4e-052f-421d-b8f7-e4aa2078007e,2026-04-29T12:51:52.488Z,0,,32.858924865722656,75.44378662109375,32.66716003417969,99919.78125,32.272796630859375,100410.109375,47.12065124511719,100347.96875,18.57785987854004,0,0.078125,1.025634765625,-0.0869140625,132649,131282,1.64794921875,-1.953125,1.46484375,0,0,"0",full
7a09a483-c77d-4a34-9750-25b7aeca6add,c9549b4e-052f-421d-b8f7-e4aa2078007e,2026-04-29T12:51:52.564Z,0,,32.858924865722656,75.44378662109375,32.66716003417969,99919.78125,32.272796630859375,100410.109375,47.11968994140625,100347.96875,18.57785987854004,0,0.078125,1.025634765625,-0.0869140625,132649,131282,1.64794921875,-1.953125,1.46484375,0,0,"0",full
7a09a483-c77d-4a34-9750-25b7aeca6add,c9549b4e-052f-421d-b8f7-e4aa2078007e,2026-04-29T12:51:52.623Z,0,,32.858924865722656,75.44378662109375,32.66615295410156,99959.078125,32.27366638183594,100412.46875,47.118927001953125,100347.9375,18.57785987854004,0,0.0693359375,0.99658203125,-0.065673828125,132649,131282,0.42724609375,1.708984375,7.9345703125,0,0,"0",full
7a09a483-c77d-4a34-9750-25b7aeca6add,c9549b4e-052f-421d-b8f7-e4aa2078007e,2026-04-29T12:51:52.637Z,0,,32.83747863769531,76.71026611328125,32.666107177734375,99970.234375,32.272735595703125,100413.078125,47.117828369140625,100347.921875,18.350019454956055,0,0.0517578125,0.99658203125,-0.080322265625,132482,131156,0.1220703125,2.50244140625,8.30078125,0,0,"0",full
7a09a483-c77d-4a34-9750-25b7aeca6add,c9549b4e-052f-421d-b8f7-e4aa2078007e,2026-04-29T12:51:52.714Z,0,,32.83747863769531,76.71026611328125,32.666107177734375,99970.234375,32.272735595703125,100413.078125,47.11552429199219,100347.859375,18.350019454956055,0,0.0517578125,0.99658203125,-0.080322265625,132482,131156,0.1220703125,2.50244140625,8.30078125,0,0,"0",full
7a09a483-c77d-4a34-9750-25b7aeca6add,c9549b4e-052f-421d-b8f7-e4aa2078007e,2026-04-29T12:51:52.773Z,0,,32.83747863769531,76.71026611328125,32.66168212890625,100042.671875,32.2706298828125,100416.375,47.11503601074219,100347.875,18.350019454956055,0,0.061279296875,1.019287109375,-0.088623046875,132482,131156,0,3.0517578125,7.6904296875,0,0,"0",full
7a09a483-c77d-4a34-9750-25b7aeca6add,c9549b4e-052f-421d-b8f7-e4aa2078007e,2026-04-29T12:51:52.833Z,0,,32.83747863769531,76.71026611328125,32.66168212890625,100042.671875,32.2706298828125,100416.375,47.11283874511719,100347.8125,18.350019454956055,0,0.061279296875,1.019287109375,-0.088623046875,132482,131156,0,3.0517578125,7.6904296875,0,0,"0",full
7a09a483-c77d-4a34-9750-25b7aeca6add,c9549b4e-052f-421d-b8f7-e4aa2078007e,2026-04-29T12:51:52.878Z,0,,32.83747863769531,76.71026611328125,32.65568542480469,100153.75,32.26872253417969,100420.59375,47.111328125,100347.796875,18.350019454956055,0,0.065673828125,1.013427734375,-0.072021484375,132482,131156,2.86865234375,-1.89208984375,-0.1220703125,0,0,"0",full
7a09a483-c77d-4a34-9750-25b7aeca6add,c9549b4e-052f-421d-b8f7-e4aa2078007e,2026-04-29T12:51:52.893Z,0,,32.77312469482422,70.36260986328125,32.65568542480469,100153.75,32.26872253417969,100420.59375,47.111328125,100347.796875,18.236101150512695,0,0.065673828125,1.013427734375,-0.072021484375,128325,128066,2.86865234375,-1.89208984375,-0.1220703125,0,0,"0",full
7a09a483-c77d-4a34-9750-25b7aeca6add,c9549b4e-052f-421d-b8f7-e4aa2078007e,2026-04-29T12:51:53.029Z,0,,32.77312469482422,70.36260986328125,32.65568542480469,100153.75,32.26872253417969,100420.59375,47.108612060546875,100347.8125,18.236101150512695,0,0.065673828125,1.013427734375,-0.072021484375,128325,128066,2.86865234375,-1.89208984375,-0.1220703125,0,0,"0",full
7a09a483-c77d-4a34-9750-25b7aeca6add,c9549b4e-052f-421d-b8f7-e4aa2078007e,2026-04-29T12:51:53.103Z,0,,32.77312469482422,70.36260986328125,32.65568542480469,100153.75,32.26872253417969,100420.59375,47.106353759765625,100347.8125,18.236101150512695,0,0.065673828125,1.013427734375,-0.072021484375,128325,128066,2.86865234375,-1.89208984375,-0.1220703125,0,0,"0",full
7a09a483-c77d-4a34-9750-25b7aeca6add,c9549b4e-052f-421d-b8f7-e4aa2078007e,2026-04-29T12:51:53.164Z,0,,32.77312469482422,70.36260986328125,32.64985656738281,100292.234375,32.26313781738281,100427.15625,47.10772705078125,100347.8125,18.236101150512695,0,0.05419921875,0.987060546875,-0.050048828125,128325,128066,2.01416015625,-0.3662109375,-1.220703125,0,0,"0",full
7a09a483-c77d-4a34-9750-25b7aeca6add,c9549b4e-052f-421d-b8f7-e4aa2078007e,2026-04-29T12:51:53.189Z,0,,32.751678466796875,61.657470703125,32.64897155761719,100300.484375,32.26271057128906,100427.609375,47.106689453125,100347.828125,18.20762062072754,0,0.051025390625,0.986083984375,-0.052490234375,128376,128097,2.197265625,-0.42724609375,-1.89208984375,0,0,"0",full
7a09a483-c77d-4a34-9750-25b7aeca6add,c9549b4e-052f-421d-b8f7-e4aa2078007e,2026-04-29T12:51:53.252Z,0,,32.751678466796875,61.657470703125,32.64897155761719,100300.484375,32.26271057128906,100427.609375,47.103729248046875,100347.828125,18.20762062072754,0,0.051025390625,0.986083984375,-0.052490234375,128376,128097,2.197265625,-0.42724609375,-1.89208984375,0,0,"0",full
7a09a483-c77d-4a34-9750-25b7aeca6add,c9549b4e-052f-421d-b8f7-e4aa2078007e,2026-04-29T12:51:53.284Z,0,,32.751678466796875,61.657470703125,32.64653015136719,100329.03125,32.262939453125,100429.28125,47.103729248046875,100347.828125,18.20762062072754,0,0.049560546875,1.009521484375,-0.062744140625,128376,128097,-0.244140625,2.01416015625,2.685546875,0,0,"0",full
7a09a483-c77d-4a34-9750-25b7aeca6add,c9549b4e-052f-421d-b8f7-e4aa2078007e,2026-04-29T12:51:53.374Z,0,,32.751678466796875,61.657470703125,32.64653015136719,100329.03125,32.262939453125,100429.28125,47.099395751953125,100347.875,18.20762062072754,0,0.049560546875,1.009521484375,-0.062744140625,128376,128097,-0.244140625,2.01416015625,2.685546875,0,0,"0",full
7a09a483-c77d-4a34-9750-25b7aeca6add,c9549b4e-052f-421d-b8f7-e4aa2078007e,2026-04-29T12:51:53.433Z,0,,32.751678466796875,61.657470703125,32.64418029785156,100369.6875,32.26295471191406,100432.421875,47.097900390625,100347.890625,18.20762062072754,0,0.042236328125,1.003173828125,-0.05029296875,128376,128097,0.732421875,-0.30517578125,-0.91552734375,0,0,"0",full
7a09a483-c77d-4a34-9750-25b7aeca6add,c9549b4e-052f-421d-b8f7-e4aa2078007e,2026-04-29T12:51:53.477Z,0,,32.751678466796875,55.51580810546875,32.64418029785156,100369.6875,32.26295471191406,100432.421875,47.097900390625,100347.890625,18.236101150512695,0,0.043701171875,1.0009765625,-0.052490234375,128436,128144,0.42724609375,0,-0.3662109375,0,0,"0",full
7a09a483-c77d-4a34-9750-25b7aeca6add,c9549b4e-052f-421d-b8f7-e4aa2078007e,2026-04-29T12:51:53.552Z,0,,32.751678466796875,55.51580810546875,32.64418029785156,100369.6875,32.26295471191406,100432.421875,47.096405029296875,100347.875,18.236101150512695,0,0.043701171875,1.0009765625,-0.052490234375,128436,128144,0.42724609375,0,-0.3662109375,0,0,"0",full
7a09a483-c77d-4a34-9750-25b7aeca6add,c9549b4e-052f-421d-b8f7-e4aa2078007e,2026-04-29T12:51:53.553Z,0,,32.751678466796875,55.51580810546875,32.63981628417969,100389.75,32.263092041015625,100433.546875,47.096405029296875,100347.875,18.236101150512695,0,0.053955078125,1.019287109375,-0.05810546875,128436,128144,-0.67138671875,0.6103515625,2.50244140625,0,0,"0",full
7a09a483-c77d-4a34-9750-25b7aeca6add,c9549b4e-052f-421d-b8f7-e4aa2078007e,2026-04-29T12:51:53.645Z,0,,32.751678466796875,55.51580810546875,32.63981628417969,100389.75,32.263092041015625,100433.546875,47.09149169921875,100347.890625,18.236101150512695,0,0.053955078125,1.019287109375,-0.05810546875,128436,128144,-0.67138671875,0.6103515625,2.50244140625,0,0,"0",full
7a09a483-c77d-4a34-9750-25b7aeca6add,c9549b4e-052f-421d-b8f7-e4aa2078007e,2026-04-29T12:51:53.711Z,0,,32.751678466796875,55.51580810546875,32.63691711425781,100363.03125,32.26304626464844,100431.28125,47.09112548828125,100347.890625,18.236101150512695,0,0.01904296875,1.002197265625,-0.072265625,128436,128144,-0.244140625,-1.03759765625,-3.72314453125,0,0,"0",full
7a09a483-c77d-4a34-9750-25b7aeca6add,c9549b4e-052f-421d-b8f7-e4aa2078007e,2026-04-29T12:51:53.739Z,0,,32.751678466796875,51.43408203125,32.63636779785156,100352.046875,32.26304626464844,100431.28125,47.091278076171875,100347.890625,18.32154083251953,0,0.01904296875,1.002197265625,-0.072265625,128564,128237,-0.244140625,-1.03759765625,-3.72314453125,0,0,"0",full
7a09a483-c77d-4a34-9750-25b7aeca6add,c9549b4e-052f-421d-b8f7-e4aa2078007e,2026-04-29T12:51:53.857Z,47,,32.751678466796875,51.43408203125,32.63636779785156,100352.046875,32.26304626464844,100431.28125,47.090667724609375,100347.953125,18.32154083251953,0,0.01904296875,1.002197265625,-0.072265625,128564,128237,-0.244140625,-1.03759765625,-3.72314453125,97,0,"0",full
7a09a483-c77d-4a34-9750-25b7aeca6add,c9549b4e-052f-421d-b8f7-e4aa2078007e,2026-04-29T12:51:53.913Z,47,,32.751678466796875,51.43408203125,32.63636779785156,100352.046875,32.26304626464844,100431.28125,47.089263916015625,100347.9375,18.32154083251953,0,0.01904296875,1.002197265625,-0.072265625,128564,128237,-0.244140625,-1.03759765625,-3.72314453125,97,0,"0",full
7a09a483-c77d-4a34-9750-25b7aeca6add,c9549b4e-052f-421d-b8f7-e4aa2078007e,2026-04-29T12:51:53.973Z,47,,32.751678466796875,51.43408203125,32.640045166015625,100170.859375,32.263519287109375,100427.625,47.08740234375,100347.90625,18.32154083251953,0,0.064453125,1.02294921875,-0.06982421875,128564,128237,-2.13623046875,-0.1220703125,0.48828125,97,0,"0",full
7a09a483-c77d-4a34-9750-25b7aeca6add,c9549b4e-052f-421d-b8f7-e4aa2078007e,2026-04-29T12:51:54.004Z,47,,32.783851623535156,54.05859375,32.640045166015625,100170.859375,32.263519287109375,100427.1875,47.08763122558594,100347.890625,18.463939666748047,0,0.08154296875,1.000732421875,-0.056884765625,129119,128579,-1.5869140625,-0.06103515625,0.06103515625,97,0,"0",full
7a09a483-c77d-4a34-9750-25b7aeca6add,c9549b4e-052f-421d-b8f7-e4aa2078007e,2026-04-29T12:51:54.080Z,47,,32.783851623535156,54.05859375,32.640045166015625,100170.859375,32.263519287109375,100427.1875,47.086090087890625,100347.984375,18.463939666748047,0,0.08154296875,1.000732421875,-0.056884765625,129119,128579,-1.5869140625,-0.06103515625,0.06103515625,97,0,"0",full
7a09a483-c77d-4a34-9750-25b7aeca6add,c9549b4e-052f-421d-b8f7-e4aa2078007e,2026-04-29T12:51:54.106Z,47,,32.783851623535156,54.05859375,32.645416259765625,100103.28125,32.2659912109375,100425.15625,47.08613586425781,100347.984375,18.463939666748047,0,0.076171875,1.001220703125,-0.086669921875,129119,128579,-1.28173828125,-1.5869140625,-5.2490234375,97,0,"0",full
7a09a483-c77d-4a34-9750-25b7aeca6add,c9549b4e-052f-421d-b8f7-e4aa2078007e,2026-04-29T12:51:54.198Z,47,,32.783851623535156,54.05859375,32.645416259765625,100103.28125,32.2659912109375,100425.15625,47.08280944824219,100347.984375,18.463939666748047,0,0.076171875,1.001220703125,-0.086669921875,129119,128579,-1.28173828125,-1.5869140625,-5.2490234375,97,0,"0",full
7a09a483-c77d-4a34-9750-25b7aeca6add,c9549b4e-052f-421d-b8f7-e4aa2078007e,2026-04-29T12:51:54.274Z,47,,32.783851623535156,54.05859375,32.64903259277344,100032.890625,32.265533447265625,100421.640625,47.0814208984375,100348,18.463939666748047,0,0.077392578125,1.008056640625,-0.08251953125,129119,128579,-1.40380859375,0.91552734375,0.18310546875,97,0,"0",full
7a09a483-c77d-4a34-9750-25b7aeca6add,c9549b4e-052f-421d-b8f7-e4aa2078007e,2026-04-29T12:51:54.384Z,47,,32.83747863769531,60.65802001953125,32.649932861328125,100025.046875,32.265533447265625,100421.640625,47.07820129394531,100348,18.63482093811035,0,0.078125,1.004150390625,-0.08203125,129913,129129,-1.03759765625,0.48828125,0.30517578125,97,0,"0",full
7a09a483-c77d-4a34-9750-25b7aeca6add,c9549b4e-052f-421d-b8f7-e4aa2078007e,2026-04-29T12:51:54.453Z,47,,32.83747863769531,60.65802001953125,32.651885986328125,99997.109375,32.271026611328125,100420,47.07542419433594,100347.96875,18.63482093811035,0,0.065673828125,1.006591796875,-0.110595703125,129913,129129,-0.54931640625,-2.25830078125,-1.708984375,97,0,"0",full
7a09a483-c77d-4a34-9750-25b7aeca6add,c9549b4e-052f-421d-b8f7-e4aa2078007e,2026-04-29T12:51:54.513Z,47,,32.83747863769531,60.65802001953125,32.65472412109375,99951.703125,32.27168273925781,100418.15625,47.07374572753906,100347.953125,18.63482093811035,0,0.083984375,1.0146484375,-0.089599609375,129913,129129,-0.18310546875,0.48828125,0.732421875,97,0,"0",full
7a09a483-c77d-4a34-9750-25b7aeca6add,c9549b4e-052f-421d-b8f7-e4aa2078007e,2026-04-29T12:51:54.544Z,47,,32.869651794433594,65.69342041015625,32.65472412109375,99951.703125,32.27168273925781,100418.15625,47.072845458984375,100347.96875,18.606340408325195,0,0.083984375,1.0146484375,-0.089599609375,129971,129206,-0.18310546875,0.48828125,0.732421875,97,0,"0",full
7a09a483-c77d-4a34-9750-25b7aeca6add,c9549b4e-052f-421d-b8f7-e4aa2078007e,2026-04-29T12:51:54.631Z,47,,32.869651794433594,65.69342041015625,32.65472412109375,99951.703125,32.27168273925781,100418.15625,47.07106018066406,100347.984375,18.606340408325195,0,0.083984375,1.0146484375,-0.089599609375,129971,129206,-0.18310546875,0.48828125,0.732421875,97,0,"0",full
7a09a483-c77d-4a34-9750-25b7aeca6add,c9549b4e-052f-421d-b8f7-e4aa2078007e,2026-04-29T12:51:54.662Z,47,,32.869651794433594,65.69342041015625,32.65763854980469,99932.0625,32.27276611328125,100417.171875,47.07106018066406,100347.984375,18.606340408325195,0,0.0830078125,0.99560546875,-0.0869140625,129971,129206,-0.67138671875,0,0.3662109375,97,0,"0",full
7a09a483-c77d-4a34-9750-25b7aeca6add,c9549b4e-052f-421d-b8f7-e4aa2078007e,2026-04-29T12:51:54.736Z,47,,32.869651794433594,65.69342041015625,32.65763854980469,99932.0625,32.27276611328125,100417.171875,47.07038879394531,100348.046875,18.606340408325195,0,0.0830078125,0.99560546875,-0.0869140625,129971,129206,-0.67138671875,0,0.3662109375,97,0,"0",full
7a09a483-c77d-4a34-9750-25b7aeca6add,c9549b4e-052f-421d-b8f7-e4aa2078007e,2026-04-29T12:51:54.795Z,47,,32.869651794433594,65.69342041015625,32.660675048828125,99915.578125,32.2718505859375,100415.375,47.07110595703125,100348.0625,18.606340408325195,0,0.072021484375,1.01611328125,-0.107421875,129971,129206,-0.48828125,1.28173828125,0.732421875,97,0,"0",full
7a09a483-c77d-4a34-9750-25b7aeca6add,c9549b4e-052f-421d-b8f7-e4aa2078007e,2026-04-29T12:51:54.811Z,47,,32.869651794433594,69.69122314453125,32.659912109375,99914.046875,32.27073669433594,100415.125,47.07110595703125,100348.0625,18.63482093811035,0,0.063720703125,1.019775390625,-0.1171875,130136,129355,-0.8544921875,1.28173828125,0.79345703125,97,0,"0",full
7a09a483-c77d-4a34-9750-25b7aeca6add,c9549b4e-052f-421d-b8f7-e4aa2078007e,2026-04-29T12:51:54.936Z,47,,32.869651794433594,69.69122314453125,32.659912109375,99914.046875,32.27073669433594,100415.125,47.06932067871094,100348.03125,18.63482093811035,0,0.063720703125,1.019775390625,-0.1171875,130136,129355,-0.8544921875,1.28173828125,0.79345703125,97,381.4,"0",full
7a09a483-c77d-4a34-9750-25b7aeca6add,c9549b4e-052f-421d-b8f7-e4aa2078007e,2026-04-29T12:51:54.990Z,47,,32.869651794433594,69.69122314453125,32.659912109375,99914.046875,32.27073669433594,100415.125,47.06721496582031,100348.046875,18.63482093811035,0,0.063720703125,1.019775390625,-0.1171875,130136,129355,-0.8544921875,1.28173828125,0.79345703125,97,381.4,"0",full
7a09a483-c77d-4a34-9750-25b7aeca6add,c9549b4e-052f-421d-b8f7-e4aa2078007e,2026-04-29T12:51:55.066Z,47,,32.869651794433594,69.69122314453125,32.6627197265625,99904.734375,32.2725830078125,100412.5625,47.066741943359375,100348.109375,18.63482093811035,0,0.05859375,0.99658203125,-0.08642578125,130136,129355,0.6103515625,-0.3662109375,-0.3662109375,97,381.4,"0",full
7a09a483-c77d-4a34-9750-25b7aeca6add,c9549b4e-052f-421d-b8f7-e4aa2078007e,2026-04-29T12:51:55.091Z,47,,32.869651794433594,72.582763671875,32.664306640625,99904.671875,32.2725830078125,100412.5625,47.066741943359375,100348.109375,18.606340408325195,0,0.072265625,1.005126953125,-0.077880859375,130139,129371,1.03759765625,-0.6103515625,-0.6103515625,97,381.4,"0",full
7a09a483-c77d-4a34-9750-25b7aeca6add,c9549b4e-052f-421d-b8f7-e4aa2078007e,2026-04-29T12:51:55.172Z,47,,32.869651794433594,72.582763671875,32.664306640625,99904.671875,32.2725830078125,100412.5625,47.06584167480469,100348.078125,18.606340408325195,0,0.072265625,1.005126953125,-0.077880859375,130139,129371,1.03759765625,-0.6103515625,-0.6103515625,97,381.4,"0",full
7a09a483-c77d-4a34-9750-25b7aeca6add,c9549b4e-052f-421d-b8f7-e4aa2078007e,2026-04-29T12:51:55.203Z,47,,32.869651794433594,72.582763671875,32.66680908203125,99907.15625,32.27357482910156,100412.0625,47.06584167480469,100348.078125,18.606340408325195,0,0.06787109375,0.999755859375,-0.101806640625,130139,129371,-0.54931640625,-0.18310546875,2.3193359375,97,381.4,"0",full
7a09a483-c77d-4a34-9750-25b7aeca6add,c9549b4e-052f-421d-b8f7-e4aa2078007e,2026-04-29T12:51:55.279Z,47,,32.869651794433594,72.582763671875,32.66680908203125,99907.15625,32.27357482910156,100412.0625,47.062286376953125,100348.0625,18.606340408325195,0,0.06787109375,0.999755859375,-0.101806640625,130139,129371,-0.54931640625,-0.18310546875,2.3193359375,97,381.4,"0",full
7a09a483-c77d-4a34-9750-25b7aeca6add,c9549b4e-052f-421d-b8f7-e4aa2078007e,2026-04-29T12:51:55.338Z,47,,32.869651794433594,72.582763671875,32.66465759277344,99923.65625,32.27410888671875,100412.328125,47.06047058105469,100348,18.606340408325195,0,0.06494140625,1.0068359375,-0.087158203125,130139,129371,-0.06103515625,-1.52587890625,1.28173828125,97,381.4,"0",full
7a09a483-c77d-4a34-9750-25b7aeca6add,c9549b4e-052f-421d-b8f7-e4aa2078007e,2026-04-29T12:51:55.352Z,47,,32.84820556640625,74.40618896484375,32.66465759277344,99923.65625,32.27410888671875,100412.328125,47.06011962890625,100347.984375,18.52090072631836,0,0.06494140625,1.0068359375,-0.087158203125,129992,129320,-0.06103515625,-1.52587890625,1.28173828125,97,381.4,"0",full
7a09a483-c77d-4a34-9750-25b7aeca6add,c9549b4e-052f-421d-b8f7-e4aa2078007e,2026-04-29T12:51:55.472Z,47,,32.84820556640625,74.40618896484375,32.66465759277344,99923.65625,32.27410888671875,100412.328125,47.05860900878906,100348.015625,18.52090072631836,0,0.06494140625,1.0068359375,-0.087158203125,129992,129320,-0.06103515625,-1.52587890625,1.28173828125,97,381.4,"0",full
7a09a483-c77d-4a34-9750-25b7aeca6add,c9549b4e-052f-421d-b8f7-e4aa2078007e,2026-04-29T12:51:55.473Z,47,,32.84820556640625,74.40618896484375,32.662322998046875,99945.40625,32.2733154296875,100413.578125,47.057098388671875,100348,18.52090072631836,0,0.0595703125,1.0234375,-0.103515625,129992,129320,0.3662109375,2.13623046875,2.99072265625,97,381.4,"0",full
7a09a483-c77d-4a34-9750-25b7aeca6add,c9549b4e-052f-421d-b8f7-e4aa2078007e,2026-04-29T12:51:55.563Z,47,,32.84820556640625,74.40618896484375,32.662322998046875,99945.40625,32.2733154296875,100413.578125,47.05690002441406,100348,18.52090072631836,0,0.0595703125,1.0234375,-0.103515625,129992,129320,0.3662109375,2.13623046875,2.99072265625,97,381.4,"0",full
7a09a483-c77d-4a34-9750-25b7aeca6add,c9549b4e-052f-421d-b8f7-e4aa2078007e,2026-04-29T12:51:55.593Z,47,,32.84820556640625,74.40618896484375,32.66069030761719,100011.984375,32.27317810058594,100417.359375,47.05665588378906,100347.9375,18.52090072631836,0,0.0458984375,0.9853515625,-0.083251953125,129992,129320,1.28173828125,2.38037109375,7.2021484375,97,381.4,"0",full
7a09a483-c77d-4a34-9750-25b7aeca6add,c9549b4e-052f-421d-b8f7-e4aa2078007e,2026-04-29T12:51:55.622Z,47,,32.81602478027344,73.9560546875,32.661865234375,100026.140625,32.27325439453125,100417.875,47.05665588378906,100347.9375,18.478179931640625,0,0.025390625,0.997314453125,-0.098388671875,130214,129477,1.46484375,2.197265625,6.28662109375,97,381.4,"0",full
7a09a483-c77d-4a34-9750-25b7aeca6add,c9549b4e-052f-421d-b8f7-e4aa2078007e,2026-04-29T12:51:55.713Z,47,,32.81602478027344,73.9560546875,32.661865234375,100026.140625,32.27325439453125,100417.875,47.0548095703125,100347.875,18.478179931640625,0,0.025390625,0.997314453125,-0.098388671875,130214,129477,1.46484375,2.197265625,6.28662109375,97,381.4,"0",full
7a09a483-c77d-4a34-9750-25b7aeca6add,c9549b4e-052f-421d-b8f7-e4aa2078007e,2026-04-29T12:51:55.743Z,47,,32.81602478027344,73.9560546875,32.65803527832031,100105.75,32.271636962890625,100420.296875,47.0548095703125,100347.875,18.478179931640625,0,0.053955078125,1.0302734375,-0.080810546875,130214,129477,-0.91552734375,3.47900390625,4.21142578125,97,381.4,"0",full
7a09a483-c77d-4a34-9750-25b7aeca6add,c9549b4e-052f-421d-b8f7-e4aa2078007e,2026-04-29T12:51:55.817Z,47,,32.81602478027344,73.9560546875,32.65803527832031,100105.75,32.271636962890625,100420.296875,47.05165100097656,100347.90625,18.478179931640625,0,0.053955078125,1.0302734375,-0.080810546875,130214,129477,-0.91552734375,3.47900390625,4.21142578125,97,381.4,"0",full
7a09a483-c77d-4a34-9750-25b7aeca6add,c9549b4e-052f-421d-b8f7-e4aa2078007e,2026-04-29T12:51:55.878Z,47,,32.81602478027344,73.9560546875,32.65199279785156,100211.34375,32.26966857910156,100425.421875,47.050689697265625,100347.921875,18.478179931640625,0,0.0244140625,0.994140625,-0.073486328125,130214,129477,2.86865234375,-3.0517578125,3.2958984375,97,381.4,"0",full
7a09a483-c77d-4a34-9750-25b7aeca6add,c9549b4e-052f-421d-b8f7-e4aa2078007e,2026-04-29T12:51:55.892Z,47,,32.77312469482422,65.41876220703125,32.65269470214844,100223.9375,32.26966857910156,100425.421875,47.05009460449219,100347.9375,18.32154083251953,0,0.03515625,0.9853515625,-0.071533203125,142170,137364,2.25830078125,-1.64794921875,3.173828125,97,381.4,"0",full
7a09a483-c77d-4a34-9750-25b7aeca6add,c9549b4e-052f-421d-b8f7-e4aa2078007e,2026-04-29T12:51:56.035Z,48,,32.77312469482422,65.41876220703125,32.65269470214844,100223.9375,32.26966857910156,100425.421875,47.047698974609375,100347.953125,18.32154083251953,0,0.03515625,0.9853515625,-0.071533203125,142170,137364,2.25830078125,-1.64794921875,3.173828125,97,381.4,"0",full
7a09a483-c77d-4a34-9750-25b7aeca6add,c9549b4e-052f-421d-b8f7-e4aa2078007e,2026-04-29T12:51:56.117Z,48,,32.77312469482422,65.41876220703125,32.65269470214844,100223.9375,32.26966857910156,100425.421875,47.046417236328125,100347.953125,18.32154083251953,0,0.03515625,0.9853515625,-0.071533203125,142170,137364,2.25830078125,-1.64794921875,3.173828125,97,381.4,"0",full
7a09a483-c77d-4a34-9750-25b7aeca6add,c9549b4e-052f-421d-b8f7-e4aa2078007e,2026-04-29T12:51:56.192Z,48,,32.77312469482422,65.41876220703125,32.6444091796875,100320.359375,32.26576232910156,100430.890625,47.04368591308594,100347.984375,18.32154083251953,0,0.026611328125,0.983154296875,-0.0654296875,142170,137364,3.0517578125,-0.54931640625,-1.40380859375,97,381.4,"0",full
7a09a483-c77d-4a34-9750-25b7aeca6add,c9549b4e-052f-421d-b8f7-e4aa2078007e,2026-04-29T12:51:56.268Z,48,,32.76240539550781,58.3157958984375,32.64338684082031,100326.1875,32.26576232910156,100430.890625,47.04119873046875,100348.03125,18.32154083251953,0,0.026611328125,0.983154296875,-0.0654296875,131513,130355,3.0517578125,-0.54931640625,-1.40380859375,97,381.4,"0",full
7a09a483-c77d-4a34-9750-25b7aeca6add,c9549b4e-052f-421d-b8f7-e4aa2078007e,2026-04-29T12:51:56.300Z,48,,32.76240539550781,58.3157958984375,32.64332580566406,100351.703125,32.2677001953125,100432.421875,47.04119873046875,100348.03125,18.32154083251953,0,0.019287109375,1.004150390625,-0.080810546875,131513,130355,-0.67138671875,0.06103515625,-0.42724609375,97,381.4,"0",full
7a09a483-c77d-4a34-9750-25b7aeca6add,c9549b4e-052f-421d-b8f7-e4aa2078007e,2026-04-29T12:51:56.372Z,48,,32.76240539550781,58.3157958984375,32.64332580566406,100351.703125,32.2677001953125,100432.421875,47.040679931640625,100348.046875,18.32154083251953,0,0.019287109375,1.004150390625,-0.080810546875,131513,130355,-0.67138671875,0.06103515625,-0.42724609375,97,381.4,"0",full
7a09a483-c77d-4a34-9750-25b7aeca6add,c9549b4e-052f-421d-b8f7-e4aa2078007e,2026-04-29T12:51:56.418Z,48,,32.76240539550781,58.3157958984375,32.640655517578125,100373.265625,32.2696533203125,100433.578125,47.03948974609375,100348.03125,18.32154083251953,0,0.072265625,0.984375,-0.047119140625,131513,130355,1.8310546875,-0.9765625,-3.662109375,97,381.4,"0",full
7a09a483-c77d-4a34-9750-25b7aeca6add,c9549b4e-052f-421d-b8f7-e4aa2078007e,2026-04-29T12:51:56.445Z,48,,32.76240539550781,53.478759765625,32.640655517578125,100373.265625,32.269989013671875,100433.453125,47.03948974609375,100348.03125,18.350019454956055,0,0.0458984375,0.97509765625,-0.058837890625,132387,130881,1.52587890625,-1.0986328125,-4.82177734375,97,381.4,"0",full
7a09a483-c77d-4a34-9750-25b7aeca6add,c9549b4e-052f-421d-b8f7-e4aa2078007e,2026-04-29T12:51:56.539Z,48,,32.76240539550781,53.478759765625,32.640655517578125,100373.265625,32.269989013671875,100433.453125,47.0372314453125,100348.015625,18.350019454956055,0,0.0458984375,0.97509765625,-0.058837890625,132387,130881,1.52587890625,-1.0986328125,-4.82177734375,97,381.4,"0",full
7a09a483-c77d-4a34-9750-25b7aeca6add,c9549b4e-052f-421d-b8f7-e4aa2078007e,2026-04-29T12:51:56.566Z,48,,32.76240539550781,53.478759765625,32.6390380859375,100336.78125,32.26878356933594,100432.421875,47.0372314453125,100348.015625,18.350019454956055,0,0.050048828125,1.02392578125,-0.086181640625,132387,130881,-4.69970703125,2.13623046875,-3.41796875,97,381.4,"0",full
7a09a483-c77d-4a34-9750-25b7aeca6add,c9549b4e-052f-421d-b8f7-e4aa2078007e,2026-04-29T12:51:56.643Z,48,,32.76240539550781,53.478759765625,32.6390380859375,100336.78125,32.26878356933594,100432.421875,47.03627014160156,100348.046875,18.350019454956055,0,0.050048828125,1.02392578125,-0.086181640625,132387,130881,-4.69970703125,2.13623046875,-3.41796875,97,381.4,"0",full
7a09a483-c77d-4a34-9750-25b7aeca6add,c9549b4e-052f-421d-b8f7-e4aa2078007e,2026-04-29T12:51:56.704Z,48,,32.76240539550781,53.478759765625,32.63862609863281,100235.75,32.269073486328125,100431.53125,47.03436279296875,100348.0625,18.350019454956055,0,0.076171875,1.02392578125,-0.09521484375,132387,130881,-4.69970703125,0.3662109375,-2.197265625,97,381.4,"0",full
7a09a483-c77d-4a34-9750-25b7aeca6add,c9549b4e-052f-421d-b8f7-e4aa2078007e,2026-04-29T12:51:56.717Z,48,,32.783851623535156,52.84552001953125,32.63714599609375,100219.75,32.269073486328125,100431.53125,47.03474426269531,100348.046875,18.435461044311523,0,0.079345703125,1.013671875,-0.0771484375,140244,136227,-3.5400390625,-0.6103515625,-2.3193359375,97,381.4,"0",full
7a09a483-c77d-4a34-9750-25b7aeca6add,c9549b4e-052f-421d-b8f7-e4aa2078007e,2026-04-29T12:51:56.853Z,48,,32.783851623535156,52.84552001953125,32.63714599609375,100219.75,32.269073486328125,100431.53125,47.03294372558594,100348.09375,18.435461044311523,0,0.079345703125,1.013671875,-0.0771484375,140244,136227,-3.5400390625,-0.6103515625,-2.3193359375,97,381.4,"0",full
7a09a483-c77d-4a34-9750-25b7aeca6add,c9549b4e-052f-421d-b8f7-e4aa2078007e,2026-04-29T12:51:56.912Z,48,,32.783851623535156,52.84552001953125,32.63714599609375,100219.75,32.269073486328125,100431.53125,47.03179931640625,100348.09375,18.435461044311523,0,0.079345703125,1.013671875,-0.0771484375,140244,136227,-3.5400390625,-0.6103515625,-2.3193359375,97,381.4,"0",full
7a09a483-c77d-4a34-9750-25b7aeca6add,c9549b4e-052f-421d-b8f7-e4aa2078007e,2026-04-29T12:51:56.973Z,48,,32.783851623535156,52.84552001953125,32.6461181640625,100061.0625,32.27009582519531,100427.140625,47.03105163574219,100348.09375,18.435461044311523,0,0.058349609375,1.009033203125,-0.109130859375,140244,136227,-1.28173828125,0.8544921875,-0.8544921875,97,381.4,"0",full
7a09a483-c77d-4a34-9750-25b7aeca6add,c9549b4e-052f-421d-b8f7-e4aa2078007e,2026-04-29T12:51:57.043Z,47,,32.826751708984375,59.399169921875,32.6461181640625,100061.0625,32.27043151855469,100426.734375,47.03105163574219,100348.09375,18.560060501098633,0,0.058349609375,1.009033203125,-0.109130859375,139739,135888,-1.28173828125,0.8544921875,-0.8544921875,97,381.4,"0",full
7a09a483-c77d-4a34-9750-25b7aeca6add,c9549b4e-052f-421d-b8f7-e4aa2078007e,2026-04-29T12:51:57.077Z,47,,32.826751708984375,59.399169921875,32.6461181640625,100061.0625,32.27043151855469,100426.734375,47.02540588378906,100348.125,18.560060501098633,0,0.058349609375,1.009033203125,-0.109130859375,139739,135888,-1.28173828125,0.8544921875,-0.8544921875,97,381.4,"0",full
7a09a483-c77d-4a34-9750-25b7aeca6add,c9549b4e-052f-421d-b8f7-e4aa2078007e,2026-04-29T12:51:57.109Z,47,,32.826751708984375,59.399169921875,32.648040771484375,100016.4375,32.26933288574219,100425.109375,47.02540588378906,100348.125,18.560060501098633,0,0.072998046875,0.98974609375,-0.086181640625,139739,135888,1.40380859375,-1.8310546875,-1.3427734375,97,381.4,"0",full
7a09a483-c77d-4a34-9750-25b7aeca6add,c9549b4e-052f-421d-b8f7-e4aa2078007e,2026-04-29T12:51:57.183Z,47,,32.826751708984375,59.399169921875,32.648040771484375,100016.4375,32.26933288574219,100425.109375,47.022674560546875,100348.1875,18.560060501098633,0,0.072998046875,0.98974609375,-0.086181640625,139739,135888,1.40380859375,-1.8310546875,-1.3427734375,97,381.4,"0",full
7a09a483-c77d-4a34-9750-25b7aeca6add,c9549b4e-052f-421d-b8f7-e4aa2078007e,2026-04-29T12:51:57.243Z,47,,32.826751708984375,59.399169921875,32.6497802734375,99974.546875,32.272674560546875,100421.78125,47.02166748046875,100348.171875,18.560060501098633,0,0.065673828125,0.998291015625,-0.09814453125,139739,135888,-0.54931640625,-0.244140625,0.9765625,97,381.4,"0",full
7a09a483-c77d-4a34-9750-25b7aeca6add,c9549b4e-052f-421d-b8f7-e4aa2078007e,2026-04-29T12:51:57.257Z,47,,32.84820556640625,64.8465576171875,32.65205383300781,99970.078125,32.272674560546875,100421.78125,47.021636962890625,100348.1875,18.606340408325195,0,0.056396484375,0.993408203125,-0.09814453125,138761,135279,-0.3662109375,-0.30517578125,0.6103515625,97,381.4,"0",full
7a09a483-c77d-4a34-9750-25b7aeca6add,c9549b4e-052f-421d-b8f7-e4aa2078007e,2026-04-29T12:51:57.390Z,47,,32.84820556640625,64.8465576171875,32.65205383300781,99970.078125,32.272674560546875,100421.78125,47.02140808105469,100348.1875,18.606340408325195,0,0.056396484375,0.993408203125,-0.09814453125,138761,135279,-0.3662109375,-0.30517578125,0.6103515625,97,381.4,"0",full
7a09a483-c77d-4a34-9750-25b7aeca6add,c9549b4e-052f-421d-b8f7-e4aa2078007e,2026-04-29T12:51:57.477Z,47,,32.84820556640625,64.8465576171875,32.65606689453125,99952.140625,32.27311706542969,100419.890625,47.01982116699219,100348.15625,18.606340408325195,0,0.087890625,1.004638671875,-0.09765625,138761,135279,-0.30517578125,-0.1220703125,0.3662109375,97,381.4,"0",full
7a09a483-c77d-4a34-9750-25b7aeca6add,c9549b4e-052f-421d-b8f7-e4aa2078007e,2026-04-29T12:51:57.543Z,47,,32.84820556640625,64.8465576171875,32.65869140625,99937.125,32.272979736328125,100417.734375,47.01802062988281,100348.171875,18.606340408325195,0,0.0703125,1.00830078125,-0.10791015625,138761,135279,-0.18310546875,0.18310546875,0.42724609375,97,381.4,"0",full
7a09a483-c77d-4a34-9750-25b7aeca6add,c9549b4e-052f-421d-b8f7-e4aa2078007e,2026-04-29T12:51:57.544Z,47,,32.858924865722656,68.7222900390625,32.65869140625,99937.125,32.272979736328125,100417.734375,47.01802062988281,100348.171875,18.663299560546875,0,0.0703125,1.00830078125,-0.10791015625,137998,134813,-0.18310546875,0.18310546875,0.42724609375,97,381.4,"0",full
7a09a483-c77d-4a34-9750-25b7aeca6add,c9549b4e-052f-421d-b8f7-e4aa2078007e,2026-04-29T12:51:57.616Z,47,,32.858924865722656,68.7222900390625,32.65869140625,99937.125,32.272979736328125,100417.734375,47.01670837402344,100348.171875,18.663299560546875,0,0.0703125,1.00830078125,-0.10791015625,137998,134813,-0.18310546875,0.18310546875,0.42724609375,97,381.4,"0",full
7a09a483-c77d-4a34-9750-25b7aeca6add,c9549b4e-052f-421d-b8f7-e4aa2078007e,2026-04-29T12:51:57.631Z,47,,32.858924865722656,68.7222900390625,32.659332275390625,99932.453125,32.27510070800781,100416.484375,47.01670837402344,100348.171875,18.663299560546875,0,0.04248046875,1.006103515625,-0.118896484375,137998,134813,-0.06103515625,0.06103515625,0.3662109375,97,381.4,"0",full
7a09a483-c77d-4a34-9750-25b7aeca6add,c9549b4e-052f-421d-b8f7-e4aa2078007e,2026-04-29T12:51:57.739Z,47,,32.858924865722656,68.7222900390625,32.659332275390625,99932.453125,32.27510070800781,100416.484375,47.01396179199219,100348.21875,18.663299560546875,0,0.04248046875,1.006103515625,-0.118896484375,137998,134813,-0.06103515625,0.06103515625,0.3662109375,97,381.4,"0",full
7a09a483-c77d-4a34-9750-25b7aeca6add,c9549b4e-052f-421d-b8f7-e4aa2078007e,2026-04-29T12:51:57.782Z,47,,32.858924865722656,68.7222900390625,32.65864562988281,99935.625,32.2774658203125,100415.34375,47.01356506347656,100348.203125,18.663299560546875,0,0.04345703125,1.005615234375,-0.12158203125,137998,134813,0.06103515625,0.18310546875,2.197265625,97,381.4,"0",full
7a09a483-c77d-4a34-9750-25b7aeca6add,c9549b4e-052f-421d-b8f7-e4aa2078007e,2026-04-29T12:51:57.797Z,47,,32.84820556640625,71.484130859375,32.659393310546875,99937.359375,32.27751159667969,100415.296875,47.01313781738281,100348.1875,18.606340408325195,0,0.04345703125,1.005615234375,-0.12158203125,137828,134749,0.06103515625,0.18310546875,2.197265625,97,381.4,"0",full
7a09a483-c77d-4a34-9750-25b7aeca6add,c9549b4e-052f-421d-b8f7-e4aa2078007e,2026-04-29T12:51:57.902Z,47,,32.84820556640625,71.484130859375,32.659393310546875,99937.359375,32.27751159667969,100415.296875,47.01313781738281,100348.15625,18.606340408325195,0,0.04345703125,1.005615234375,-0.12158203125,137828,134749,0.06103515625,0.18310546875,2.197265625,97,381.4,"0",full
7a09a483-c77d-4a34-9750-25b7aeca6add,c9549b4e-052f-421d-b8f7-e4aa2078007e,2026-04-29T12:51:57.993Z,47,,32.84820556640625,71.484130859375,32.659393310546875,99937.359375,32.27751159667969,100415.296875,47.01222229003906,100348.140625,18.606340408325195,0,0.04345703125,1.005615234375,-0.12158203125,137828,134749,0.06103515625,0.18310546875,2.197265625,97,381.4,"0",full
7a09a483-c77d-4a34-9750-25b7aeca6add,c9549b4e-052f-421d-b8f7-e4aa2078007e,2026-04-29T12:51:58.109Z,47,,32.84820556640625,71.484130859375,32.657928466796875,99982.671875,32.27687072753906,100416.78125,47.01136779785156,100348.1875,18.606340408325195,0,0.041748046875,1.01416015625,-0.12060546875,137828,134749,-1.8310546875,3.23486328125,4.638671875,97,381.4,"0",full
7a09a483-c77d-4a34-9750-25b7aeca6add,c9549b4e-052f-421d-b8f7-e4aa2078007e,2026-04-29T12:51:58.111Z,47,,32.84820556640625,72.68194580078125,32.657928466796875,99982.671875,32.27687072753906,100416.78125,47.01045227050781,100348.171875,18.549381256103516,0,0.0341796875,1.010009765625,-0.10693359375,137871,134836,-1.8310546875,3.23486328125,5.0048828125,97,381.4,"0",full
7a09a483-c77d-4a34-9750-25b7aeca6add,c9549b4e-052f-421d-b8f7-e4aa2078007e,2026-04-29T12:51:58.171Z,47,,32.84820556640625,72.68194580078125,32.657928466796875,99982.671875,32.27687072753906,100416.78125,47.009368896484375,100348.125,18.549381256103516,0,0.0341796875,1.010009765625,-0.10693359375,137871,134836,-1.8310546875,3.23486328125,5.0048828125,97,381.4,"0",full
7a09a483-c77d-4a34-9750-25b7aeca6add,c9549b4e-052f-421d-b8f7-e4aa2078007e,2026-04-29T12:51:58.202Z,47,,32.84820556640625,72.68194580078125,32.65447998046875,100011.296875,32.278167724609375,100418.59375,47.00848388671875,100348.125,18.549381256103516,0,0.027587890625,0.995849609375,-0.1220703125,137871,134836,0.42724609375,0.9765625,2.685546875,97,381.4,"0",full
7a09a483-c77d-4a34-9750-25b7aeca6add,c9549b4e-052f-421d-b8f7-e4aa2078007e,2026-04-29T12:51:58.275Z,47,,32.84820556640625,72.68194580078125,32.65447998046875,100011.296875,32.278167724609375,100418.59375,47.0059814453125,100348.125,18.549381256103516,0,0.027587890625,0.995849609375,-0.1220703125,137871,134836,0.42724609375,0.9765625,2.685546875,97,381.4,"0",full
7a09a483-c77d-4a34-9750-25b7aeca6add,c9549b4e-052f-421d-b8f7-e4aa2078007e,2026-04-29T12:51:58.350Z,47,,32.84820556640625,72.68194580078125,32.65399169921875,100074.609375,32.27622985839844,100422.4375,47.00572204589844,100348.078125,18.549381256103516,0,-0.004638671875,0.9970703125,-0.11181640625,137871,134836,3.11279296875,0.9765625,3.23486328125,97,381.4,"0",full
7a09a483-c77d-4a34-9750-25b7aeca6add,c9549b4e-052f-421d-b8f7-e4aa2078007e,2026-04-29T12:51:58.351Z,47,,32.794578552246094,70.57623291015625,32.653167724609375,100086.625,32.27622985839844,100422.4375,47.00572204589844,100348.078125,18.463939666748047,0,-0.004638671875,0.9970703125,-0.11181640625,138607,135330,3.11279296875,0.9765625,3.23486328125,97,381.4,"0",full
7a09a483-c77d-4a34-9750-25b7aeca6add,c9549b4e-052f-421d-b8f7-e4aa2078007e,2026-04-29T12:51:58.441Z,47,,32.794578552246094,70.57623291015625,32.653167724609375,100086.625,32.27622985839844,100422.4375,47.003265380859375,100348.078125,18.463939666748047,0,-0.004638671875,0.9970703125,-0.11181640625,138607,135330,3.11279296875,0.9765625,3.23486328125,97,381.4,"0",full
7a09a483-c77d-4a34-9750-25b7aeca6add,c9549b4e-052f-421d-b8f7-e4aa2078007e,2026-04-29T12:51:58.468Z,47,,32.794578552246094,70.57623291015625,32.65106201171875,100151.234375,32.271759033203125,100425.40625,47.003265380859375,100348.078125,18.463939666748047,0,0.042236328125,1.0185546875,-0.099609375,138607,135330,1.15966796875,1.220703125,1.77001953125,97,381.4,"0",full
7a09a483-c77d-4a34-9750-25b7aeca6add,c9549b4e-052f-421d-b8f7-e4aa2078007e,2026-04-29T12:51:58.533Z,47,,32.794578552246094,70.57623291015625,32.65106201171875,100151.234375,32.271759033203125,100425.40625,47.0008544921875,100348.0625,18.463939666748047,0,0.042236328125,1.0185546875,-0.099609375,138607,135330,1.15966796875,1.220703125,1.77001953125,97,381.4,"0",full
7a09a483-c77d-4a34-9750-25b7aeca6add,c9549b4e-052f-421d-b8f7-e4aa2078007e,2026-04-29T12:51:58.594Z,47,,32.794578552246094,70.57623291015625,32.649169921875,100238.125,32.27183532714844,100429.125,47.0008544921875,100348.078125,18.463939666748047,0,0.007080078125,1.02392578125,-0.10791015625,138607,135330,1.89208984375,0,1.8310546875,97,381.4,"0",full
7a09a483-c77d-4a34-9750-25b7aeca6add,c9549b4e-052f-421d-b8f7-e4aa2078007e,2026-04-29T12:51:58.624Z,47,,32.77312469482422,63.09942626953125,32.649169921875,100238.125,32.2705078125,100429.59375,47.00041198730469,100348.078125,18.350019454956055,0,0.007080078125,1.02392578125,-0.10791015625,139101,135702,1.89208984375,0,1.8310546875,97,381.4,"0",full
7a09a483-c77d-4a34-9750-25b7aeca6add,c9549b4e-052f-421d-b8f7-e4aa2078007e,2026-04-29T12:51:58.713Z,47,,32.77312469482422,63.09942626953125,32.649169921875,100238.125,32.2705078125,100429.59375,47.00080871582031,100348.078125,18.350019454956055,0,0.007080078125,1.02392578125,-0.10791015625,139101,135702,1.89208984375,0,1.8310546875,97,381.4,"0",full
7a09a483-c77d-4a34-9750-25b7aeca6add,c9549b4e-052f-421d-b8f7-e4aa2078007e,2026-04-29T12:51:58.743Z,47,,32.77312469482422,63.09942626953125,32.646209716796875,100287.3125,32.27024841308594,100431.875,47.00080871582031,100348.078125,18.350019454956055,0,0.026123046875,1.012939453125,-0.09521484375,139101,135702,1.3427734375,-0.42724609375,-1.0986328125,97,381.4,"0",full
7a09a483-c77d-4a34-9750-25b7aeca6add,c9549b4e-052f-421d-b8f7-e4aa2078007e,2026-04-29T12:51:58.818Z,47,,32.77312469482422,63.09942626953125,32.646209716796875,100287.3125,32.27024841308594,100431.875,46.99505615234375,100348.078125,18.350019454956055,0,0.026123046875,1.012939453125,-0.09521484375,139101,135702,1.3427734375,-0.42724609375,-1.0986328125,97,381.4,"0",full
7a09a483-c77d-4a34-9750-25b7aeca6add,c9549b4e-052f-421d-b8f7-e4aa2078007e,2026-04-29T12:51:58.878Z,47,,32.77312469482422,63.09942626953125,32.641265869140625,100336.890625,32.2689208984375,100434.71875,46.993988037109375,100348.09375,18.350019454956055,0,0.019287109375,0.99658203125,-0.098388671875,139101,135702,0.79345703125,1.220703125,2.197265625,97,381.4,"0",full
7a09a483-c77d-4a34-9750-25b7aeca6add,c9549b4e-052f-421d-b8f7-e4aa2078007e,2026-04-29T12:51:58.893Z,47,,32.751678466796875,56.23297119140625,32.63978576660156,100342.40625,32.2689208984375,100434.71875,46.99491882324219,100348.09375,18.406980514526367,0,0.0009765625,0.99072265625,-0.108154296875,139655,136038,1.03759765625,1.0986328125,1.3427734375,97,381.4,"0",full
7a09a483-c77d-4a34-9750-25b7aeca6add,c9549b4e-052f-421d-b8f7-e4aa2078007e,2026-04-29T12:51:58.997Z,47,,32.751678466796875,56.23297119140625,32.63978576660156,100342.40625,32.2689208984375,100434.71875,46.99104309082031,100348.0625,18.406980514526367,0,0.0009765625,0.99072265625,-0.108154296875,139655,136038,1.03759765625,1.0986328125,1.3427734375,97,381.4,"0",full
7a09a483-c77d-4a34-9750-25b7aeca6add,c9549b4e-052f-421d-b8f7-e4aa2078007e,2026-04-29T12:51:59.152Z,47,,32.751678466796875,56.23297119140625,32.63978576660156,100342.40625,32.2689208984375,100434.71875,46.991302490234375,100348.078125,18.406980514526367,0,0.0009765625,0.99072265625,-0.108154296875,139655,136038,1.03759765625,1.0986328125,1.3427734375,97,381.4,"0",full
7a09a483-c77d-4a34-9750-25b7aeca6add,c9549b4e-052f-421d-b8f7-e4aa2078007e,2026-04-29T12:51:59.153Z,47,,32.751678466796875,56.23297119140625,32.63615417480469,100390.296875,32.26922607421875,100438.21875,46.99151611328125,100348.078125,18.406980514526367,0,-0.009765625,0.9990234375,-0.107421875,139655,136038,0.8544921875,0.42724609375,-0.244140625,97,381.4,"0",full
7a09a483-c77d-4a34-9750-25b7aeca6add,c9549b4e-052f-421d-b8f7-e4aa2078007e,2026-04-29T12:51:59.175Z,47,,32.751678466796875,51.31201171875,32.63615417480469,100390.296875,32.26922607421875,100438.21875,46.99151611328125,100348.078125,18.350019454956055,0,-0.009765625,0.9990234375,-0.107421875,139761,136066,0.8544921875,0.42724609375,-0.244140625,97,381.4,"0",full
7a09a483-c77d-4a34-9750-25b7aeca6add,c9549b4e-052f-421d-b8f7-e4aa2078007e,2026-04-29T12:51:59.253Z,47,,32.751678466796875,51.31201171875,32.63615417480469,100390.296875,32.26922607421875,100438.21875,46.988067626953125,100348.09375,18.350019454956055,0,-0.009765625,0.9990234375,-0.107421875,139761,136066,0.8544921875,0.42724609375,-0.244140625,97,381.4,"0",full
7a09a483-c77d-4a34-9750-25b7aeca6add,c9549b4e-052f-421d-b8f7-e4aa2078007e,2026-04-29T12:51:59.283Z,47,,32.751678466796875,51.31201171875,32.63494873046875,100401.1875,32.26837158203125,100438.96875,46.988067626953125,100348.09375,18.350019454956055,0,0.0546875,0.99169921875,-0.071044921875,139761,136066,0.8544921875,0.1220703125,-1.89208984375,97,381.4,"0",full
7a09a483-c77d-4a34-9750-25b7aeca6add,c9549b4e-052f-421d-b8f7-e4aa2078007e,2026-04-29T12:51:59.357Z,47,,32.751678466796875,51.31201171875,32.63494873046875,100401.1875,32.26837158203125,100438.96875,46.98506164550781,100348.109375,18.350019454956055,0,0.0546875,0.99169921875,-0.071044921875,139761,136066,0.8544921875,0.1220703125,-1.89208984375,97,381.4,"0",full
7a09a483-c77d-4a34-9750-25b7aeca6add,c9549b4e-052f-421d-b8f7-e4aa2078007e,2026-04-29T12:51:59.433Z,47,,32.751678466796875,51.31201171875,32.635040283203125,100346.21875,32.26820373535156,100436.5625,46.983367919921875,100348.125,18.350019454956055,0,0.05712890625,0.996826171875,-0.081298828125,139761,136066,-0.30517578125,-0.54931640625,-2.44140625,97,381.4,"0",full
7a09a483-c77d-4a34-9750-25b7aeca6add,c9549b4e-052f-421d-b8f7-e4aa2078007e,2026-04-29T12:51:59.540Z,47,,32.76240539550781,48.656982421875,32.633544921875,100332.921875,32.26806640625,100436.078125,46.98139953613281,100348.140625,18.463939666748047,0,0.05712890625,0.996826171875,-0.081298828125,139717,136103,-0.30517578125,-0.54931640625,-2.44140625,97,381.4,"0",full
7a09a483-c77d-4a34-9750-25b7aeca6add,c9549b4e-052f-421d-b8f7-e4aa2078007e,2026-04-29T12:51:59.569Z,47,,32.76240539550781,48.656982421875,32.633697509765625,100275.78125,32.26847839355469,100434.15625,46.981689453125,100348.125,18.463939666748047,0,-0.011962890625,0.986328125,-0.121337890625,139717,136103,0,-2.5634765625,-8.11767578125,97,381.4,"0",full
7a09a483-c77d-4a34-9750-25b7aeca6add,c9549b4e-052f-421d-b8f7-e4aa2078007e,2026-04-29T12:51:59.642Z,47,,32.76240539550781,48.656982421875,32.633697509765625,100275.78125,32.26847839355469,100434.15625,46.981353759765625,100348.140625,18.463939666748047,0,-0.011962890625,0.986328125,-0.121337890625,139717,136103,0,-2.5634765625,-8.11767578125,97,381.4,"0",full
7a09a483-c77d-4a34-9750-25b7aeca6add,c9549b4e-052f-421d-b8f7-e4aa2078007e,2026-04-29T12:51:59.703Z,47,,32.76240539550781,48.656982421875,32.63844299316406,100158.5625,32.27142333984375,100431.71875,46.980499267578125,100348.140625,18.463939666748047,0,0.048583984375,1.007568359375,-0.12353515625,139717,136103,-2.8076171875,0.67138671875,-4.8828125,97,381.4,"0",full
7a09a483-c77d-4a34-9750-25b7aeca6add,c9549b4e-052f-421d-b8f7-e4aa2078007e,2026-04-29T12:51:59.718Z,47,,32.80530548095703,52.9599609375,32.63844299316406,100158.5625,32.27142333984375,100431.71875,46.980499267578125,100348.140625,18.57785987854004,0,0.0478515625,1.0107421875,-0.106201171875,139090,135779,-1.46484375,-0.54931640625,-5.859375,97,381.4,"0",full
7a09a483-c77d-4a34-9750-25b7aeca6add,c9549b4e-052f-421d-b8f7-e4aa2078007e,2026-04-29T12:51:59.793Z,47,,32.80530548095703,52.9599609375,32.63844299316406,100158.5625,32.27142333984375,100431.71875,46.980224609375,100348.203125,18.57785987854004,0,0.0478515625,1.0107421875,-0.106201171875,139090,135779,-1.46484375,-0.54931640625,-5.859375,97,381.4,"0",full
7a09a483-c77d-4a34-9750-25b7aeca6add,c9549b4e-052f-421d-b8f7-e4aa2078007e,2026-04-29T12:51:59.822Z,47,,32.80530548095703,52.9599609375,32.64231872558594,100095.8125,32.270355224609375,100429.5,46.980224609375,100348.203125,18.57785987854004,0,0.07421875,0.9970703125,-0.08642578125,139090,135779,-0.91552734375,-0.8544921875,-1.0986328125,97,381.4,"0",full
7a09a483-c77d-4a34-9750-25b7aeca6add,c9549b4e-052f-421d-b8f7-e4aa2078007e,2026-04-29T12:51:59.898Z,47,,32.80530548095703,52.9599609375,32.64231872558594,100095.8125,32.270355224609375,100429.5,46.97727966308594,100348.203125,18.57785987854004,0,0.07421875,0.9970703125,-0.08642578125,139090,135779,-0.91552734375,-0.8544921875,-1.0986328125,97,381.4,"0",full
7a09a483-c77d-4a34-9750-25b7aeca6add,c9549b4e-052f-421d-b8f7-e4aa2078007e,2026-04-29T12:51:59.972Z,47,,32.80530548095703,52.9599609375,32.64483642578125,100030.625,32.27165222167969,100426.8125,46.97691345214844,100348.203125,18.57785987854004,0,0.05615234375,0.99560546875,-0.097900390625,139090,135779,0.732421875,-0.48828125,-0.79345703125,97,381.4,"0",full
7a09a483-c77d-4a34-9750-25b7aeca6add,c9549b4e-052f-421d-b8f7-e4aa2078007e,2026-04-29T12:52:00.092Z,47,,32.858924865722656,60.04766845703125,32.64483642578125,100030.625,32.272216796875,100426.375,46.97529602050781,100348.234375,18.663299560546875,0,0.05615234375,0.99560546875,-0.097900390625,138234,134937,0.732421875,-0.48828125,-0.79345703125,97,381.4,"0",full
7a09a483-c77d-4a34-9750-25b7aeca6add,c9549b4e-052f-421d-b8f7-e4aa2078007e,2026-04-29T12:52:00.093Z,47,,32.858924865722656,60.04766845703125,32.64617919921875,100000.40625,32.27409362792969,100424.734375,46.97529602050781,100348.234375,18.663299560546875,0,0.056884765625,1.008056640625,-0.10986328125,138234,134937,-0.18310546875,0.30517578125,1.15966796875,97,381.4,"0",full
7a09a483-c77d-4a34-9750-25b7aeca6add,c9549b4e-052f-421d-b8f7-e4aa2078007e,2026-04-29T12:52:00.236Z,47,,32.858924865722656,60.04766845703125,32.64617919921875,100000.40625,32.27409362792969,100424.734375,46.97474670410156,100348.265625,18.663299560546875,0,0.056884765625,1.008056640625,-0.10986328125,138234,134937,-0.18310546875,0.30517578125,1.15966796875,97,381.4,"0",full
7a09a483-c77d-4a34-9750-25b7aeca6add,c9549b4e-052f-421d-b8f7-e4aa2078007e,2026-04-29T12:52:00.241Z,47,,32.858924865722656,60.04766845703125,32.64923095703125,99967.234375,32.27400207519531,100422.09375,46.97416687011719,100348.25,18.663299560546875,0,0.06396484375,1.016357421875,-0.1201171875,138234,134937,0.79345703125,0.732421875,0.42724609375,97,381.4,"0",full
7a09a483-c77d-4a34-9750-25b7aeca6add,c9549b4e-052f-421d-b8f7-e4aa2078007e,2026-04-29T12:52:00.268Z,47,,32.858924865722656,65.3653564453125,32.64923095703125,99967.234375,32.27397155761719,100421.734375,46.97383117675781,100348.28125,18.720260620117188,0,0.06396484375,1.016357421875,-0.1201171875,137469,134379,0.79345703125,0.732421875,0.42724609375,97,381.4,"0",full
7a09a483-c77d-4a34-9750-25b7aeca6add,c9549b4e-052f-421d-b8f7-e4aa2078007e,2026-04-29T12:52:00.332Z,47,,32.858924865722656,65.3653564453125,32.64923095703125,99967.234375,32.27397155761719,100421.734375,46.97113037109375,100348.265625,18.720260620117188,0,0.06396484375,1.016357421875,-0.1201171875,137469,134379,0.79345703125,0.732421875,0.42724609375,97,381.4,"0",full
7a09a483-c77d-4a34-9750-25b7aeca6add,c9549b4e-052f-421d-b8f7-e4aa2078007e,2026-04-29T12:52:00.363Z,47,,32.858924865722656,65.3653564453125,32.651336669921875,99955.390625,32.277313232421875,100419.875,46.97044372558594,100348.28125,18.720260620117188,0,0.05126953125,1.01220703125,-0.104248046875,137469,134379,2.74658203125,-0.18310546875,-1.03759765625,97,381.4,"0",full
7a09a483-c77d-4a34-9750-25b7aeca6add,c9549b4e-052f-421d-b8f7-e4aa2078007e,2026-04-29T12:52:00.453Z,47,,32.858924865722656,65.3653564453125,32.651336669921875,99955.390625,32.277313232421875,100419.875,46.96763610839844,100348.28125,18.720260620117188,0,0.05126953125,1.01220703125,-0.104248046875,137469,134379,2.74658203125,-0.18310546875,-1.03759765625,97,381.4,"0",full
7a09a483-c77d-4a34-9750-25b7aeca6add,c9549b4e-052f-421d-b8f7-e4aa2078007e,2026-04-29T12:52:00.496Z,47,,32.858924865722656,65.3653564453125,32.654876708984375,99950.921875,32.27674865722656,100417.765625,46.96636962890625,100348.3125,18.720260620117188,0,0.055908203125,1.010986328125,-0.10400390625,137469,134379,2.50244140625,-0.06103515625,-1.28173828125,97,381.4,"0",full
7a09a483-c77d-4a34-9750-25b7aeca6add,c9549b4e-052f-421d-b8f7-e4aa2078007e,2026-04-29T12:52:00.522Z,47,,32.858924865722656,68.8443603515625,32.654876708984375,99950.921875,32.27674865722656,100417.765625,46.96636962890625,100348.3125,18.720260620117188,0,0.0478515625,1.00927734375,-0.0986328125,138854,135590,2.44140625,-0.18310546875,-1.46484375,97,381.4,"0",full
7a09a483-c77d-4a34-9750-25b7aeca6add,c9549b4e-052f-421d-b8f7-e4aa2078007e,2026-04-29T12:52:00.618Z,47,,32.858924865722656,68.8443603515625,32.654876708984375,99950.921875,32.27674865722656,100417.765625,46.96429443359375,100348.28125,18.720260620117188,0,0.0478515625,1.00927734375,-0.0986328125,138854,135590,2.44140625,-0.18310546875,-1.46484375,97,381.4,"0",full
7a09a483-c77d-4a34-9750-25b7aeca6add,c9549b4e-052f-421d-b8f7-e4aa2078007e,2026-04-29T12:52:00.645Z,47,,32.858924865722656,68.8443603515625,32.65821838378906,99952.75,32.27894592285156,100416.890625,46.96429443359375,100348.28125,18.720260620117188,0,0.0693359375,0.9990234375,-0.080078125,138854,135590,3.90625,-1.953125,-2.99072265625,97,381.4,"0",full
7a09a483-c77d-4a34-9750-25b7aeca6add,c9549b4e-052f-421d-b8f7-e4aa2078007e,2026-04-29T12:52:00.723Z,47,,32.858924865722656,68.8443603515625,32.65821838378906,99952.75,32.27894592285156,100416.890625,46.96299743652344,100348.234375,18.720260620117188,0,0.0693359375,0.9990234375,-0.080078125,138854,135590,3.90625,-1.953125,-2.99072265625,97,381.4,"0",full
7a09a483-c77d-4a34-9750-25b7aeca6add,c9549b4e-052f-421d-b8f7-e4aa2078007e,2026-04-29T12:52:00.780Z,47,,32.858924865722656,68.8443603515625,32.65605163574219,99969.375,32.277679443359375,100417.234375,46.9622802734375,100348.203125,18.720260620117188,0,0.078125,0.998291015625,-0.078125,138854,135590,3.0517578125,-2.99072265625,0.30517578125,97,381.4,"0",full
7a09a483-c77d-4a34-9750-25b7aeca6add,c9549b4e-052f-421d-b8f7-e4aa2078007e,2026-04-29T12:52:00.797Z,47,,32.858924865722656,71.4688720703125,32.65492248535156,99973.3125,32.2779541015625,100417.40625,46.96165466308594,100348.203125,18.748741149902344,0,0.078125,0.998291015625,-0.078125,136401,133646,3.0517578125,-2.99072265625,0.30517578125,97,381.4,"0",full
7a09a483-c77d-4a34-9750-25b7aeca6add,c9549b4e-052f-421d-b8f7-e4aa2078007e,2026-04-29T12:52:00.918Z,47,,32.858924865722656,71.4688720703125,32.65492248535156,99973.3125,32.2779541015625,100417.40625,46.96006774902344,100348.1875,18.748741149902344,0,0.078125,0.998291015625,-0.078125,136401,133646,3.0517578125,-2.99072265625,0.30517578125,97,381.4,"0",full
7a09a483-c77d-4a34-9750-25b7aeca6add,c9549b4e-052f-421d-b8f7-e4aa2078007e,2026-04-29T12:52:00.992Z,47,,32.858924865722656,71.4688720703125,32.65284729003906,99995.96875,32.278289794921875,100418.546875,46.95634460449219,100348.15625,18.748741149902344,0,0.05712890625,1.00537109375,-0.06982421875,136401,133646,3.41796875,-4.33349609375,-2.9296875,97,381.4,"0",full
7a09a483-c77d-4a34-9750-25b7aeca6add,c9549b4e-052f-421d-b8f7-e4aa2078007e,2026-04-29T12:52:01.054Z,47,,32.858924865722656,71.4688720703125,32.651031494140625,100045.15625,32.278350830078125,100422.15625,46.95655822753906,100348.140625,18.748741149902344,0,0.079833984375,1.01171875,-0.05712890625,136401,133646,2.99072265625,-1.40380859375,1.40380859375,97,381.4,"0",full
7a09a483-c77d-4a34-9750-25b7aeca6add,c9549b4e-052f-421d-b8f7-e4aa2078007e,2026-04-29T12:52:01.096Z,47,,32.80530548095703,70.94244384765625,32.651031494140625,100045.15625,32.278350830078125,100422.15625,46.95655822753906,100348.140625,18.549381256103516,0,0.079833984375,1.01171875,-0.05712890625,136108,133515,2.99072265625,-1.40380859375,1.40380859375,97,381.4,"0",full
7a09a483-c77d-4a34-9750-25b7aeca6add,c9549b4e-052f-421d-b8f7-e4aa2078007e,2026-04-29T12:52:01.158Z,47,,32.80530548095703,70.94244384765625,32.651031494140625,100045.15625,32.278350830078125,100422.15625,46.954498291015625,100348.078125,18.549381256103516,0,0.079833984375,1.01171875,-0.05712890625,136108,133515,2.99072265625,-1.40380859375,1.40380859375,97,381.4,"0",full
7a09a483-c77d-4a34-9750-25b7aeca6add,c9549b4e-052f-421d-b8f7-e4aa2078007e,2026-04-29T12:52:01.239Z,47,,32.80530548095703,70.94244384765625,32.64720153808594,100092.484375,32.278411865234375,100424.671875,46.954498291015625,100348.078125,18.549381256103516,0,0.062744140625,0.982421875,-0.04833984375,136108,133515,4.7607421875,-2.62451171875,-4.08935546875,97,381.4,"0",full
7a09a483-c77d-4a34-9750-25b7aeca6add,c9549b4e-052f-421d-b8f7-e4aa2078007e,2026-04-29T12:52:01.308Z,47,,32.80530548095703,70.94244384765625,32.64720153808594,100092.484375,32.278411865234375,100424.671875,46.95355224609375,100348.046875,18.549381256103516,0,0.062744140625,0.982421875,-0.04833984375,136108,133515,4.7607421875,-2.62451171875,-4.08935546875,97,381.4,"0",full
7a09a483-c77d-4a34-9750-25b7aeca6add,c9549b4e-052f-421d-b8f7-e4aa2078007e,2026-04-29T12:52:01.333Z,47,,32.80530548095703,70.94244384765625,32.64360046386719,100176.71875,32.27606201171875,100428.328125,46.951507568359375,100348.015625,18.549381256103516,0,0.10791015625,0.976318359375,-0.031005859375,136108,133515,3.72314453125,1.52587890625,-4.21142578125,97,381.4,"0",full
7a09a483-c77d-4a34-9750-25b7aeca6add,c9549b4e-052f-421d-b8f7-e4aa2078007e,2026-04-29T12:52:01.337Z,47,,32.77312469482422,64.61004638671875,32.643096923828125,100189.1875,32.27606201171875,100428.328125,46.951507568359375,100348.015625,18.492420196533203,0,0.0888671875,0.97998046875,-0.023681640625,135983,133435,4.57763671875,1.52587890625,-4.7607421875,97,381.4,"0",full
7a09a483-c77d-4a34-9750-25b7aeca6add,c9549b4e-052f-421d-b8f7-e4aa2078007e,2026-04-29T12:52:01.443Z,47,,32.77312469482422,64.61004638671875,32.643096923828125,100189.1875,32.27606201171875,100428.328125,46.949920654296875,100347.9375,18.492420196533203,0,0.0888671875,0.97998046875,-0.023681640625,135983,133435,4.57763671875,1.52587890625,-4.7607421875,97,381.4,"0",full
7a09a483-c77d-4a34-9750-25b7aeca6add,c9549b4e-052f-421d-b8f7-e4aa2078007e,2026-04-29T12:52:01.470Z,47,,32.77312469482422,64.61004638671875,32.64128112792969,100247.078125,32.27656555175781,100430.609375,46.949920654296875,100347.9375,18.492420196533203,0,0.10498046875,1.019287109375,-0.03759765625,135983,133435,1.5869140625,0.06103515625,0.1220703125,97,381.4,"0",full
7a09a483-c77d-4a34-9750-25b7aeca6add,c9549b4e-052f-421d-b8f7-e4aa2078007e,2026-04-29T12:52:01.532Z,47,,32.77312469482422,64.61004638671875,32.64128112792969,100247.078125,32.27656555175781,100430.609375,46.945465087890625,100347.953125,18.492420196533203,0,0.10498046875,1.019287109375,-0.03759765625,135983,133435,1.5869140625,0.06103515625,0.1220703125,97,381.4,"0",full
7a09a483-c77d-4a34-9750-25b7aeca6add,c9549b4e-052f-421d-b8f7-e4aa2078007e,2026-04-29T12:52:01.606Z,47,,32.77312469482422,64.61004638671875,32.637054443359375,100312.703125,32.27403259277344,100433.640625,46.94500732421875,100347.953125,18.492420196533203,0,0.0556640625,1.042236328125,-0.053466796875,135983,133435,0.244140625,3.662109375,3.35693359375,97,381.4,"0",full
7a09a483-c77d-4a34-9750-25b7aeca6add,c9549b4e-052f-421d-b8f7-e4aa2078007e,2026-04-29T12:52:01.632Z,47,,32.76240539550781,57.56048583984375,32.637054443359375,100312.703125,32.274017333984375,100434.078125,46.94427490234375,100347.9375,18.435461044311523,0,0.0556640625,1.042236328125,-0.053466796875,135916,133417,0.244140625,3.662109375,3.35693359375,97,381.4,"0",full
7a09a483-c77d-4a34-9750-25b7aeca6add,c9549b4e-052f-421d-b8f7-e4aa2078007e,2026-04-29T12:52:01.696Z,47,,32.76240539550781,57.56048583984375,32.637054443359375,100312.703125,32.274017333984375,100434.078125,46.94075012207031,100347.953125,18.435461044311523,0,0.0556640625,1.042236328125,-0.053466796875,135916,133417,0.244140625,3.662109375,3.35693359375,97,381.4,"0",full
7a09a483-c77d-4a34-9750-25b7aeca6add,c9549b4e-052f-421d-b8f7-e4aa2078007e,2026-04-29T12:52:01.711Z,47,,32.76240539550781,57.56048583984375,32.63331604003906,100347,32.2738037109375,100436.296875,46.94026184082031,100347.96875,18.435461044311523,0,0.0947265625,1.004638671875,-0.034423828125,135916,133417,2.01416015625,-1.89208984375,-1.40380859375,97,381.4,"0",full
7a09a483-c77d-4a34-9750-25b7aeca6add,c9549b4e-052f-421d-b8f7-e4aa2078007e,2026-04-29T12:52:01.832Z,47,,32.76240539550781,57.56048583984375,32.63331604003906,100347,32.2738037109375,100436.296875,46.937103271484375,100347.96875,18.435461044311523,0,0.0947265625,1.004638671875,-0.034423828125,135916,133417,2.01416015625,-1.89208984375,-1.40380859375,97,381.4,"0",full
7a09a483-c77d-4a34-9750-25b7aeca6add,c9549b4e-052f-421d-b8f7-e4aa2078007e,2026-04-29T12:52:01.907Z,47,,32.76240539550781,57.56048583984375,32.633819580078125,100379.640625,32.272613525390625,100438.3125,46.936126708984375,100347.96875,18.435461044311523,0,0.124267578125,0.98681640625,-0.02685546875,135916,133417,1.708984375,-2.13623046875,-1.708984375,97,381.4,"0",full
7a09a483-c77d-4a34-9750-25b7aeca6add,c9549b4e-052f-421d-b8f7-e4aa2078007e,2026-04-29T12:52:01.983Z,47,,32.751678466796875,52.14361572265625,32.63337707519531,100383.109375,32.272613525390625,100438.3125,46.932861328125,100347.9375,18.435461044311523,0,0.124267578125,0.98681640625,-0.02685546875,135729,133259,1.708984375,-2.13623046875,-1.708984375,97,381.4,"0",full
7a09a483-c77d-4a34-9750-25b7aeca6add,c9549b4e-052f-421d-b8f7-e4aa2078007e,2026-04-29T12:52:02.011Z,47,,32.751678466796875,52.14361572265625,32.63227844238281,100396.40625,32.270782470703125,100439.234375,46.932861328125,100347.9375,18.435461044311523,0,0.1123046875,0.991943359375,-0.024658203125,135729,133259,0,-0.67138671875,-0.18310546875,97,381.4,"0",full
7a09a483-c77d-4a34-9750-25b7aeca6add,c9549b4e-052f-421d-b8f7-e4aa2078007e,2026-04-29T12:52:02.071Z,47,,32.751678466796875,52.14361572265625,32.63227844238281,100396.40625,32.270782470703125,100439.234375,46.92955017089844,100347.953125,18.435461044311523,0,0.1123046875,0.991943359375,-0.024658203125,135729,133259,0,-0.67138671875,-0.18310546875,97,381.4,"0",full
7a09a483-c77d-4a34-9750-25b7aeca6add,c9549b4e-052f-421d-b8f7-e4aa2078007e,2026-04-29T12:52:02.131Z,47,,32.751678466796875,52.14361572265625,32.62797546386719,100405.421875,32.27296447753906,100439.703125,46.92893981933594,100348.015625,18.435461044311523,0,0.146240234375,1.0009765625,-0.033203125,135729,133259,2.5634765625,0.42724609375,-3.96728515625,97,381.4,"0",full
7a09a483-c77d-4a34-9750-25b7aeca6add,c9549b4e-052f-421d-b8f7-e4aa2078007e,2026-04-29T12:52:02.162Z,47,,32.76240539550781,49.23681640625,32.62797546386719,100405.421875,32.27296447753906,100439.703125,46.92832946777344,100348.03125,18.606340408325195,0,0.147216796875,0.97509765625,-0.013916015625,135516,133158,5.06591796875,-1.15966796875,-7.87353515625,97,381.4,"0",full
7a09a483-c77d-4a34-9750-25b7aeca6add,c9549b4e-052f-421d-b8f7-e4aa2078007e,2026-04-29T12:52:02.305Z,60,,32.76240539550781,49.23681640625,32.62797546386719,100405.421875,32.27296447753906,100439.703125,46.9278564453125,100348,18.606340408325195,0,0.147216796875,0.97509765625,-0.013916015625,135516,133158,5.06591796875,-1.15966796875,-7.87353515625,97,381.4,"0",full
7a09a483-c77d-4a34-9750-25b7aeca6add,c9549b4e-052f-421d-b8f7-e4aa2078007e,2026-04-29T12:52:02.306Z,60,,32.76240539550781,49.23681640625,32.62818908691406,100369.21875,32.27201843261719,100436.46875,46.9278564453125,100348,18.606340408325195,0,0.05126953125,1.016357421875,-0.0537109375,135516,133158,-1.0986328125,-1.953125,-2.5634765625,97,381.4,"0",full
7a09a483-c77d-4a34-9750-25b7aeca6add,c9549b4e-052f-421d-b8f7-e4aa2078007e,2026-04-29T12:52:02.357Z,60,,32.76240539550781,49.23681640625,32.62818908691406,100369.21875,32.27201843261719,100436.46875,46.92530822753906,100348,18.606340408325195,0,0.05126953125,1.016357421875,-0.0537109375,135516,133158,-1.0986328125,-1.953125,-2.5634765625,97,381.4,"0",full
7a09a483-c77d-4a34-9750-25b7aeca6add,c9549b4e-052f-421d-b8f7-e4aa2078007e,2026-04-29T12:52:02.418Z,60,,32.76240539550781,49.23681640625,32.629852294921875,100267.984375,32.272705078125,100431.859375,46.92372131347656,100347.96875,18.606340408325195,0,0.07373046875,0.999267578125,-0.06201171875,135516,133158,0.9765625,-0.6103515625,-5.43212890625,97,381.4,"0",full
7a09a483-c77d-4a34-9750-25b7aeca6add,c9549b4e-052f-421d-b8f7-e4aa2078007e,2026-04-29T12:52:02.447Z,60,,32.794578552246094,48.9468994140625,32.63002014160156,100252.40625,32.273223876953125,100431.171875,46.92372131347656,100347.96875,18.63482093811035,0,0.07373046875,0.999267578125,-0.06201171875,135666,133275,0.9765625,-0.6103515625,-5.43212890625,97,381.4,"0",full
7a09a483-c77d-4a34-9750-25b7aeca6add,c9549b4e-052f-421d-b8f7-e4aa2078007e,2026-04-29T12:52:02.523Z,60,,32.794578552246094,48.9468994140625,32.63002014160156,100252.40625,32.273223876953125,100431.171875,46.91981506347656,100347.984375,18.63482093811035,0,0.07373046875,0.999267578125,-0.06201171875,135666,133275,0.9765625,-0.6103515625,-5.43212890625,97,381.4,"0",full
7a09a483-c77d-4a34-9750-25b7aeca6add,c9549b4e-052f-421d-b8f7-e4aa2078007e,2026-04-29T12:52:02.551Z,60,,32.794578552246094,48.9468994140625,32.63136291503906,100177.671875,32.27476501464844,100428.375,46.91981506347656,100347.984375,18.63482093811035,0,0.140625,0.99853515625,-0.035888671875,135666,133275,-1.46484375,1.5869140625,-0.67138671875,97,381.4,"0",full
7a09a483-c77d-4a34-9750-25b7aeca6add,c9549b4e-052f-421d-b8f7-e4aa2078007e,2026-04-29T12:52:02.657Z,60,,32.794578552246094,48.9468994140625,32.63136291503906,100177.671875,32.27476501464844,100428.375,46.91868591308594,100348.03125,18.63482093811035,0,0.140625,0.99853515625,-0.035888671875,135666,133275,-1.46484375,1.5869140625,-0.67138671875,97,381.4,"0",full
7a09a483-c77d-4a34-9750-25b7aeca6add,c9549b4e-052f-421d-b8f7-e4aa2078007e,2026-04-29T12:52:02.682Z,60,,32.794578552246094,48.9468994140625,32.63580322265625,100091.765625,32.2755126953125,100424.9375,46.917327880859375,100348.0625,18.63482093811035,0,0.13623046875,0.998046875,-0.038818359375,135666,133275,-3.7841796875,0.18310546875,3.173828125,97,381.4,"0",full
7a09a483-c77d-4a34-9750-25b7aeca6add,c9549b4e-052f-421d-b8f7-e4aa2078007e,2026-04-29T12:52:02.702Z,60,,32.84820556640625,56.3016357421875,32.63580322265625,100091.765625,32.2755126953125,100424.9375,46.917327880859375,100348.0625,18.89113998413086,0,0.128662109375,0.9912109375,-0.02490234375,135703,133305,-2.197265625,-0.91552734375,2.197265625,97,381.4,"0",full
7a09a483-c77d-4a34-9750-25b7aeca6add,c9549b4e-052f-421d-b8f7-e4aa2078007e,2026-04-29T12:52:02.792Z,60,,32.84820556640625,56.3016357421875,32.63580322265625,100091.765625,32.2755126953125,100424.9375,46.91566467285156,100348.09375,18.89113998413086,0,0.128662109375,0.9912109375,-0.02490234375,135703,133305,-2.197265625,-0.91552734375,2.197265625,97,381.4,"0",full
7a09a483-c77d-4a34-9750-25b7aeca6add,c9549b4e-052f-421d-b8f7-e4aa2078007e,2026-04-29T12:52:02.824Z,60,,32.84820556640625,56.3016357421875,32.64067077636719,100047.296875,32.27781677246094,100422.953125,46.91566467285156,100348.09375,18.89113998413086,0,0.14990234375,0.9794921875,-0.02783203125,135703,133305,-2.74658203125,0.48828125,2.3193359375,97,381.4,"0",full
7a09a483-c77d-4a34-9750-25b7aeca6add,c9549b4e-052f-421d-b8f7-e4aa2078007e,2026-04-29T12:52:02.897Z,60,,32.84820556640625,56.3016357421875,32.64067077636719,100047.296875,32.27781677246094,100422.953125,46.9132080078125,100348.09375,18.89113998413086,0,0.14990234375,0.9794921875,-0.02783203125,135703,133305,-2.74658203125,0.48828125,2.3193359375,97,381.4,"0",full
7a09a483-c77d-4a34-9750-25b7aeca6add,c9549b4e-052f-421d-b8f7-e4aa2078007e,2026-04-29T12:52:02.957Z,60,,32.84820556640625,56.3016357421875,32.64399719238281,100007.4375,32.27836608886719,100420.5625,46.91230773925781,100348.140625,18.89113998413086,0,0.0947265625,1,-0.046630859375,135703,133305,-1.5869140625,-0.8544921875,0.732421875,97,381.4,"0",full
7a09a483-c77d-4a34-9750-25b7aeca6add,c9549b4e-052f-421d-b8f7-e4aa2078007e,2026-04-29T12:52:02.972Z,60,,32.858924865722656,62.2373046875,32.644195556640625,100002.8125,32.27836608886719,100420.5625,46.91166687011719,100348.15625,18.777219772338867,0,0.131103515625,0.994384765625,-0.032470703125,135511,133167,-1.28173828125,-0.79345703125,0.79345703125,97,381.4,"0",full
7a09a483-c77d-4a34-9750-25b7aeca6add,c9549b4e-052f-421d-b8f7-e4aa2078007e,2026-04-29T12:52:03.062Z,60,,32.858924865722656,62.2373046875,32.644195556640625,100002.8125,32.27836608886719,100420.5625,46.91001892089844,100348.109375,18.777219772338867,0,0.131103515625,0.994384765625,-0.032470703125,135511,133167,-1.28173828125,-0.79345703125,0.79345703125,97,381.4,"0",full
7a09a483-c77d-4a34-9750-25b7aeca6add,c9549b4e-052f-421d-b8f7-e4aa2078007e,2026-04-29T12:52:03.089Z,60,,32.858924865722656,62.2373046875,32.6468505859375,99982.421875,32.279022216796875,100419.015625,46.90962219238281,100348.109375,18.777219772338867,0,0.099853515625,1.00634765625,-0.07763671875,135511,133167,0.42724609375,1.52587890625,1.52587890625,97,381.4,"0",full
7a09a483-c77d-4a34-9750-25b7aeca6add,c9549b4e-052f-421d-b8f7-e4aa2078007e,2026-04-29T12:52:03.212Z,60,,32.858924865722656,62.2373046875,32.6468505859375,99982.421875,32.279022216796875,100419.015625,46.907318115234375,100348.125,18.777219772338867,0,0.099853515625,1.00634765625,-0.07763671875,135511,133167,0.42724609375,1.52587890625,1.52587890625,97,381.4,"0",full
7a09a483-c77d-4a34-9750-25b7aeca6add,c9549b4e-052f-421d-b8f7-e4aa2078007e,2026-04-29T12:52:03.242Z,60,,32.858924865722656,62.2373046875,32.64918518066406,99960.328125,32.27934265136719,100417.09375,46.90681457519531,100348.09375,18.777219772338867,0,0.106689453125,0.994873046875,-0.069580078125,135511,133167,0.9765625,-0.1220703125,0.91552734375,97,381.4,"0",full
7a09a483-c77d-4a34-9750-25b7aeca6add,c9549b4e-052f-421d-b8f7-e4aa2078007e,2026-04-29T12:52:03.312Z,62,,32.858924865722656,66.5860595703125,32.64918518066406,99960.328125,32.279693603515625,100416.796875,46.90681457519531,100348.09375,18.805700302124023,0,0.106689453125,0.994873046875,-0.069580078125,135602,133230,0.9765625,-0.1220703125,0.91552734375,97,381.4,"0",full
7a09a483-c77d-4a34-9750-25b7aeca6add,c9549b4e-052f-421d-b8f7-e4aa2078007e,2026-04-29T12:52:03.336Z,62,,32.858924865722656,66.5860595703125,32.64918518066406,99960.328125,32.279693603515625,100416.796875,46.90440368652344,100348.09375,18.805700302124023,0,0.106689453125,0.994873046875,-0.069580078125,135602,133230,0.9765625,-0.1220703125,0.91552734375,97,381.4,"0",full
7a09a483-c77d-4a34-9750-25b7aeca6add,c9549b4e-052f-421d-b8f7-e4aa2078007e,2026-04-29T12:52:03.365Z,62,,32.858924865722656,66.5860595703125,32.6519775390625,99951.53125,32.282562255859375,100415.453125,46.90440368652344,100348.09375,18.805700302124023,0,0.106689453125,0.996337890625,-0.04931640625,135602,133230,1.220703125,0.54931640625,-0.06103515625,97,381.4,"0",full
7a09a483-c77d-4a34-9750-25b7aeca6add,c9549b4e-052f-421d-b8f7-e4aa2078007e,2026-04-29T12:52:03.438Z,62,,32.858924865722656,66.5860595703125,32.6519775390625,99951.53125,32.282562255859375,100415.453125,46.903350830078125,100348.078125,18.805700302124023,0,0.106689453125,0.996337890625,-0.04931640625,135602,133230,1.220703125,0.54931640625,-0.06103515625,97,381.4,"0",full
7a09a483-c77d-4a34-9750-25b7aeca6add,c9549b4e-052f-421d-b8f7-e4aa2078007e,2026-04-29T12:52:03.498Z,62,,32.858924865722656,66.5860595703125,32.648895263671875,99947.4375,32.281280517578125,100413.984375,46.9036865234375,100348.078125,18.805700302124023,0,0.096435546875,0.99853515625,-0.0537109375,135602,133230,1.28173828125,0.18310546875,0.732421875,97,381.4,"0",full
7a09a483-c77d-4a34-9750-25b7aeca6add,c9549b4e-052f-421d-b8f7-e4aa2078007e,2026-04-29T12:52:03.512Z,62,,32.858924865722656,69.6988525390625,32.64881896972656,99947.296875,32.281280517578125,100413.984375,46.9036865234375,100348.078125,18.748741149902344,0,0.11181640625,0.971435546875,-0.03271484375,136026,133476,1.40380859375,0.42724609375,0.54931640625,97,381.4,"0",full
7a09a483-c77d-4a34-9750-25b7aeca6add,c9549b4e-052f-421d-b8f7-e4aa2078007e,2026-04-29T12:52:03.618Z,62,,32.858924865722656,69.6988525390625,32.64881896972656,99947.296875,32.281280517578125,100413.984375,46.90055847167969,100348.09375,18.748741149902344,0,0.11181640625,0.971435546875,-0.03271484375,136026,133476,1.40380859375,0.42724609375,0.54931640625,97,381.4,"0",full
7a09a483-c77d-4a34-9750-25b7aeca6add,c9549b4e-052f-421d-b8f7-e4aa2078007e,2026-04-29T12:52:03.650Z,62,,32.858924865722656,69.6988525390625,32.652374267578125,99945.953125,32.2828369140625,100413.046875,46.90055847167969,100348.09375,18.748741149902344,0,0.12255859375,1.005859375,-0.048095703125,136026,133476,0.42724609375,0,0.91552734375,97,381.4,"0",full
7a09a483-c77d-4a34-9750-25b7aeca6add,c9549b4e-052f-421d-b8f7-e4aa2078007e,2026-04-29T12:52:03.723Z,62,,32.858924865722656,69.6988525390625,32.652374267578125,99945.953125,32.2828369140625,100413.046875,46.89788818359375,100348.140625,18.748741149902344,0,0.12255859375,1.005859375,-0.048095703125,136026,133476,0.42724609375,0,0.91552734375,97,381.4,"0",full
7a09a483-c77d-4a34-9750-25b7aeca6add,c9549b4e-052f-421d-b8f7-e4aa2078007e,2026-04-29T12:52:03.796Z,62,,32.858924865722656,69.6988525390625,32.65306091308594,99950.875,32.282318115234375,100412.453125,46.89802551269531,100348.109375,18.748741149902344,0,0.132080078125,1.004150390625,-0.0546875,136026,133476,0.06103515625,-0.18310546875,1.3427734375,97,381.4,"0",full
7a09a483-c77d-4a34-9750-25b7aeca6add,c9549b4e-052f-421d-b8f7-e4aa2078007e,2026-04-29T12:52:03.797Z,62,,32.858924865722656,71.99530029296875,32.65306091308594,99950.875,32.281951904296875,100412.5,46.89775085449219,100348.109375,18.69178009033203,0,0.11962890625,0.985595703125,-0.038818359375,146302,138661,0.54931640625,-0.732421875,0.06103515625,97,381.4,"0",full
7a09a483-c77d-4a34-9750-25b7aeca6add,c9549b4e-052f-421d-b8f7-e4aa2078007e,2026-04-29T12:52:03.902Z,62,,32.858924865722656,71.99530029296875,32.65306091308594,99950.875,32.281951904296875,100412.5,46.894012451171875,100348.109375,18.69178009033203,0,0.11962890625,0.985595703125,-0.038818359375,146302,138661,0.54931640625,-0.732421875,0.06103515625,97,381.4,"0",full
7a09a483-c77d-4a34-9750-25b7aeca6add,c9549b4e-052f-421d-b8f7-e4aa2078007e,2026-04-29T12:52:03.992Z,62,,32.858924865722656,71.99530029296875,32.65306091308594,99950.875,32.281951904296875,100412.5,46.89384460449219,100348.078125,18.69178009033203,0,0.11962890625,0.985595703125,-0.038818359375,146302,138661,0.54931640625,-0.732421875,0.06103515625,97,381.4,"0",full
7a09a483-c77d-4a34-9750-25b7aeca6add,c9549b4e-052f-421d-b8f7-e4aa2078007e,2026-04-29T12:52:04.037Z,62,,32.858924865722656,71.99530029296875,32.65385437011719,100001.8125,32.28338623046875,100415.140625,46.892059326171875,100348.09375,18.69178009033203,0,0.08984375,0.9833984375,-0.047119140625,146302,138661,0.06103515625,0.91552734375,2.0751953125,97,381.4,"0",full
7a09a483-c77d-4a34-9750-25b7aeca6add,c9549b4e-052f-421d-b8f7-e4aa2078007e,2026-04-29T12:52:04.063Z,62,,32.826751708984375,72.81927490234375,32.65266418457031,100008.703125,32.28338623046875,100415.140625,46.892059326171875,100348.09375,18.69178009033203,0,0.08984375,0.9833984375,-0.047119140625,146637,138827,0.06103515625,0.91552734375,2.0751953125,97,381.4,"0",full
7a09a483-c77d-4a34-9750-25b7aeca6add,c9549b4e-052f-421d-b8f7-e4aa2078007e,2026-04-29T12:52:04.165Z,62,,32.826751708984375,72.81927490234375,32.65266418457031,100008.703125,32.28338623046875,100415.140625,46.890716552734375,100348.078125,18.69178009033203,0,0.08984375,0.9833984375,-0.047119140625,146637,138827,0.06103515625,0.91552734375,2.0751953125,97,381.4,"0",full
7a09a483-c77d-4a34-9750-25b7aeca6add,c9549b4e-052f-421d-b8f7-e4aa2078007e,2026-04-29T12:52:04.192Z,62,,32.826751708984375,72.81927490234375,32.64839172363281,100041.1875,32.28193664550781,100417.5625,46.890716552734375,100348.078125,18.69178009033203,0,0.0947265625,1.018310546875,-0.05224609375,146637,138827,-1.220703125,3.72314453125,6.591796875,97,381.4,"0",full
7a09a483-c77d-4a34-9750-25b7aeca6add,c9549b4e-052f-421d-b8f7-e4aa2078007e,2026-04-29T12:52:04.320Z,64,,32.826751708984375,72.81927490234375,32.64839172363281,100041.1875,32.28193664550781,100417.5625,46.887298583984375,100348.109375,18.69178009033203,0,0.0947265625,1.018310546875,-0.05224609375,146637,138827,-1.220703125,3.72314453125,6.591796875,97,381.4,"0",full
7a09a483-c77d-4a34-9750-25b7aeca6add,c9549b4e-052f-421d-b8f7-e4aa2078007e,2026-04-29T12:52:04.348Z,64,,32.826751708984375,72.81927490234375,32.6441650390625,100136,32.277496337890625,100421.40625,46.884979248046875,100348.09375,18.69178009033203,0,0.06201171875,1.01220703125,-0.062255859375,146637,138827,2.50244140625,0.244140625,2.99072265625,97,381.4,"0",full
7a09a483-c77d-4a34-9750-25b7aeca6add,c9549b4e-052f-421d-b8f7-e4aa2078007e,2026-04-29T12:52:04.442Z,64,,32.794578552246094,68.08905029296875,32.6441650390625,100136,32.277496337890625,100421.40625,46.88288879394531,100348.09375,18.492420196533203,0,0.066650390625,0.998779296875,-0.044189453125,147490,139293,2.86865234375,-1.46484375,1.77001953125,97,381.4,"0",full
7a09a483-c77d-4a34-9750-25b7aeca6add,c9549b4e-052f-421d-b8f7-e4aa2078007e,2026-04-29T12:52:04.533Z,64,,32.794578552246094,68.08905029296875,32.64103698730469,100203.828125,32.27766418457031,100424.1875,46.88108825683594,100348.078125,18.492420196533203,0,0.10546875,0.988525390625,-0.03564453125,147490,139293,2.99072265625,5.06591796875,1.40380859375,97,381.4,"0",full
7a09a483-c77d-4a34-9750-25b7aeca6add,c9549b4e-052f-421d-b8f7-e4aa2078007e,2026-04-29T12:52:04.592Z,64,,32.794578552246094,68.08905029296875,32.63616943359375,100283.859375,32.27256774902344,100428.140625,46.88075256347656,100348.078125,18.492420196533203,0,0.093994140625,0.989990234375,-0.0498046875,147490,139293,2.0751953125,4.94384765625,-5.4931640625,97,381.4,"0",full
7a09a483-c77d-4a34-9750-25b7aeca6add,c9549b4e-052f-421d-b8f7-e4aa2078007e,2026-04-29T12:52:04.623Z,64,,32.77312469482422,60.2689208984375,32.63441467285156,100293.046875,32.27276611328125,100428.640625,46.88075256347656,100348.078125,18.37849998474121,0,0.112548828125,1.01513671875,-0.063720703125,136448,133939,2.01416015625,9.21630859375,-3.41796875,97,381.4,"0",full
7a09a483-c77d-4a34-9750-25b7aeca6add,c9549b4e-052f-421d-b8f7-e4aa2078007e,2026-04-29T12:52:04.698Z,64,,32.77312469482422,60.2689208984375,32.63441467285156,100293.046875,32.27276611328125,100428.640625,46.877349853515625,100348.09375,18.37849998474121,0,0.112548828125,1.01513671875,-0.063720703125,136448,133939,2.01416015625,9.21630859375,-3.41796875,97,381.4,"0",full
7a09a483-c77d-4a34-9750-25b7aeca6add,c9549b4e-052f-421d-b8f7-e4aa2078007e,2026-04-29T12:52:04.726Z,64,,32.77312469482422,60.2689208984375,32.63365173339844,100324.53125,32.27537536621094,100430.703125,46.877349853515625,100348.09375,18.37849998474121,0,0.056884765625,0.976318359375,-0.005859375,136448,133939,2.5634765625,2.8076171875,-13.427734375,97,381.4,"0",full
7a09a483-c77d-4a34-9750-25b7aeca6add,c9549b4e-052f-421d-b8f7-e4aa2078007e,2026-04-29T12:52:04.802Z,64,,32.77312469482422,60.2689208984375,32.63365173339844,100324.53125,32.27537536621094,100430.703125,46.8753662109375,100348.0625,18.37849998474121,0,0.056884765625,0.976318359375,-0.005859375,136448,133939,2.5634765625,2.8076171875,-13.427734375,97,381.4,"0",full
7a09a483-c77d-4a34-9750-25b7aeca6add,c9549b4e-052f-421d-b8f7-e4aa2078007e,2026-04-29T12:52:04.862Z,64,,32.77312469482422,60.2689208984375,32.63243103027344,100365.84375,32.27494812011719,100432.53125,46.87361145019531,100348.0625,18.37849998474121,0,0.114013671875,1.03076171875,-0.06884765625,136448,133939,-7.14111328125,10.1318359375,15.80810546875,97,381.4,"0",full
7a09a483-c77d-4a34-9750-25b7aeca6add,c9549b4e-052f-421d-b8f7-e4aa2078007e,2026-04-29T12:52:04.878Z,64,,32.76240539550781,54.3790283203125,32.63243103027344,100365.84375,32.27494812011719,100432.53125,46.87322998046875,100348.109375,18.37849998474121,0,0.114013671875,1.03076171875,-0.06884765625,150913,141232,-7.14111328125,10.1318359375,15.80810546875,97,381.4,"0",full
7a09a483-c77d-4a34-9750-25b7aeca6add,c9549b4e-052f-421d-b8f7-e4aa2078007e,2026-04-29T12:52:04.982Z,64,,32.76240539550781,54.3790283203125,32.63243103027344,100365.84375,32.27494812011719,100432.53125,46.868865966796875,100348.140625,18.37849998474121,0,0.114013671875,1.03076171875,-0.06884765625,150913,141232,-7.14111328125,10.1318359375,15.80810546875,97,381.4,"0",full
7a09a483-c77d-4a34-9750-25b7aeca6add,c9549b4e-052f-421d-b8f7-e4aa2078007e,2026-04-29T12:52:05.072Z,64,,32.76240539550781,54.3790283203125,32.63243103027344,100365.84375,32.27494812011719,100432.53125,46.86796569824219,100348.15625,18.37849998474121,0,0.114013671875,1.03076171875,-0.06884765625,150913,141232,-7.14111328125,10.1318359375,15.80810546875,97,381.4,"0",full
7a09a483-c77d-4a34-9750-25b7aeca6add,c9549b4e-052f-421d-b8f7-e4aa2078007e,2026-04-29T12:52:05.148Z,64,,32.76240539550781,54.3790283203125,32.62498474121094,100393.46875,32.274017333984375,100435.109375,46.86726379394531,100348.140625,18.37849998474121,0,0.09228515625,1,-0.05615234375,150913,141232,2.25830078125,-3.0517578125,-3.0517578125,97,381.4,"0",full
7a09a483-c77d-4a34-9750-25b7aeca6add,c9549b4e-052f-421d-b8f7-e4aa2078007e,2026-04-29T12:52:05.173Z,64,,32.76240539550781,50.9305419921875,32.62498474121094,100393.46875,32.274017333984375,100435.109375,46.86662292480469,100348.125,18.406980514526367,0,0.101318359375,1.015380859375,-0.064208984375,152061,141941,1.77001953125,-1.708984375,-1.3427734375,97,381.4,"0",full
7a09a483-c77d-4a34-9750-25b7aeca6add,c9549b4e-052f-421d-b8f7-e4aa2078007e,2026-04-29T12:52:05.237Z,64,,32.76240539550781,50.9305419921875,32.62498474121094,100393.46875,32.274017333984375,100435.109375,46.866668701171875,100348.15625,18.406980514526367,0,0.101318359375,1.015380859375,-0.064208984375,152061,141941,1.77001953125,-1.708984375,-1.3427734375,97,381.4,"0",full
7a09a483-c77d-4a34-9750-25b7aeca6add,c9549b4e-052f-421d-b8f7-e4aa2078007e,2026-04-29T12:52:05.252Z,64,,32.76240539550781,50.9305419921875,32.62471008300781,100400.53125,32.2723388671875,100436.0625,46.866119384765625,100348.1875,18.406980514526367,0,0.09033203125,0.98193359375,-0.038818359375,152061,141941,0.48828125,0.42724609375,1.220703125,97,381.4,"0",full
7a09a483-c77d-4a34-9750-25b7aeca6add,c9549b4e-052f-421d-b8f7-e4aa2078007e,2026-04-29T12:52:05.430Z,66,,32.76240539550781,50.9305419921875,32.62471008300781,100400.53125,32.2723388671875,100436.0625,46.86323547363281,100348.15625,18.406980514526367,0,0.09033203125,0.98193359375,-0.038818359375,152061,141941,0.48828125,0.42724609375,1.220703125,97,397.5,"0",full
7a09a483-c77d-4a34-9750-25b7aeca6add,c9549b4e-052f-421d-b8f7-e4aa2078007e,2026-04-29T12:52:05.431Z,66,,32.76240539550781,50.9305419921875,32.62495422363281,100391.03125,32.27238464355469,100436.890625,46.86091613769531,100348.125,18.406980514526367,0,0.11279296875,1.00244140625,-0.04052734375,152061,141941,0.30517578125,2.197265625,-1.0986328125,97,397.5,"0",full
7a09a483-c77d-4a34-9750-25b7aeca6add,c9549b4e-052f-421d-b8f7-e4aa2078007e,2026-04-29T12:52:05.432Z,66,,32.77312469482422,48.98504638671875,32.62495422363281,100391.03125,32.27128601074219,100436.84375,46.86091613769531,100348.125,18.69178009033203,0,0.11279296875,1.00244140625,-0.04052734375,152525,142197,0.30517578125,2.197265625,-1.0986328125,97,397.5,"0",full
7a09a483-c77d-4a34-9750-25b7aeca6add,c9549b4e-052f-421d-b8f7-e4aa2078007e,2026-04-29T12:52:05.523Z,66,,32.77312469482422,48.98504638671875,32.62495422363281,100391.03125,32.27128601074219,100436.84375,46.861053466796875,100348.109375,18.69178009033203,0,0.11279296875,1.00244140625,-0.04052734375,152525,142197,0.30517578125,2.197265625,-1.0986328125,97,397.5,"0",full
7a09a483-c77d-4a34-9750-25b7aeca6add,c9549b4e-052f-421d-b8f7-e4aa2078007e,2026-04-29T12:52:05.550Z,66,,32.77312469482422,48.98504638671875,32.6268310546875,100338.75,32.272552490234375,100434.328125,46.861053466796875,100348.109375,18.69178009033203,0,0.099609375,1.0244140625,-0.069580078125,152525,142197,0.1220703125,-1.64794921875,-2.01416015625,97,397.5,"0",full
7a09a483-c77d-4a34-9750-25b7aeca6add,c9549b4e-052f-421d-b8f7-e4aa2078007e,2026-04-29T12:52:05.613Z,66,,32.77312469482422,48.98504638671875,32.6268310546875,100338.75,32.272552490234375,100434.328125,46.85821533203125,100348.125,18.69178009033203,0,0.099609375,1.0244140625,-0.069580078125,152525,142197,0.1220703125,-1.64794921875,-2.01416015625,97,397.5,"0",full
7a09a483-c77d-4a34-9750-25b7aeca6add,c9549b4e-052f-421d-b8f7-e4aa2078007e,2026-04-29T12:52:05.673Z,66,,32.77312469482422,48.98504638671875,32.62919616699219,100222.515625,32.27360534667969,100430.90625,46.85758972167969,100348.125,18.69178009033203,0,0.134521484375,0.998779296875,-0.039306640625,152525,142197,1.40380859375,-4.82177734375,-4.638671875,97,397.5,"0",full
7a09a483-c77d-4a34-9750-25b7aeca6add,c9549b4e-052f-421d-b8f7-e4aa2078007e,2026-04-29T12:52:05.714Z,66,,32.77312469482422,49.88531494140625,32.62919616699219,100222.515625,32.27360534667969,100430.90625,46.85675048828125,100348.125,18.63482093811035,0,0.134521484375,0.998779296875,-0.039306640625,152701,142357,1.40380859375,-4.82177734375,-4.638671875,97,397.5,"0",full
7a09a483-c77d-4a34-9750-25b7aeca6add,c9549b4e-052f-421d-b8f7-e4aa2078007e,2026-04-29T12:52:05.792Z,66,,32.77312469482422,49.88531494140625,32.62919616699219,100222.515625,32.27360534667969,100430.90625,46.85517883300781,100348.125,18.63482093811035,0,0.134521484375,0.998779296875,-0.039306640625,152701,142357,1.40380859375,-4.82177734375,-4.638671875,97,397.5,"0",full
7a09a483-c77d-4a34-9750-25b7aeca6add,c9549b4e-052f-421d-b8f7-e4aa2078007e,2026-04-29T12:52:05.823Z,66,,32.77312469482422,49.88531494140625,32.63340759277344,100151.1875,32.27299499511719,100428.046875,46.85517883300781,100348.125,18.63482093811035,0,0.083251953125,1.003173828125,-0.062744140625,152701,142357,-0.9765625,0.3662109375,1.52587890625,97,397.5,"0",full
7a09a483-c77d-4a34-9750-25b7aeca6add,c9549b4e-052f-421d-b8f7-e4aa2078007e,2026-04-29T12:52:05.897Z,66,,32.77312469482422,49.88531494140625,32.63340759277344,100151.1875,32.27299499511719,100428.046875,46.85472106933594,100348.140625,18.63482093811035,0,0.083251953125,1.003173828125,-0.062744140625,152701,142357,-0.9765625,0.3662109375,1.52587890625,97,397.5,"0",full
7a09a483-c77d-4a34-9750-25b7aeca6add,c9549b4e-052f-421d-b8f7-e4aa2078007e,2026-04-29T12:52:05.956Z,66,,32.77312469482422,49.88531494140625,32.635986328125,100061.34375,32.27775573730469,100425.328125,46.8524169921875,100348.140625,18.63482093811035,0,0.113525390625,1.013427734375,-0.061767578125,152701,142357,-1.5869140625,-2.01416015625,-0.30517578125,97,397.5,"0",full
7a09a483-c77d-4a34-9750-25b7aeca6add,c9549b4e-052f-421d-b8f7-e4aa2078007e,2026-04-29T12:52:05.972Z,66,,32.83747863769531,57.24005126953125,32.635986328125,100061.34375,32.2777099609375,100425.046875,46.8524169921875,100348.140625,18.777219772338867,0,0.1220703125,0.99267578125,-0.037353515625,152681,142412,-2.5634765625,-2.3193359375,-0.3662109375,97,397.5,"0",full
7a09a483-c77d-4a34-9750-25b7aeca6add,c9549b4e-052f-421d-b8f7-e4aa2078007e,2026-04-29T12:52:06.064Z,66,,32.83747863769531,57.24005126953125,32.635986328125,100061.34375,32.2777099609375,100425.046875,46.84965515136719,100348.171875,18.777219772338867,0,0.1220703125,0.99267578125,-0.037353515625,152681,142412,-2.5634765625,-2.3193359375,-0.3662109375,97,397.5,"0",full
7a09a483-c77d-4a34-9750-25b7aeca6add,c9549b4e-052f-421d-b8f7-e4aa2078007e,2026-04-29T12:52:06.152Z,66,,32.83747863769531,57.24005126953125,32.635986328125,100061.34375,32.2777099609375,100425.046875,46.84724426269531,100348.15625,18.777219772338867,0,0.1220703125,0.99267578125,-0.037353515625,152681,142412,-2.5634765625,-2.3193359375,-0.3662109375,97,397.5,"0",full
7a09a483-c77d-4a34-9750-25b7aeca6add,c9549b4e-052f-421d-b8f7-e4aa2078007e,2026-04-29T12:52:06.228Z,66,,32.83747863769531,57.24005126953125,32.642730712890625,99980.40625,32.27729797363281,100422.40625,46.844818115234375,100348.125,18.777219772338867,0,0.110107421875,1.005859375,-0.068115234375,152681,142412,0.9765625,-1.77001953125,-2.99072265625,97,397.5,"0",full
7a09a483-c77d-4a34-9750-25b7aeca6add,c9549b4e-052f-421d-b8f7-e4aa2078007e,2026-04-29T12:52:06.254Z,66,,32.858924865722656,63.02313232421875,32.642730712890625,99980.40625,32.2762451171875,100422.203125,46.844818115234375,100348.125,18.83418083190918,0,0.110107421875,1.005859375,-0.068115234375,152354,142264,0.9765625,-1.77001953125,-2.99072265625,97,397.5,"0",full
7a09a483-c77d-4a34-9750-25b7aeca6add,c9549b4e-052f-421d-b8f7-e4aa2078007e,2026-04-29T12:52:06.433Z,0,,32.858924865722656,63.02313232421875,32.642730712890625,99980.40625,32.2762451171875,100422.203125,46.84053039550781,100348.109375,18.83418083190918,0,0.110107421875,1.005859375,-0.068115234375,152354,142264,0.9765625,-1.77001953125,-2.99072265625,0,397.5,"0",full
7a09a483-c77d-4a34-9750-25b7aeca6add,c9549b4e-052f-421d-b8f7-e4aa2078007e,2026-04-29T12:52:06.462Z,0,,32.858924865722656,63.02313232421875,32.64537048339844,99961.078125,32.279022216796875,100420.796875,46.83740234375,100348.15625,18.83418083190918,0,0.12646484375,1.011962890625,-0.05322265625,152354,142264,-3.11279296875,1.40380859375,3.2958984375,0,397.5,"0",full
7a09a483-c77d-4a34-9750-25b7aeca6add,c9549b4e-052f-421d-b8f7-e4aa2078007e,2026-04-29T12:52:06.496Z,0,,32.858924865722656,63.02313232421875,32.6461181640625,99943.3125,32.27899169921875,100419.40625,46.83711242675781,100348.171875,18.83418083190918,0,0.1201171875,1.00537109375,-0.056396484375,152354,142264,-0.732421875,-0.732421875,0.1220703125,0,397.5,"0",full
7a09a483-c77d-4a34-9750-25b7aeca6add,c9549b4e-052f-421d-b8f7-e4aa2078007e,2026-04-29T12:52:06.512Z,0,,32.869651794433594,67.028564453125,32.647308349609375,99941.15625,32.27899169921875,100419.40625,46.83673095703125,100348.15625,18.805700302124023,0,0.1201171875,1.00537109375,-0.056396484375,152504,142373,-0.732421875,-0.732421875,0.1220703125,0,397.5,"0",full
7a09a483-c77d-4a34-9750-25b7aeca6add,c9549b4e-052f-421d-b8f7-e4aa2078007e,2026-04-29T12:52:06.602Z,0,,32.869651794433594,67.028564453125,32.647308349609375,99941.15625,32.27899169921875,100419.40625,46.83392333984375,100348.15625,18.805700302124023,0,0.1201171875,1.00537109375,-0.056396484375,152504,142373,-0.732421875,-0.732421875,0.1220703125,0,397.5,"0",full
7a09a483-c77d-4a34-9750-25b7aeca6add,c9549b4e-052f-421d-b8f7-e4aa2078007e,2026-04-29T12:52:06.629Z,0,,32.869651794433594,67.028564453125,32.648651123046875,99932.3125,32.28157043457031,100418.34375,46.834228515625,100348.1875,18.805700302124023,0,0.116943359375,0.994140625,-0.03369140625,152504,142373,0.48828125,-0.79345703125,-0.18310546875,0,397.5,"0",full
7a09a483-c77d-4a34-9750-25b7aeca6add,c9549b4e-052f-421d-b8f7-e4aa2078007e,2026-04-29T12:52:06.723Z,0,,32.869651794433594,67.028564453125,32.648651123046875,99932.3125,32.28157043457031,100418.34375,46.831329345703125,100348.125,18.805700302124023,0,0.116943359375,0.994140625,-0.03369140625,152504,142373,0.48828125,-0.79345703125,-0.18310546875,0,397.5,"0",full
7a09a483-c77d-4a34-9750-25b7aeca6add,c9549b4e-052f-421d-b8f7-e4aa2078007e,2026-04-29T12:52:06.780Z,0,,32.869651794433594,67.028564453125,32.65167236328125,99923.546875,32.28155517578125,100416.875,46.83027648925781,100348.125,18.805700302124023,0,0.11474609375,1.00146484375,-0.055908203125,152504,142373,0.79345703125,0.1220703125,1.52587890625,0,397.5,"0",full
7a09a483-c77d-4a34-9750-25b7aeca6add,c9549b4e-052f-421d-b8f7-e4aa2078007e,2026-04-29T12:52:06.797Z,0,,32.84820556640625,70.324462890625,32.65229797363281,99922.796875,32.281524658203125,100416.734375,46.83027648925781,100348.125,18.777219772338867,0,0.117431640625,0.992431640625,-0.047119140625,153151,142828,0.6103515625,-0.1220703125,1.3427734375,0,397.5,"0",full
7a09a483-c77d-4a34-9750-25b7aeca6add,c9549b4e-052f-421d-b8f7-e4aa2078007e,2026-04-29T12:52:06.873Z,0,,32.84820556640625,70.324462890625,32.65229797363281,99922.796875,32.281524658203125,100416.734375,46.830230712890625,100348.125,18.777219772338867,0,0.117431640625,0.992431640625,-0.047119140625,153151,142828,0.6103515625,-0.1220703125,1.3427734375,0,397.5,"0",full
7a09a483-c77d-4a34-9750-25b7aeca6add,c9549b4e-052f-421d-b8f7-e4aa2078007e,2026-04-29T12:52:06.993Z,0,,32.84820556640625,70.324462890625,32.65229797363281,99922.796875,32.281524658203125,100416.734375,46.82402038574219,100348.125,18.777219772338867,0,0.117431640625,0.992431640625,-0.047119140625,153151,142828,0.6103515625,-0.1220703125,1.3427734375,0,397.5,"0",full
7a09a483-c77d-4a34-9750-25b7aeca6add,c9549b4e-052f-421d-b8f7-e4aa2078007e,2026-04-29T12:52:07.067Z,0,,32.84820556640625,70.324462890625,32.65150451660156,99935.09375,32.283294677734375,100417.0625,46.821746826171875,100348.15625,18.777219772338867,0,0.09033203125,0.975830078125,-0.03955078125,153151,142828,1.15966796875,-1.8310546875,-1.0986328125,0,397.5,"0",full
7a09a483-c77d-4a34-9750-25b7aeca6add,c9549b4e-052f-421d-b8f7-e4aa2078007e,2026-04-29T12:52:07.158Z,0,,32.84820556640625,72.72772216796875,32.65119934082031,99938.59375,32.283294677734375,100417.0625,46.82072448730469,100348.078125,18.69178009033203,0,0.09033203125,0.975830078125,-0.03955078125,152661,142589,1.15966796875,-1.8310546875,-1.0986328125,0,397.5,"0",full
7a09a483-c77d-4a34-9750-25b7aeca6add,c9549b4e-052f-421d-b8f7-e4aa2078007e,2026-04-29T12:52:07.189Z,0,,32.84820556640625,72.72772216796875,32.649993896484375,99965.640625,32.282958984375,100419.03125,46.82072448730469,100348.078125,18.69178009033203,0,0.09228515625,1.0283203125,-0.07373046875,152661,142589,-5.06591796875,4.8828125,8.9111328125,0,397.5,"0",full
7a09a483-c77d-4a34-9750-25b7aeca6add,c9549b4e-052f-421d-b8f7-e4aa2078007e,2026-04-29T12:52:07.262Z,0,,32.84820556640625,72.72772216796875,32.649993896484375,99965.640625,32.282958984375,100419.03125,46.81927490234375,100348.03125,18.69178009033203,0,0.09228515625,1.0283203125,-0.07373046875,152661,142589,-5.06591796875,4.8828125,8.9111328125,0,397.5,"0",full
7a09a483-c77d-4a34-9750-25b7aeca6add,c9549b4e-052f-421d-b8f7-e4aa2078007e,2026-04-29T12:52:07.321Z,0,,32.84820556640625,72.72772216796875,32.64768981933594,100058.75,32.28263854980469,100423.390625,46.8187255859375,100348.0625,18.69178009033203,0,0.083740234375,1.01904296875,-0.079833984375,152661,142589,2.0751953125,-2.38037109375,3.60107421875,0,397.5,"0",full
7a09a483-c77d-4a34-9750-25b7aeca6add,c9549b4e-052f-421d-b8f7-e4aa2078007e,2026-04-29T12:52:07.337Z,0,,32.81602478027344,71.59857177734375,32.64768981933594,100058.75,32.28263854980469,100423.390625,46.8187255859375,100348.0625,18.777219772338867,0,0.083740234375,1.01904296875,-0.079833984375,150940,141661,2.0751953125,-2.38037109375,3.60107421875,0,397.5,"0",full
7a09a483-c77d-4a34-9750-25b7aeca6add,c9549b4e-052f-421d-b8f7-e4aa2078007e,2026-04-29T12:52:07.479Z,0,,32.81602478027344,71.59857177734375,32.64768981933594,100058.75,32.28263854980469,100423.390625,46.816192626953125,100348.03125,18.777219772338867,0,0.083740234375,1.01904296875,-0.079833984375,150940,141661,2.0751953125,-2.38037109375,3.60107421875,0,397.5,"0",full
7a09a483-c77d-4a34-9750-25b7aeca6add,c9549b4e-052f-421d-b8f7-e4aa2078007e,2026-04-29T12:52:07.532Z,0,,32.81602478027344,71.59857177734375,32.64280700683594,100137.9375,32.27845764160156,100426.421875,46.813262939453125,100348.046875,18.777219772338867,0,0.0927734375,0.990966796875,-0.069091796875,150940,141661,1.28173828125,1.46484375,-0.48828125,0,397.5,"0",full
7a09a483-c77d-4a34-9750-25b7aeca6add,c9549b4e-052f-421d-b8f7-e4aa2078007e,2026-04-29T12:52:07.577Z,0,,32.81602478027344,71.59857177734375,32.63758850097656,100234.5,32.278167724609375,100430.71875,46.811431884765625,100348.03125,18.777219772338867,0,0.086181640625,0.990966796875,-0.045166015625,150940,141661,1.46484375,-0.54931640625,-2.0751953125,0,397.5,"0",full
7a09a483-c77d-4a34-9750-25b7aeca6add,c9549b4e-052f-421d-b8f7-e4aa2078007e,2026-04-29T12:52:07.592Z,0,,32.751678466796875,62.84765625,32.63655090332031,100245.609375,32.277313232421875,100431.203125,46.811431884765625,100348.03125,18.492420196533203,0,0.07958984375,0.97705078125,-0.04296875,150022,141183,1.89208984375,-1.40380859375,-3.0517578125,0,397.5,"0",full
7a09a483-c77d-4a34-9750-25b7aeca6add,c9549b4e-052f-421d-b8f7-e4aa2078007e,2026-04-29T12:52:07.728Z,0,,32.751678466796875,62.84765625,32.63655090332031,100245.609375,32.277313232421875,100431.203125,46.80694580078125,100348.015625,18.492420196533203,0,0.07958984375,0.97705078125,-0.04296875,150022,141183,1.89208984375,-1.40380859375,-3.0517578125,0,397.5,"0",full
7a09a483-c77d-4a34-9750-25b7aeca6add,c9549b4e-052f-421d-b8f7-e4aa2078007e,2026-04-29T12:52:07.801Z,0,,32.751678466796875,62.84765625,32.63621520996094,100292.296875,32.27764892578125,100432.984375,46.805816650390625,100348.015625,18.492420196533203,0,0.082763671875,1.001708984375,-0.06884765625,150022,141183,-0.67138671875,0.91552734375,0.9765625,0,397.5,"0",full
7a09a483-c77d-4a34-9750-25b7aeca6add,c9549b4e-052f-421d-b8f7-e4aa2078007e,2026-04-29T12:52:07.862Z,0,,32.751678466796875,62.84765625,32.63127136230469,100338.625,32.275787353515625,100436.140625,46.806396484375,100348.015625,18.492420196533203,0,0.06982421875,0.99755859375,-0.06884765625,150022,141183,0.42724609375,-0.06103515625,0.8544921875,0,397.5,"0",full
7a09a483-c77d-4a34-9750-25b7aeca6add,c9549b4e-052f-421d-b8f7-e4aa2078007e,2026-04-29T12:52:07.887Z,0,,32.76240539550781,56.20245361328125,32.63127136230469,100338.625,32.275787353515625,100436.140625,46.80548095703125,100348,18.463939666748047,0,0.07861328125,1.01171875,-0.07421875,146045,139651,0.1220703125,0.42724609375,1.0986328125,0,397.5,"0",full
7a09a483-c77d-4a34-9750-25b7aeca6add,c9549b4e-052f-421d-b8f7-e4aa2078007e,2026-04-29T12:52:07.982Z,0,,32.76240539550781,56.20245361328125,32.63127136230469,100338.625,32.275787353515625,100436.140625,46.80335998535156,100348.0625,18.463939666748047,0,0.07861328125,1.01171875,-0.07421875,146045,139651,0.1220703125,0.42724609375,1.0986328125,0,397.5,"0",full
7a09a483-c77d-4a34-9750-25b7aeca6add,c9549b4e-052f-421d-b8f7-e4aa2078007e,2026-04-29T12:52:08.072Z,0,,32.76240539550781,56.20245361328125,32.63127136230469,100338.625,32.275787353515625,100436.140625,46.80320739746094,100348.0625,18.463939666748047,0,0.07861328125,1.01171875,-0.07421875,146045,139651,0.1220703125,0.42724609375,1.0986328125,0,397.5,"0",full
7a09a483-c77d-4a34-9750-25b7aeca6add,c9549b4e-052f-421d-b8f7-e4aa2078007e,2026-04-29T12:52:08.132Z,0,,32.76240539550781,56.20245361328125,32.62492370605469,100343.65625,32.27412414550781,100435.734375,46.80096435546875,100348.0625,18.463939666748047,0,0.084228515625,1.003173828125,-0.062255859375,146045,139651,0,0.244140625,-2.9296875,0,397.5,"0",full
7a09a483-c77d-4a34-9750-25b7aeca6add,c9549b4e-052f-421d-b8f7-e4aa2078007e,2026-04-29T12:52:08.162Z,0,,32.76240539550781,51.99102783203125,32.624298095703125,100334.9375,32.27412414550781,100435.734375,46.80096435546875,100348.0625,18.52090072631836,0,0.084228515625,1.003173828125,-0.062255859375,147159,140355,0,0.244140625,-2.9296875,0,397.5,"0",full
7a09a483-c77d-4a34-9750-25b7aeca6add,c9549b4e-052f-421d-b8f7-e4aa2078007e,2026-04-29T12:52:08.237Z,0,,32.76240539550781,51.99102783203125,32.624298095703125,100334.9375,32.27412414550781,100435.734375,46.797027587890625,100348.09375,18.52090072631836,0,0.084228515625,1.003173828125,-0.062255859375,147159,140355,0,0.244140625,-2.9296875,0,397.5,"0",full
7a09a483-c77d-4a34-9750-25b7aeca6add,c9549b4e-052f-421d-b8f7-e4aa2078007e,2026-04-29T12:52:08.264Z,0,,32.76240539550781,51.99102783203125,32.62596130371094,100280.390625,32.276031494140625,100433.140625,46.797027587890625,100348.09375,18.52090072631836,0,0.09765625,1.019287109375,-0.080078125,147159,140355,-2.685546875,0.18310546875,1.03759765625,0,397.5,"0",full
7a09a483-c77d-4a34-9750-25b7aeca6add,c9549b4e-052f-421d-b8f7-e4aa2078007e,2026-04-29T12:52:08.342Z,0,,32.76240539550781,51.99102783203125,32.62596130371094,100280.390625,32.276031494140625,100433.140625,46.795135498046875,100348.09375,18.52090072631836,0,0.09765625,1.019287109375,-0.080078125,147159,140355,-2.685546875,0.18310546875,1.03759765625,0,397.5,"0",full
7a09a483-c77d-4a34-9750-25b7aeca6add,c9549b4e-052f-421d-b8f7-e4aa2078007e,2026-04-29T12:52:08.484Z,0,,32.76240539550781,51.99102783203125,32.63008117675781,100192.765625,32.27558898925781,100429.484375,46.79469299316406,100348.15625,18.52090072631836,0,0.094482421875,1.01513671875,-0.07080078125,147159,140355,0.30517578125,-0.18310546875,-1.89208984375,0,397.5,"0",full
7a09a483-c77d-4a34-9750-25b7aeca6add,c9549b4e-052f-421d-b8f7-e4aa2078007e,2026-04-29T12:52:08.485Z,0,,32.794578552246094,54.03570556640625,32.63008117675781,100192.765625,32.27738952636719,100428.984375,46.79469299316406,100348.15625,18.606340408325195,0,0.09716796875,1.008056640625,-0.072021484375,147314,140503,-0.1220703125,0.30517578125,-0.42724609375,0,397.5,"0",full
7a09a483-c77d-4a34-9750-25b7aeca6add,c9549b4e-052f-421d-b8f7-e4aa2078007e,2026-04-29T12:52:08.521Z,0,,32.794578552246094,54.03570556640625,32.63008117675781,100192.765625,32.27738952636719,100428.984375,46.79212951660156,100348.171875,18.606340408325195,0,0.09716796875,1.008056640625,-0.072021484375,147314,140503,-0.1220703125,0.30517578125,-0.42724609375,0,397.5,"0",full
7a09a483-c77d-4a34-9750-25b7aeca6add,c9549b4e-052f-421d-b8f7-e4aa2078007e,2026-04-29T12:52:08.537Z,0,,32.794578552246094,54.03570556640625,32.63337707519531,100131.3125,32.277862548828125,100426.75,46.79212951660156,100348.171875,18.606340408325195,0,0.1005859375,0.98681640625,-0.07470703125,147314,140503,0.244140625,-0.48828125,-0.48828125,0,397.5,"0",full
7a09a483-c77d-4a34-9750-25b7aeca6add,c9549b4e-052f-421d-b8f7-e4aa2078007e,2026-04-29T12:52:08.612Z,0,,32.794578552246094,54.03570556640625,32.63337707519531,100131.3125,32.277862548828125,100426.75,46.79103088378906,100348.15625,18.606340408325195,0,0.1005859375,0.98681640625,-0.07470703125,147314,140503,0.244140625,-0.48828125,-0.48828125,0,397.5,"0",full
7a09a483-c77d-4a34-9750-25b7aeca6add,c9549b4e-052f-421d-b8f7-e4aa2078007e,2026-04-29T12:52:08.672Z,0,,32.794578552246094,54.03570556640625,32.636688232421875,100059.875,32.277313232421875,100424.203125,46.79069519042969,100348.140625,18.606340408325195,0,0.115478515625,1.001953125,-0.065673828125,147314,140503,-2.0751953125,1.40380859375,1.46484375,0,397.5,"0",full
7a09a483-c77d-4a34-9750-25b7aeca6add,c9549b4e-052f-421d-b8f7-e4aa2078007e,2026-04-29T12:52:08.702Z,0,,32.826751708984375,60.16973876953125,32.638458251953125,100051,32.277313232421875,100424.203125,46.78950500488281,100348.15625,18.69178009033203,0,0.115478515625,1.001953125,-0.065673828125,142494,136928,-2.0751953125,1.40380859375,1.46484375,0,397.5,"0",full
7a09a483-c77d-4a34-9750-25b7aeca6add,c9549b4e-052f-421d-b8f7-e4aa2078007e,2026-04-29T12:52:08.777Z,0,,32.826751708984375,60.16973876953125,32.638458251953125,100051,32.277313232421875,100424.203125,46.78863525390625,100348.171875,18.69178009033203,0,0.115478515625,1.001953125,-0.065673828125,142494,136928,-2.0751953125,1.40380859375,1.46484375,0,397.5,"0",full
7a09a483-c77d-4a34-9750-25b7aeca6add,c9549b4e-052f-421d-b8f7-e4aa2078007e,2026-04-29T12:52:08.805Z,0,,32.826751708984375,60.16973876953125,32.64033508300781,100014.296875,32.281005859375,100423.015625,46.78837585449219,100348.21875,18.69178009033203,0,0.0859375,1.002197265625,-0.08447265625,142494,136928,2.50244140625,-0.42724609375,-3.47900390625,0,397.5,"0",full
7a09a483-c77d-4a34-9750-25b7aeca6add,c9549b4e-052f-421d-b8f7-e4aa2078007e,2026-04-29T12:52:08.912Z,0,,32.826751708984375,60.16973876953125,32.64033508300781,100014.296875,32.281005859375,100423.015625,46.78900146484375,100348.21875,18.69178009033203,0,0.0859375,1.002197265625,-0.08447265625,142494,136928,2.50244140625,-0.42724609375,-3.47900390625,0,397.5,"0",full
7a09a483-c77d-4a34-9750-25b7aeca6add,c9549b4e-052f-421d-b8f7-e4aa2078007e,2026-04-29T12:52:08.954Z,0,,32.826751708984375,60.16973876953125,32.64064025878906,99976.515625,32.2845458984375,100421.875,46.78712463378906,100348.171875,18.69178009033203,0,0.095458984375,0.984375,-0.0791015625,142494,136928,1.03759765625,-1.03759765625,-1.220703125,0,397.5,"0",full
7a09a483-c77d-4a34-9750-25b7aeca6add,c9549b4e-052f-421d-b8f7-e4aa2078007e,2026-04-29T12:52:08.955Z,0,,32.84820556640625,64.71685791015625,32.64064025878906,99976.515625,32.28376770019531,100421.796875,46.78712463378906,100348.171875,18.720260620117188,0,0.099853515625,1.0048828125,-0.074462890625,147746,140775,1.8310546875,-1.5869140625,-2.3193359375,0,397.5,"0",full
7a09a483-c77d-4a34-9750-25b7aeca6add,c9549b4e-052f-421d-b8f7-e4aa2078007e,2026-04-29T12:52:09.060Z,0,,32.84820556640625,64.71685791015625,32.64064025878906,99976.515625,32.28376770019531,100421.796875,46.781890869140625,100348.203125,18.720260620117188,0,0.099853515625,1.0048828125,-0.074462890625,147746,140775,1.8310546875,-1.5869140625,-2.3193359375,0,397.5,"0",full
7a09a483-c77d-4a34-9750-25b7aeca6add,c9549b4e-052f-421d-b8f7-e4aa2078007e,2026-04-29T12:52:09.150Z,0,,32.84820556640625,64.71685791015625,32.64064025878906,99976.515625,32.28376770019531,100421.796875,46.779510498046875,100348.15625,18.720260620117188,0,0.099853515625,1.0048828125,-0.074462890625,147746,140775,1.8310546875,-1.5869140625,-2.3193359375,0,397.5,"0",full
7a09a483-c77d-4a34-9750-25b7aeca6add,c9549b4e-052f-421d-b8f7-e4aa2078007e,2026-04-29T12:52:09.210Z,0,,32.84820556640625,64.71685791015625,32.64691162109375,99939,32.283416748046875,100420.703125,46.77885437011719,100348.125,18.720260620117188,0,0.1259765625,1.03857421875,-0.09716796875,147746,140775,0.244140625,0.30517578125,1.15966796875,0,397.5,"0",full
7a09a483-c77d-4a34-9750-25b7aeca6add,c9549b4e-052f-421d-b8f7-e4aa2078007e,2026-04-29T12:52:09.240Z,0,,32.858924865722656,68.8138427734375,32.64653015136719,99938.203125,32.28289794921875,100420.78125,46.7781982421875,100348.125,18.805700302124023,0,0.107666015625,1.034423828125,-0.106201171875,147594,140643,-0.42724609375,-0.244140625,1.52587890625,0,397.5,"0",full
7a09a483-c77d-4a34-9750-25b7aeca6add,c9549b4e-052f-421d-b8f7-e4aa2078007e,2026-04-29T12:52:09.325Z,0,,32.858924865722656,68.8138427734375,32.64653015136719,99938.203125,32.28289794921875,100420.78125,46.777008056640625,100348.109375,18.805700302124023,0,0.107666015625,1.034423828125,-0.106201171875,147594,140643,-0.42724609375,-0.244140625,1.52587890625,0,397.5,"0",full
7a09a483-c77d-4a34-9750-25b7aeca6add,c9549b4e-052f-421d-b8f7-e4aa2078007e,2026-04-29T12:52:09.353Z,0,,32.858924865722656,68.8138427734375,32.64479064941406,99940.65625,32.28196716308594,100421.65625,46.77613830566406,100348.125,18.805700302124023,0,0.09521484375,1.0029296875,-0.0556640625,147594,140643,-0.67138671875,-7.26318359375,-3.5400390625,0,397.5,"0",full
7a09a483-c77d-4a34-9750-25b7aeca6add,c9549b4e-052f-421d-b8f7-e4aa2078007e,2026-04-29T12:52:09.509Z,0,,32.858924865722656,68.8138427734375,32.64479064941406,99940.65625,32.28196716308594,100421.65625,46.77339172363281,100348.09375,18.805700302124023,0,0.09521484375,1.0029296875,-0.0556640625,147594,140643,-0.67138671875,-7.26318359375,-3.5400390625,0,397.5,"0",full
7a09a483-c77d-4a34-9750-25b7aeca6add,c9549b4e-052f-421d-b8f7-e4aa2078007e,2026-04-29T12:52:09.510Z,0,,32.858924865722656,68.8138427734375,32.64469909667969,99975.09375,32.282379150390625,100424.359375,46.77223205566406,100348.078125,18.805700302124023,0,0.1123046875,0.974365234375,-0.062255859375,147594,140643,-3.60107421875,-6.2255859375,-0.42724609375,0,397.5,"0",full
7a09a483-c77d-4a34-9750-25b7aeca6add,c9549b4e-052f-421d-b8f7-e4aa2078007e,2026-04-29T12:52:09.536Z,0,,32.826751708984375,71.01873779296875,32.64469909667969,99975.09375,32.282379150390625,100424.359375,46.77223205566406,100348.078125,18.656179428100586,0,0.1123046875,0.974365234375,-0.062255859375,147260,140375,-3.60107421875,-6.2255859375,-0.42724609375,0,397.5,"0",full
7a09a483-c77d-4a34-9750-25b7aeca6add,c9549b4e-052f-421d-b8f7-e4aa2078007e,2026-04-29T12:52:09.602Z,0,,32.826751708984375,71.01873779296875,32.64469909667969,99975.09375,32.282379150390625,100424.359375,46.77142333984375,100348.078125,18.656179428100586,0,0.1123046875,0.974365234375,-0.062255859375,147260,140375,-3.60107421875,-6.2255859375,-0.42724609375,0,397.5,"0",full
7a09a483-c77d-4a34-9750-25b7aeca6add,c9549b4e-052f-421d-b8f7-e4aa2078007e,2026-04-29T12:52:09.617Z,0,,32.826751708984375,71.01873779296875,32.64302062988281,100022.671875,32.28025817871094,100427,46.77142333984375,100348.078125,18.656179428100586,0,0.146728515625,0.974365234375,-0.068115234375,147260,140375,5.67626953125,-2.5634765625,-10.68115234375,0,397.5,"0",full
7a09a483-c77d-4a34-9750-25b7aeca6add,c9549b4e-052f-421d-b8f7-e4aa2078007e,2026-04-29T12:52:09.693Z,0,,32.826751708984375,71.01873779296875,32.64302062988281,100022.671875,32.28025817871094,100427,46.76934814453125,100347.984375,18.656179428100586,0,0.146728515625,0.974365234375,-0.068115234375,147260,140375,5.67626953125,-2.5634765625,-10.68115234375,0,397.5,"0",full
7a09a483-c77d-4a34-9750-25b7aeca6add,c9549b4e-052f-421d-b8f7-e4aa2078007e,2026-04-29T12:52:09.752Z,0,,32.826751708984375,71.01873779296875,32.64085388183594,100110.515625,32.280487060546875,100430.71875,46.76902770996094,100347.984375,18.656179428100586,0,0.1171875,1,-0.08056640625,147260,140375,0.91552734375,-0.3662109375,1.0986328125,0,397.5,"0",full
7a09a483-c77d-4a34-9750-25b7aeca6add,c9549b4e-052f-421d-b8f7-e4aa2078007e,2026-04-29T12:52:09.782Z,0,,32.77312469482422,65.67816162109375,32.639801025390625,100123.828125,32.28016662597656,100431.28125,46.769256591796875,100347.953125,18.63482093811035,0,0.134033203125,1.037109375,-0.107421875,146594,139891,0.8544921875,0.9765625,3.41796875,0,397.5,"0",full
7a09a483-c77d-4a34-9750-25b7aeca6add,c9549b4e-052f-421d-b8f7-e4aa2078007e,2026-04-29T12:52:09.873Z,0,,32.77312469482422,65.67816162109375,32.639801025390625,100123.828125,32.28016662597656,100431.28125,46.7666015625,100348,18.63482093811035,0,0.134033203125,1.037109375,-0.107421875,146594,139891,0.8544921875,0.9765625,3.41796875,0,397.5,"0",full
7a09a483-c77d-4a34-9750-25b7aeca6add,c9549b4e-052f-421d-b8f7-e4aa2078007e,2026-04-29T12:52:09.977Z,0,,32.77312469482422,65.67816162109375,32.639801025390625,100123.828125,32.28016662597656,100431.28125,46.76214599609375,100348,18.63482093811035,0,0.134033203125,1.037109375,-0.107421875,146594,139891,0.8544921875,0.9765625,3.41796875,0,397.5,"0",full
7a09a483-c77d-4a34-9750-25b7aeca6add,c9549b4e-052f-421d-b8f7-e4aa2078007e,2026-04-29T12:52:10.037Z,0,,32.77312469482422,65.67816162109375,32.63349914550781,100257.953125,32.27947998046875,100436.5,46.761871337890625,100347.96875,18.63482093811035,0,0.139892578125,1.03369140625,-0.081298828125,146594,139891,0,-0.732421875,1.3427734375,0,397.5,"0",full
7a09a483-c77d-4a34-9750-25b7aeca6add,c9549b4e-052f-421d-b8f7-e4aa2078007e,2026-04-29T12:52:10.051Z,0,,32.76240539550781,58.29290771484375,32.63349914550781,100257.953125,32.27864074707031,100436.875,46.76123046875,100347.96875,18.57785987854004,0,0.135009765625,1.015625,-0.071044921875,146373,139666,-1.46484375,0,3.173828125,0,397.5,"0",full
7a09a483-c77d-4a34-9750-25b7aeca6add,c9549b4e-052f-421d-b8f7-e4aa2078007e,2026-04-29T12:52:10.143Z,0,,32.76240539550781,58.29290771484375,32.63349914550781,100257.953125,32.27864074707031,100436.875,46.760101318359375,100347.984375,18.57785987854004,0,0.135009765625,1.015625,-0.071044921875,146373,139666,-1.46484375,0,3.173828125,0,397.5,"0",full
7a09a483-c77d-4a34-9750-25b7aeca6add,c9549b4e-052f-421d-b8f7-e4aa2078007e,2026-04-29T12:52:10.170Z,0,,32.76240539550781,58.29290771484375,32.62849426269531,100295.453125,32.27778625488281,100438.40625,46.760009765625,100347.96875,18.57785987854004,0,0.13037109375,1.00732421875,-0.052978515625,146373,139666,1.15966796875,-2.13623046875,-0.732421875,0,397.5,"0",full
7a09a483-c77d-4a34-9750-25b7aeca6add,c9549b4e-052f-421d-b8f7-e4aa2078007e,2026-04-29T12:52:10.292Z,0,,32.76240539550781,58.29290771484375,32.62849426269531,100295.453125,32.27778625488281,100438.40625,46.75773620605469,100347.984375,18.57785987854004,0,0.13037109375,1.00732421875,-0.052978515625,146373,139666,1.15966796875,-2.13623046875,-0.732421875,0,397.5,"0",full
7a09a483-c77d-4a34-9750-25b7aeca6add,c9549b4e-052f-421d-b8f7-e4aa2078007e,2026-04-29T12:52:10.338Z,0,,32.751678466796875,53.08203125,32.62782287597656,100339.390625,32.27728271484375,100439.875,46.755126953125,100347.9375,18.57785987854004,0,0.12646484375,0.991455078125,-0.048583984375,146277,139583,1.15966796875,-2.38037109375,-2.197265625,0,397.5,"0",full
7a09a483-c77d-4a34-9750-25b7aeca6add,c9549b4e-052f-421d-b8f7-e4aa2078007e,2026-04-29T12:52:10.413Z,0,,32.751678466796875,53.08203125,32.62782287597656,100339.390625,32.27728271484375,100439.875,46.75343322753906,100347.96875,18.57785987854004,0,0.12646484375,0.991455078125,-0.048583984375,146277,139583,1.15966796875,-2.38037109375,-2.197265625,0,397.5,"0",full
7a09a483-c77d-4a34-9750-25b7aeca6add,c9549b4e-052f-421d-b8f7-e4aa2078007e,2026-04-29T12:52:10.515Z,99,,32.751678466796875,53.08203125,32.6292724609375,100350.78125,32.27671813964844,100440.046875,46.75343322753906,100347.96875,18.57785987854004,0,0.126708984375,0.992919921875,-0.05859375,146277,139583,-1.28173828125,-2.38037109375,0.18310546875,99,397.5,"0",full
7a09a483-c77d-4a34-9750-25b7aeca6add,c9549b4e-052f-421d-b8f7-e4aa2078007e,2026-04-29T12:52:10.540Z,99,,32.751678466796875,53.08203125,32.6292724609375,100350.78125,32.27671813964844,100440.046875,46.752288818359375,100347.9375,18.57785987854004,0,0.126708984375,0.992919921875,-0.05859375,146277,139583,-1.28173828125,-2.38037109375,0.18310546875,99,397.5,"0",full
7a09a483-c77d-4a34-9750-25b7aeca6add,c9549b4e-052f-421d-b8f7-e4aa2078007e,2026-04-29T12:52:10.576Z,99,,32.751678466796875,53.08203125,32.62702941894531,100300.875,32.27592468261719,100437.171875,46.75044250488281,100347.90625,18.57785987854004,0,0.139404296875,1.006103515625,-0.063232421875,146277,139583,-3.11279296875,2.44140625,1.40380859375,99,397.5,"0",full
7a09a483-c77d-4a34-9750-25b7aeca6add,c9549b4e-052f-421d-b8f7-e4aa2078007e,2026-04-29T12:52:10.592Z,99,,32.76240539550781,50.5185546875,32.62702941894531,100300.875,32.2757568359375,100436.65625,46.75077819824219,100347.9375,18.69178009033203,0,0.13818359375,1.0048828125,-0.06103515625,146335,139554,-4.33349609375,2.197265625,2.0751953125,99,397.5,"0",full
7a09a483-c77d-4a34-9750-25b7aeca6add,c9549b4e-052f-421d-b8f7-e4aa2078007e,2026-04-29T12:52:10.696Z,99,,32.76240539550781,50.5185546875,32.62702941894531,100300.875,32.2757568359375,100436.65625,46.74774169921875,100347.953125,18.69178009033203,0,0.13818359375,1.0048828125,-0.06103515625,146335,139554,-4.33349609375,2.197265625,2.0751953125,99,397.5,"0",full
7a09a483-c77d-4a34-9750-25b7aeca6add,c9549b4e-052f-421d-b8f7-e4aa2078007e,2026-04-29T12:52:10.725Z,99,,32.76240539550781,50.5185546875,32.627410888671875,100246.171875,32.27726745605469,100434.578125,46.74827575683594,100347.9375,18.69178009033203,0,0.120361328125,1.001953125,-0.09423828125,146335,139554,-6.77490234375,3.47900390625,5.2490234375,99,397.5,"0",full
7a09a483-c77d-4a34-9750-25b7aeca6add,c9549b4e-052f-421d-b8f7-e4aa2078007e,2026-04-29T12:52:10.832Z,99,,32.76240539550781,50.5185546875,32.627410888671875,100246.171875,32.27726745605469,100434.578125,46.7470703125,100347.984375,18.69178009033203,0,0.120361328125,1.001953125,-0.09423828125,146335,139554,-6.77490234375,3.47900390625,5.2490234375,99,397.5,"0",full
7a09a483-c77d-4a34-9750-25b7aeca6add,c9549b4e-052f-421d-b8f7-e4aa2078007e,2026-04-29T12:52:10.874Z,99,,32.76240539550781,50.5185546875,32.629638671875,100166.953125,32.278533935546875,100431.390625,46.745208740234375,100348,18.69178009033203,0,0.092041015625,0.970703125,-0.0634765625,146335,139554,0.1220703125,-4.39453125,-1.3427734375,99,397.5,"0",full
7a09a483-c77d-4a34-9750-25b7aeca6add,c9549b4e-052f-421d-b8f7-e4aa2078007e,2026-04-29T12:52:10.876Z,99,,32.783851623535156,54.9283447265625,32.62992858886719,100156.109375,32.278533935546875,100431.390625,46.745208740234375,100348,18.720260620117188,0,0.098388671875,0.977294921875,-0.084716796875,146330,139492,-0.244140625,-5.92041015625,-1.77001953125,99,397.5,"0",full
7a09a483-c77d-4a34-9750-25b7aeca6add,c9549b4e-052f-421d-b8f7-e4aa2078007e,2026-04-29T12:52:10.952Z,99,,32.783851623535156,54.9283447265625,32.62992858886719,100156.109375,32.278533935546875,100431.390625,46.74183654785156,100348.046875,18.720260620117188,0,0.098388671875,0.977294921875,-0.084716796875,146330,139492,-0.244140625,-5.92041015625,-1.77001953125,99,397.5,"0",full
7a09a483-c77d-4a34-9750-25b7aeca6add,c9549b4e-052f-421d-b8f7-e4aa2078007e,2026-04-29T12:52:11.057Z,99,,32.783851623535156,54.9283447265625,32.62992858886719,100156.109375,32.278533935546875,100431.390625,46.741424560546875,100348.03125,18.720260620117188,0,0.098388671875,0.977294921875,-0.084716796875,146330,139492,-0.244140625,-5.92041015625,-1.77001953125,99,397.5,"0",full
7a09a483-c77d-4a34-9750-25b7aeca6add,c9549b4e-052f-421d-b8f7-e4aa2078007e,2026-04-29T12:52:11.119Z,99,,32.783851623535156,54.9283447265625,32.63238525390625,100060.484375,32.27787780761719,100426.65625,46.741058349609375,100348.03125,18.720260620117188,0,0.106201171875,1.003662109375,-0.1142578125,146330,139492,-1.15966796875,0.30517578125,0.9765625,99,397.5,"0",full
7a09a483-c77d-4a34-9750-25b7aeca6add,c9549b4e-052f-421d-b8f7-e4aa2078007e,2026-04-29T12:52:11.131Z,99,,32.826751708984375,60.52069091796875,32.631561279296875,100053.921875,32.27787780761719,100426.65625,46.741058349609375,100348.03125,18.851980209350586,0,0.106201171875,1.003662109375,-0.1142578125,145055,138592,-1.15966796875,0.30517578125,0.9765625,99,397.5,"0",full
7a09a483-c77d-4a34-9750-25b7aeca6add,c9549b4e-052f-421d-b8f7-e4aa2078007e,2026-04-29T12:52:11.237Z,99,,32.826751708984375,60.52069091796875,32.631561279296875,100053.921875,32.27787780761719,100426.65625,46.73924255371094,100348.078125,18.851980209350586,0,0.106201171875,1.003662109375,-0.1142578125,145055,138592,-1.15966796875,0.30517578125,0.9765625,99,397.5,"0",full
7a09a483-c77d-4a34-9750-25b7aeca6add,c9549b4e-052f-421d-b8f7-e4aa2078007e,2026-04-29T12:52:11.264Z,99,,32.826751708984375,60.52069091796875,32.63673400878906,100027.234375,32.27900695800781,100424.875,46.73924255371094,100348.078125,18.851980209350586,0,0.09033203125,1.016845703125,-0.10546875,145055,138592,0.54931640625,0.67138671875,1.64794921875,99,397.5,"0",full
7a09a483-c77d-4a34-9750-25b7aeca6add,c9549b4e-052f-421d-b8f7-e4aa2078007e,2026-04-29T12:52:11.347Z,99,,32.826751708984375,60.52069091796875,32.63673400878906,100027.234375,32.27900695800781,100424.875,46.73809814453125,100348.09375,18.851980209350586,0,0.09033203125,1.016845703125,-0.10546875,145055,138592,0.54931640625,0.67138671875,1.64794921875,99,397.5,"0",full
7a09a483-c77d-4a34-9750-25b7aeca6add,c9549b4e-052f-421d-b8f7-e4aa2078007e,2026-04-29T12:52:11.401Z,99,,32.826751708984375,60.52069091796875,32.64036560058594,100003.390625,32.282196044921875,100423.21875,46.735137939453125,100348.0625,18.851980209350586,0,0.090576171875,0.9931640625,-0.0888671875,145055,138592,1.953125,0.06103515625,-0.3662109375,99,397.5,"0",full
7a09a483-c77d-4a34-9750-25b7aeca6add,c9549b4e-052f-421d-b8f7-e4aa2078007e,2026-04-29T12:52:11.416Z,99,,32.826751708984375,64.77789306640625,32.64036560058594,100003.390625,32.28138732910156,100423.0625,46.73564147949219,100348.046875,18.805700302124023,0,0.10400390625,0.9833984375,-0.098388671875,144337,137987,0.91552734375,0.42724609375,0.6103515625,99,397.5,"0",full
7a09a483-c77d-4a34-9750-25b7aeca6add,c9549b4e-052f-421d-b8f7-e4aa2078007e,2026-04-29T12:52:11.561Z,99,,32.826751708984375,64.77789306640625,32.64036560058594,100003.390625,32.28138732910156,100423.0625,46.73396301269531,100348.078125,18.805700302124023,0,0.10400390625,0.9833984375,-0.098388671875,144337,137987,0.91552734375,0.42724609375,0.6103515625,99,397.5,"0",full
7a09a483-c77d-4a34-9750-25b7aeca6add,c9549b4e-052f-421d-b8f7-e4aa2078007e,2026-04-29T12:52:11.562Z,99,,32.826751708984375,64.77789306640625,32.64009094238281,100000.578125,32.280914306640625,100422.96875,46.732666015625,100348.078125,18.805700302124023,0,0.09130859375,1.02490234375,-0.0986328125,144337,137987,-1.03759765625,0.06103515625,1.89208984375,99,397.5,"0",full
7a09a483-c77d-4a34-9750-25b7aeca6add,c9549b4e-052f-421d-b8f7-e4aa2078007e,2026-04-29T12:52:11.611Z,99,,32.826751708984375,64.77789306640625,32.64009094238281,100000.578125,32.280914306640625,100422.96875,46.731689453125,100348.078125,18.805700302124023,0,0.09130859375,1.02490234375,-0.0986328125,144337,137987,-1.03759765625,0.06103515625,1.89208984375,99,397.5,"0",full
7a09a483-c77d-4a34-9750-25b7aeca6add,c9549b4e-052f-421d-b8f7-e4aa2078007e,2026-04-29T12:52:11.656Z,99,,32.826751708984375,64.77789306640625,32.639892578125,100018.875,32.28193664550781,100424.40625,46.7310791015625,100348.046875,18.805700302124023,0,0.095703125,1.024169921875,-0.105712890625,144337,137987,-1.28173828125,0.79345703125,5.9814453125,99,397.5,"0",full
7a09a483-c77d-4a34-9750-25b7aeca6add,c9549b4e-052f-421d-b8f7-e4aa2078007e,2026-04-29T12:52:11.672Z,99,,32.826751708984375,67.66180419921875,32.640655517578125,100022.734375,32.28193664550781,100424.40625,46.7310791015625,100348.046875,18.805700302124023,0,0.0712890625,1.0068359375,-0.113525390625,144138,137813,-2.01416015625,2.44140625,7.568359375,99,397.5,"0",full
7a09a483-c77d-4a34-9750-25b7aeca6add,c9549b4e-052f-421d-b8f7-e4aa2078007e,2026-04-29T12:52:11.777Z,99,,32.826751708984375,67.66180419921875,32.640655517578125,100022.734375,32.28193664550781,100424.40625,46.72950744628906,100348.046875,18.805700302124023,0,0.0712890625,1.0068359375,-0.113525390625,144138,137813,-2.01416015625,2.44140625,7.568359375,99,397.5,"0",full
7a09a483-c77d-4a34-9750-25b7aeca6add,c9549b4e-052f-421d-b8f7-e4aa2078007e,2026-04-29T12:52:11.807Z,99,,32.826751708984375,67.66180419921875,32.64042663574219,100050.71875,32.28242492675781,100426.609375,46.72950744628906,100348.046875,18.805700302124023,0,0.1044921875,1.00537109375,-0.08447265625,144138,137813,-0.18310546875,2.5634765625,3.5400390625,99,397.5,"0",full
7a09a483-c77d-4a34-9750-25b7aeca6add,c9549b4e-052f-421d-b8f7-e4aa2078007e,2026-04-29T12:52:11.881Z,99,,32.826751708984375,67.66180419921875,32.64042663574219,100050.71875,32.28242492675781,100426.609375,46.7254638671875,100348.078125,18.805700302124023,0,0.1044921875,1.00537109375,-0.08447265625,144138,137813,-0.18310546875,2.5634765625,3.5400390625,99,397.5,"0",full
7a09a483-c77d-4a34-9750-25b7aeca6add,c9549b4e-052f-421d-b8f7-e4aa2078007e,2026-04-29T12:52:11.941Z,99,,32.826751708984375,67.66180419921875,32.63618469238281,100118.796875,32.28059387207031,100430.453125,46.72694396972656,100348.09375,18.805700302124023,0,0.058837890625,0.96728515625,-0.085205078125,144138,137813,1.28173828125,1.15966796875,1.64794921875,99,397.5,"0",full
7a09a483-c77d-4a34-9750-25b7aeca6add,c9549b4e-052f-421d-b8f7-e4aa2078007e,2026-04-29T12:52:11.956Z,99,,32.794578552246094,65.84600830078125,32.636016845703125,100130.59375,32.280914306640625,100430.96875,46.72657775878906,100348.140625,18.748741149902344,0,0.058837890625,0.96728515625,-0.085205078125,155117,144188,1.28173828125,1.15966796875,1.64794921875,99,397.5,"0",full
7a09a483-c77d-4a34-9750-25b7aeca6add,c9549b4e-052f-421d-b8f7-e4aa2078007e,2026-04-29T12:52:12.061Z,99,,32.794578552246094,65.84600830078125,32.636016845703125,100130.59375,32.280914306640625,100430.96875,46.72486877441406,100348.078125,18.748741149902344,0,0.058837890625,0.96728515625,-0.085205078125,155117,144188,1.28173828125,1.15966796875,1.64794921875,99,397.5,"0",full
7a09a483-c77d-4a34-9750-25b7aeca6add,c9549b4e-052f-421d-b8f7-e4aa2078007e,2026-04-29T12:52:12.152Z,99,,32.794578552246094,65.84600830078125,32.636016845703125,100130.59375,32.280914306640625,100430.96875,46.72242736816406,100348.0625,18.748741149902344,0,0.058837890625,0.96728515625,-0.085205078125,155117,144188,1.28173828125,1.15966796875,1.64794921875,99,397.5,"0",full
7a09a483-c77d-4a34-9750-25b7aeca6add,c9549b4e-052f-421d-b8f7-e4aa2078007e,2026-04-29T12:52:12.242Z,99,,32.794578552246094,65.84600830078125,32.629852294921875,100258.125,32.280059814453125,100436.953125,46.72065734863281,100348.09375,18.748741149902344,0,0.061767578125,1.01318359375,-0.1103515625,155117,144188,0.18310546875,1.28173828125,1.0986328125,99,397.5,"0",full
7a09a483-c77d-4a34-9750-25b7aeca6add,c9549b4e-052f-421d-b8f7-e4aa2078007e,2026-04-29T12:52:12.317Z,99,,32.76240539550781,58.43023681640625,32.628204345703125,100267.9375,32.27970886230469,100437.4375,46.719329833984375,100348.125,18.69178009033203,0,0.0595703125,1.00439453125,-0.1162109375,154857,144023,-0.67138671875,2.01416015625,2.3193359375,99,397.5,"0",full
7a09a483-c77d-4a34-9750-25b7aeca6add,c9549b4e-052f-421d-b8f7-e4aa2078007e,2026-04-29T12:52:12.331Z,99,,32.76240539550781,58.43023681640625,32.6268310546875,100310.03125,32.27976989746094,100439.640625,46.719329833984375,100348.125,18.69178009033203,0,0.05419921875,0.996826171875,-0.100830078125,154857,144023,-0.54931640625,-0.3662109375,2.13623046875,99,397.5,"0",full
7a09a483-c77d-4a34-9750-25b7aeca6add,c9549b4e-052f-421d-b8f7-e4aa2078007e,2026-04-29T12:52:12.437Z,99,,32.76240539550781,58.43023681640625,32.6268310546875,100310.03125,32.27976989746094,100439.640625,46.716400146484375,100348.140625,18.69178009033203,0,0.05419921875,0.996826171875,-0.100830078125,154857,144023,-0.54931640625,-0.3662109375,2.13623046875,99,397.5,"0",full
7a09a483-c77d-4a34-9750-25b7aeca6add,c9549b4e-052f-421d-b8f7-e4aa2078007e,2026-04-29T12:52:12.480Z,99,,32.76240539550781,58.43023681640625,32.62373352050781,100352.015625,32.27809143066406,100441.46875,46.71598815917969,100348.1875,18.69178009033203,0,0.044677734375,0.994384765625,-0.111572265625,154857,144023,-0.48828125,3.2958984375,3.35693359375,99,397.5,"0",full
7a09a483-c77d-4a34-9750-25b7aeca6add,c9549b4e-052f-421d-b8f7-e4aa2078007e,2026-04-29T12:52:12.567Z,102,,32.76240539550781,52.78448486328125,32.62373352050781,100352.015625,32.27809143066406,100441.46875,46.71598815917969,100348.1875,18.748741149902344,0,0.0478515625,0.99169921875,-0.10400390625,154155,143662,-0.06103515625,3.41796875,2.197265625,99,397.5,"0",full
7a09a483-c77d-4a34-9750-25b7aeca6add,c9549b4e-052f-421d-b8f7-e4aa2078007e,2026-04-29T12:52:12.600Z,102,,32.76240539550781,52.78448486328125,32.62373352050781,100352.015625,32.27809143066406,100441.46875,46.71430969238281,100348.140625,18.748741149902344,0,0.0478515625,0.99169921875,-0.10400390625,154155,143662,-0.06103515625,3.41796875,2.197265625,99,397.5,"0",full
7a09a483-c77d-4a34-9750-25b7aeca6add,c9549b4e-052f-421d-b8f7-e4aa2078007e,2026-04-29T12:52:12.629Z,102,,32.76240539550781,52.78448486328125,32.622833251953125,100374.859375,32.276641845703125,100441.6875,46.71430969238281,100348.140625,18.748741149902344,0,0.057861328125,1.002197265625,-0.099609375,154155,143662,0.732421875,-0.30517578125,-1.3427734375,99,397.5,"0",full
7a09a483-c77d-4a34-9750-25b7aeca6add,c9549b4e-052f-421d-b8f7-e4aa2078007e,2026-04-29T12:52:12.691Z,102,,32.76240539550781,52.78448486328125,32.622833251953125,100374.859375,32.276641845703125,100441.6875,46.71270751953125,100348.171875,18.748741149902344,0,0.057861328125,1.002197265625,-0.099609375,154155,143662,0.732421875,-0.30517578125,-1.3427734375,99,397.5,"0",full
7a09a483-c77d-4a34-9750-25b7aeca6add,c9549b4e-052f-421d-b8f7-e4aa2078007e,2026-04-29T12:52:12.768Z,102,,32.76240539550781,52.78448486328125,32.61955261230469,100361.90625,32.27867126464844,100440.84375,46.71076965332031,100348.203125,18.748741149902344,0,0.036376953125,1.00537109375,-0.114501953125,154155,143662,0,0.6103515625,-1.89208984375,99,397.5,"0",full
7a09a483-c77d-4a34-9750-25b7aeca6add,c9549b4e-052f-421d-b8f7-e4aa2078007e,2026-04-29T12:52:12.797Z,102,,32.751678466796875,50.08367919921875,32.61982727050781,100353.34375,32.27839660644531,100440.46875,46.709747314453125,100348.234375,18.720260620117188,0,0.036376953125,1.00537109375,-0.114501953125,153417,143285,0,0.6103515625,-1.89208984375,99,397.5,"0",full
7a09a483-c77d-4a34-9750-25b7aeca6add,c9549b4e-052f-421d-b8f7-e4aa2078007e,2026-04-29T12:52:12.872Z,102,,32.751678466796875,50.08367919921875,32.61982727050781,100353.34375,32.27839660644531,100440.46875,46.709991455078125,100348.21875,18.720260620117188,0,0.036376953125,1.00537109375,-0.114501953125,153417,143285,0,0.6103515625,-1.89208984375,99,397.5,"0",full
7a09a483-c77d-4a34-9750-25b7aeca6add,c9549b4e-052f-421d-b8f7-e4aa2078007e,2026-04-29T12:52:12.977Z,102,,32.751678466796875,50.08367919921875,32.61982727050781,100353.34375,32.27839660644531,100440.46875,46.70973205566406,100348.25,18.720260620117188,0,0.036376953125,1.00537109375,-0.114501953125,153417,143285,0,0.6103515625,-1.89208984375,99,397.5,"0",full
7a09a483-c77d-4a34-9750-25b7aeca6add,c9549b4e-052f-421d-b8f7-e4aa2078007e,2026-04-29T12:52:13.037Z,102,,32.751678466796875,50.08367919921875,32.62013244628906,100197.703125,32.27821350097656,100434.796875,46.70826721191406,100348.234375,18.720260620117188,0,0.0673828125,1.000244140625,-0.103515625,153417,143285,-1.40380859375,1.52587890625,-0.9765625,99,397.5,"0",full
7a09a483-c77d-4a34-9750-25b7aeca6add,c9549b4e-052f-421d-b8f7-e4aa2078007e,2026-04-29T12:52:13.051Z,102,,32.80530548095703,52.197021484375,32.62013244628906,100197.703125,32.279022216796875,100434.15625,46.70826721191406,100348.234375,18.805700302124023,0,0.060302734375,1.0087890625,-0.12109375,152681,142895,-1.5869140625,1.40380859375,-1.0986328125,99,397.5,"0",full
7a09a483-c77d-4a34-9750-25b7aeca6add,c9549b4e-052f-421d-b8f7-e4aa2078007e,2026-04-29T12:52:13.148Z,102,,32.80530548095703,52.197021484375,32.62013244628906,100197.703125,32.279022216796875,100434.15625,46.7061767578125,100348.203125,18.805700302124023,0,0.060302734375,1.0087890625,-0.12109375,152681,142895,-1.5869140625,1.40380859375,-1.0986328125,99,397.5,"0",full
7a09a483-c77d-4a34-9750-25b7aeca6add,c9549b4e-052f-421d-b8f7-e4aa2078007e,2026-04-29T12:52:13.176Z,102,,32.80530548095703,52.197021484375,32.6217041015625,100142.6875,32.27928161621094,100431.609375,46.7061767578125,100348.203125,18.805700302124023,0,0.06640625,0.988037109375,-0.135986328125,152681,142895,-1.15966796875,2.38037109375,-0.30517578125,99,397.5,"0",full
7a09a483-c77d-4a34-9750-25b7aeca6add,c9549b4e-052f-421d-b8f7-e4aa2078007e,2026-04-29T12:52:13.232Z,102,,32.80530548095703,52.197021484375,32.6217041015625,100142.6875,32.27928161621094,100431.609375,46.704132080078125,100348.1875,18.805700302124023,0,0.06640625,0.988037109375,-0.135986328125,152681,142895,-1.15966796875,2.38037109375,-0.30517578125,99,397.5,"0",full
7a09a483-c77d-4a34-9750-25b7aeca6add,c9549b4e-052f-421d-b8f7-e4aa2078007e,2026-04-29T12:52:13.292Z,102,,32.80530548095703,52.197021484375,32.6282958984375,100074.625,32.28173828125,100429.03125,46.703765869140625,100348.21875,18.805700302124023,0,0.07958984375,0.99365234375,-0.112060546875,152681,142895,-0.06103515625,-1.0986328125,-2.0751953125,99,397.5,"0",full
7a09a483-c77d-4a34-9750-25b7aeca6add,c9549b4e-052f-421d-b8f7-e4aa2078007e,2026-04-29T12:52:13.321Z,102,,32.83747863769531,58.75067138671875,32.629180908203125,100066.25,32.28173828125,100429.03125,46.70361328125,100348.21875,18.862659454345703,0,0.07958984375,0.99365234375,-0.112060546875,151699,142393,-0.06103515625,-1.0986328125,-2.0751953125,99,397.5,"0",full
7a09a483-c77d-4a34-9750-25b7aeca6add,c9549b4e-052f-421d-b8f7-e4aa2078007e,2026-04-29T12:52:13.412Z,102,,32.83747863769531,58.75067138671875,32.629180908203125,100066.25,32.28173828125,100429.03125,46.70306396484375,100348.1875,18.862659454345703,0,0.07958984375,0.99365234375,-0.112060546875,151699,142393,-0.06103515625,-1.0986328125,-2.0751953125,99,397.5,"0",full
7a09a483-c77d-4a34-9750-25b7aeca6add,c9549b4e-052f-421d-b8f7-e4aa2078007e,2026-04-29T12:52:13.454Z,102,,32.83747863769531,58.75067138671875,32.63258361816406,100030.515625,32.28009033203125,100427.421875,46.70306396484375,100348.1875,18.862659454345703,0,0.06298828125,1.00390625,-0.121337890625,151699,142393,-1.708984375,0.18310546875,2.5634765625,99,397.5,"0",full
7a09a483-c77d-4a34-9750-25b7aeca6add,c9549b4e-052f-421d-b8f7-e4aa2078007e,2026-04-29T12:52:13.592Z,104,,32.83747863769531,58.75067138671875,32.63258361816406,100030.515625,32.28009033203125,100427.421875,46.70001220703125,100348.21875,18.862659454345703,0,0.06298828125,1.00390625,-0.121337890625,151699,142393,-1.708984375,0.18310546875,2.5634765625,99,397.5,"0",full
7a09a483-c77d-4a34-9750-25b7aeca6add,c9549b4e-052f-421d-b8f7-e4aa2078007e,2026-04-29T12:52:13.593Z,104,,32.83747863769531,63.6563720703125,32.63542175292969,99996.4375,32.28106689453125,100424.96875,46.69908142089844,100348.234375,18.89113998413086,0,0.085205078125,1.015380859375,-0.129150390625,150151,141543,-1.89208984375,2.3193359375,1.8310546875,99,397.5,"0",full
7a09a483-c77d-4a34-9750-25b7aeca6add,c9549b4e-052f-421d-b8f7-e4aa2078007e,2026-04-29T12:52:13.711Z,104,,32.83747863769531,63.6563720703125,32.63542175292969,99996.4375,32.28106689453125,100424.96875,46.69781494140625,100348.21875,18.89113998413086,0,0.085205078125,1.015380859375,-0.129150390625,150151,141543,-1.89208984375,2.3193359375,1.8310546875,99,397.5,"0",full
7a09a483-c77d-4a34-9750-25b7aeca6add,c9549b4e-052f-421d-b8f7-e4aa2078007e,2026-04-29T12:52:13.803Z,104,,32.83747863769531,63.6563720703125,32.63545227050781,99980.375,32.28324890136719,100423.84375,46.69561767578125,100348.203125,18.89113998413086,0,0.0703125,0.989990234375,-0.10546875,150151,141543,1.220703125,-1.52587890625,-1.64794921875,99,397.5,"0",full
7a09a483-c77d-4a34-9750-25b7aeca6add,c9549b4e-052f-421d-b8f7-e4aa2078007e,2026-04-29T12:52:13.831Z,104,,32.83747863769531,63.6563720703125,32.636962890625,99973.03125,32.283111572265625,100423.15625,46.69560241699219,100348.203125,18.89113998413086,0,0.068359375,0.996337890625,-0.115234375,150151,141543,-0.54931640625,-1.0986328125,0.67138671875,99,397.5,"0",full
7a09a483-c77d-4a34-9750-25b7aeca6add,c9549b4e-052f-421d-b8f7-e4aa2078007e,2026-04-29T12:52:13.861Z,104,,32.83747863769531,67.2879638671875,32.6363525390625,99973.828125,32.282989501953125,100423.1875,46.6953125,100348.234375,18.89470100402832,0,0.07763671875,0.9833984375,-0.100341796875,148470,140632,0,-1.52587890625,-0.8544921875,99,397.5,"0",full
7a09a483-c77d-4a34-9750-25b7aeca6add,c9549b4e-052f-421d-b8f7-e4aa2078007e,2026-04-29T12:52:13.952Z,104,,32.83747863769531,67.2879638671875,32.6363525390625,99973.828125,32.282989501953125,100423.1875,46.693084716796875,100348.265625,18.89470100402832,0,0.07763671875,0.9833984375,-0.100341796875,148470,140632,0,-1.52587890625,-0.8544921875,99,397.5,"0",full
7a09a483-c77d-4a34-9750-25b7aeca6add,c9549b4e-052f-421d-b8f7-e4aa2078007e,2026-04-29T12:52:14.056Z,104,,32.83747863769531,67.2879638671875,32.6363525390625,99973.828125,32.282989501953125,100423.1875,46.69169616699219,100348.171875,18.89470100402832,0,0.07763671875,0.9833984375,-0.100341796875,148470,140632,0,-1.52587890625,-0.8544921875,99,397.5,"0",full
7a09a483-c77d-4a34-9750-25b7aeca6add,c9549b4e-052f-421d-b8f7-e4aa2078007e,2026-04-29T12:52:14.131Z,104,,32.83747863769531,67.2879638671875,32.637298583984375,100016.734375,32.2843017578125,100426.359375,46.69041442871094,100348.140625,18.89470100402832,0,0.051513671875,1.019287109375,-0.143798828125,148470,140632,-0.9765625,0.48828125,3.23486328125,99,397.5,"0",full
7a09a483-c77d-4a34-9750-25b7aeca6add,c9549b4e-052f-421d-b8f7-e4aa2078007e,2026-04-29T12:52:14.222Z,104,,32.826751708984375,68.8748779296875,32.637298583984375,100016.734375,32.2843017578125,100426.359375,46.68928527832031,100348.1875,18.805700302124023,0,0.051513671875,1.019287109375,-0.143798828125,147310,140053,-0.9765625,0.48828125,3.23486328125,99,397.5,"0",full
7a09a483-c77d-4a34-9750-25b7aeca6add,c9549b4e-052f-421d-b8f7-e4aa2078007e,2026-04-29T12:52:14.250Z,104,,32.826751708984375,68.8748779296875,32.63441467285156,100057.09375,32.28363037109375,100428.8125,46.68896484375,100348.171875,18.805700302124023,0,0.035400390625,0.992431640625,-0.14404296875,147310,140053,-0.18310546875,2.62451171875,4.94384765625,99,397.5,"0",full
7a09a483-c77d-4a34-9750-25b7aeca6add,c9549b4e-052f-421d-b8f7-e4aa2078007e,2026-04-29T12:52:14.341Z,104,,32.826751708984375,68.8748779296875,32.63441467285156,100057.09375,32.28363037109375,100428.8125,46.687103271484375,100348.171875,18.805700302124023,0,0.035400390625,0.992431640625,-0.14404296875,147310,140053,-0.18310546875,2.62451171875,4.94384765625,99,397.5,"0",full
7a09a483-c77d-4a34-9750-25b7aeca6add,c9549b4e-052f-421d-b8f7-e4aa2078007e,2026-04-29T12:52:14.402Z,104,,32.826751708984375,68.8748779296875,32.63165283203125,100138.828125,32.282806396484375,100432.578125,46.68632507324219,100348.203125,18.805700302124023,0,0.04638671875,1.01025390625,-0.123046875,147310,140053,5.126953125,-1.40380859375,-1.8310546875,99,397.5,"0",full
7a09a483-c77d-4a34-9750-25b7aeca6add,c9549b4e-052f-421d-b8f7-e4aa2078007e,2026-04-29T12:52:14.417Z,104,,32.77312469482422,64.4498291015625,32.63105773925781,100151.625,32.281951904296875,100433.125,46.68632507324219,100348.203125,18.755859375,0,0.04638671875,1.01025390625,-0.123046875,147011,139947,5.126953125,-1.40380859375,-1.8310546875,99,397.5,"0",full
7a09a483-c77d-4a34-9750-25b7aeca6add,c9549b4e-052f-421d-b8f7-e4aa2078007e,2026-04-29T12:52:14.491Z,104,,32.77312469482422,64.4498291015625,32.63105773925781,100151.625,32.281951904296875,100433.125,46.683624267578125,100348.234375,18.755859375,0,0.04638671875,1.01025390625,-0.123046875,147011,139947,5.126953125,-1.40380859375,-1.8310546875,99,397.5,"0",full
7a09a483-c77d-4a34-9750-25b7aeca6add,c9549b4e-052f-421d-b8f7-e4aa2078007e,2026-04-29T12:52:14.599Z,105,,32.77312469482422,64.4498291015625,32.62705993652344,100214.640625,32.28117370605469,100435.234375,46.683624267578125,100348.234375,18.755859375,0,0.05224609375,0.994873046875,-0.10302734375,147011,139947,0.79345703125,1.953125,0.244140625,99,397.5,"0",full
7a09a483-c77d-4a34-9750-25b7aeca6add,c9549b4e-052f-421d-b8f7-e4aa2078007e,2026-04-29T12:52:14.671Z,105,,32.77312469482422,64.4498291015625,32.62152099609375,100286.5,32.28153991699219,100438.953125,46.6817626953125,100348.21875,18.755859375,0,0.04833984375,0.99951171875,-0.103515625,147011,139947,0.8544921875,-1.220703125,0.54931640625,99,397.5,"0",full
7a09a483-c77d-4a34-9750-25b7aeca6add,c9549b4e-052f-421d-b8f7-e4aa2078007e,2026-04-29T12:52:14.672Z,105,,32.76240539550781,57.24005126953125,32.62152099609375,100286.5,32.28153991699219,100438.953125,46.68128967285156,100348.234375,18.663299560546875,0,0.042236328125,0.994140625,-0.10498046875,146502,139704,0.91552734375,-1.220703125,0.244140625,99,397.5,"0",full
7a09a483-c77d-4a34-9750-25b7aeca6add,c9549b4e-052f-421d-b8f7-e4aa2078007e,2026-04-29T12:52:14.776Z,105,,32.76240539550781,57.24005126953125,32.62152099609375,100286.5,32.28153991699219,100438.953125,46.679595947265625,100348.1875,18.663299560546875,0,0.042236328125,0.994140625,-0.10498046875,146502,139704,0.91552734375,-1.220703125,0.244140625,99,397.5,"0",full
7a09a483-c77d-4a34-9750-25b7aeca6add,c9549b4e-052f-421d-b8f7-e4aa2078007e,2026-04-29T12:52:14.804Z,105,,32.76240539550781,57.24005126953125,32.62208557128906,100323.265625,32.279937744140625,100440.765625,46.679595947265625,100348.1875,18.663299560546875,0,0.054931640625,1.007080078125,-0.115966796875,146502,139704,0.244140625,1.77001953125,1.15966796875,99,397.5,"0",full
7a09a483-c77d-4a34-9750-25b7aeca6add,c9549b4e-052f-421d-b8f7-e4aa2078007e,2026-04-29T12:52:14.882Z,105,,32.76240539550781,57.24005126953125,32.62208557128906,100323.265625,32.279937744140625,100440.765625,46.676025390625,100348.203125,18.663299560546875,0,0.054931640625,1.007080078125,-0.115966796875,146502,139704,0.244140625,1.77001953125,1.15966796875,99,397.5,"0",full
7a09a483-c77d-4a34-9750-25b7aeca6add,c9549b4e-052f-421d-b8f7-e4aa2078007e,2026-04-29T12:52:14.941Z,105,,32.76240539550781,57.24005126953125,32.621826171875,100359.1875,32.282196044921875,100442.609375,46.67578125,100348.25,18.663299560546875,0,0.051025390625,1.010986328125,-0.118408203125,146502,139704,0.18310546875,0,0.48828125,99,397.5,"0",full
7a09a483-c77d-4a34-9750-25b7aeca6add,c9549b4e-052f-421d-b8f7-e4aa2078007e,2026-04-29T12:52:14.957Z,105,,32.76240539550781,52.013916015625,32.620635986328125,100363.4375,32.282196044921875,100442.609375,46.675750732421875,100348.265625,18.663299560546875,0,0.05810546875,0.995361328125,-0.10595703125,145729,139264,0.42724609375,-0.06103515625,0.06103515625,99,397.5,"0",full
7a09a483-c77d-4a34-9750-25b7aeca6add,c9549b4e-052f-421d-b8f7-e4aa2078007e,2026-04-29T12:52:15.061Z,105,,32.76240539550781,52.013916015625,32.620635986328125,100363.4375,32.282196044921875,100442.609375,46.67295837402344,100348.28125,18.663299560546875,0,0.05810546875,0.995361328125,-0.10595703125,145729,139264,0.42724609375,-0.06103515625,0.06103515625,99,397.5,"0",full
7a09a483-c77d-4a34-9750-25b7aeca6add,c9549b4e-052f-421d-b8f7-e4aa2078007e,2026-04-29T12:52:15.152Z,105,,32.76240539550781,52.013916015625,32.620635986328125,100363.4375,32.282196044921875,100442.609375,46.673095703125,100348.3125,18.663299560546875,0,0.05810546875,0.995361328125,-0.10595703125,145729,139264,0.42724609375,-0.06103515625,0.06103515625,99,397.5,"0",full
7a09a483-c77d-4a34-9750-25b7aeca6add,c9549b4e-052f-421d-b8f7-e4aa2078007e,2026-04-29T12:52:15.197Z,105,,32.76240539550781,52.013916015625,32.618377685546875,100356.453125,32.27919006347656,100441.46875,46.67376708984375,100348.28125,18.663299560546875,0,0.04345703125,0.98828125,-0.108642578125,145729,139264,1.220703125,-1.03759765625,-4.82177734375,99,397.5,"0",full
7a09a483-c77d-4a34-9750-25b7aeca6add,c9549b4e-052f-421d-b8f7-e4aa2078007e,2026-04-29T12:52:15.221Z,105,,32.76240539550781,49.145263671875,32.618377685546875,100356.453125,32.2803955078125,100440.828125,46.67376708984375,100348.28125,18.69178009033203,0,0.04345703125,0.98828125,-0.108642578125,145557,139211,1.220703125,-1.03759765625,-4.82177734375,99,397.5,"0",full
7a09a483-c77d-4a34-9750-25b7aeca6add,c9549b4e-052f-421d-b8f7-e4aa2078007e,2026-04-29T12:52:15.317Z,105,,32.76240539550781,49.145263671875,32.618377685546875,100356.453125,32.2803955078125,100440.828125,46.67243957519531,100348.3125,18.69178009033203,0,0.04345703125,0.98828125,-0.108642578125,145557,139211,1.220703125,-1.03759765625,-4.82177734375,99,397.5,"0",full
7a09a483-c77d-4a34-9750-25b7aeca6add,c9549b4e-052f-421d-b8f7-e4aa2078007e,2026-04-29T12:52:15.343Z,105,,32.76240539550781,49.145263671875,32.617889404296875,100309.546875,32.279449462890625,100438.609375,46.67243957519531,100348.3125,18.69178009033203,0,0.0693359375,1.02001953125,-0.134521484375,145557,139211,-1.953125,0.79345703125,-1.03759765625,99,397.5,"0",full
7a09a483-c77d-4a34-9750-25b7aeca6add,c9549b4e-052f-421d-b8f7-e4aa2078007e,2026-04-29T12:52:15.421Z,105,,32.76240539550781,49.145263671875,32.617889404296875,100309.546875,32.279449462890625,100438.609375,46.669586181640625,100348.359375,18.69178009033203,0,0.0693359375,1.02001953125,-0.134521484375,145557,139211,-1.953125,0.79345703125,-1.03759765625,99,397.5,"0",full
7a09a483-c77d-4a34-9750-25b7aeca6add,c9549b4e-052f-421d-b8f7-e4aa2078007e,2026-04-29T12:52:15.480Z,105,,32.76240539550781,49.145263671875,32.61906433105469,100215.109375,32.280487060546875,100435.59375,46.66926574707031,100348.359375,18.69178009033203,0,0.06884765625,1.02001953125,-0.135498046875,145557,139211,-0.48828125,0.8544921875,-1.03759765625,99,397.5,"0",full
7a09a483-c77d-4a34-9750-25b7aeca6add,c9549b4e-052f-421d-b8f7-e4aa2078007e,2026-04-29T12:52:15.496Z,105,,32.783851623535156,51.861328125,32.61906433105469,100215.109375,32.280487060546875,100435.59375,46.66949462890625,100348.359375,18.748741149902344,0,0.0751953125,1.020263671875,-0.120849609375,146228,139730,-0.54931640625,0.30517578125,-0.91552734375,99,397.5,"0",full
7a09a483-c77d-4a34-9750-25b7aeca6add,c9549b4e-052f-421d-b8f7-e4aa2078007e,2026-04-29T12:52:15.645Z,107,,32.783851623535156,51.861328125,32.61906433105469,100215.109375,32.280487060546875,100435.59375,46.668182373046875,100348.359375,18.748741149902344,0,0.0751953125,1.020263671875,-0.120849609375,146228,139730,-0.54931640625,0.30517578125,-0.91552734375,99,417.5,"0",full
7a09a483-c77d-4a34-9750-25b7aeca6add,c9549b4e-052f-421d-b8f7-e4aa2078007e,2026-04-29T12:52:15.646Z,107,,32.783851623535156,51.861328125,32.62184143066406,100149.84375,32.28129577636719,100434.5,46.66819763183594,100348.375,18.748741149902344,0,0.075439453125,0.99951171875,-0.123291015625,146228,139730,0.54931640625,-0.18310546875,-2.50244140625,99,417.5,"0",full
7a09a483-c77d-4a34-9750-25b7aeca6add,c9549b4e-052f-421d-b8f7-e4aa2078007e,2026-04-29T12:52:15.691Z,107,,32.783851623535156,51.861328125,32.62184143066406,100149.84375,32.28129577636719,100434.5,46.66473388671875,100348.328125,18.748741149902344,0,0.075439453125,0.99951171875,-0.123291015625,146228,139730,0.54931640625,-0.18310546875,-2.50244140625,99,417.5,"0",full
7a09a483-c77d-4a34-9750-25b7aeca6add,c9549b4e-052f-421d-b8f7-e4aa2078007e,2026-04-29T12:52:15.752Z,107,,32.783851623535156,51.861328125,32.62565612792969,100068.65625,32.28092956542969,100433.578125,46.665374755859375,100348.328125,18.748741149902344,0,0.07421875,0.988037109375,-0.110107421875,146228,139730,0.6103515625,-0.48828125,-0.244140625,99,417.5,"0",full
7a09a483-c77d-4a34-9750-25b7aeca6add,c9549b4e-052f-421d-b8f7-e4aa2078007e,2026-04-29T12:52:15.781Z,107,,32.826751708984375,58.178466796875,32.62565612792969,100068.65625,32.28126525878906,100433.453125,46.665374755859375,100348.328125,18.912500381469727,0,0.074462890625,0.9912109375,-0.122314453125,148091,140440,0.67138671875,-0.3662109375,-0.18310546875,99,417.5,"0",full
7a09a483-c77d-4a34-9750-25b7aeca6add,c9549b4e-052f-421d-b8f7-e4aa2078007e,2026-04-29T12:52:15.857Z,107,,32.826751708984375,58.178466796875,32.62565612792969,100068.65625,32.28126525878906,100433.453125,46.66314697265625,100348.328125,18.912500381469727,0,0.074462890625,0.9912109375,-0.122314453125,148091,140440,0.67138671875,-0.3662109375,-0.18310546875,99,417.5,"0",full
7a09a483-c77d-4a34-9750-25b7aeca6add,c9549b4e-052f-421d-b8f7-e4aa2078007e,2026-04-29T12:52:15.961Z,107,,32.826751708984375,58.178466796875,32.62565612792969,100068.65625,32.28126525878906,100433.453125,46.66108703613281,100348.390625,18.912500381469727,0,0.074462890625,0.9912109375,-0.122314453125,148091,140440,0.67138671875,-0.3662109375,-0.18310546875,99,417.5,"0",full
7a09a483-c77d-4a34-9750-25b7aeca6add,c9549b4e-052f-421d-b8f7-e4aa2078007e,2026-04-29T12:52:16.035Z,107,,32.826751708984375,58.178466796875,32.63200378417969,99991.359375,32.28068542480469,100430.984375,46.66001892089844,100348.375,18.912500381469727,0,0.07666015625,1.005615234375,-0.1337890625,148091,140440,0.06103515625,-1.220703125,-0.8544921875,99,417.5,"0",full
7a09a483-c77d-4a34-9750-25b7aeca6add,c9549b4e-052f-421d-b8f7-e4aa2078007e,2026-04-29T12:52:16.036Z,107,,32.84820556640625,63.061279296875,32.63200378417969,99991.359375,32.2813720703125,100430.6875,46.66001892089844,100348.375,18.89113998413086,0,0.07666015625,1.005615234375,-0.1337890625,148605,140662,0.06103515625,-1.220703125,-0.8544921875,99,417.5,"0",full
7a09a483-c77d-4a34-9750-25b7aeca6add,c9549b4e-052f-421d-b8f7-e4aa2078007e,2026-04-29T12:52:16.141Z,107,,32.84820556640625,63.061279296875,32.63200378417969,99991.359375,32.2813720703125,100430.6875,46.65788269042969,100348.375,18.89113998413086,0,0.07666015625,1.005615234375,-0.1337890625,148605,140662,0.06103515625,-1.220703125,-0.8544921875,99,417.5,"0",full
7a09a483-c77d-4a34-9750-25b7aeca6add,c9549b4e-052f-421d-b8f7-e4aa2078007e,2026-04-29T12:52:16.170Z,107,,32.84820556640625,63.061279296875,32.63499450683594,99974.796875,32.27983093261719,100429.40625,46.65788269042969,100348.375,18.89113998413086,0,0.087646484375,0.986083984375,-0.115234375,148605,140662,-0.30517578125,0.6103515625,1.3427734375,99,417.5,"0",full
7a09a483-c77d-4a34-9750-25b7aeca6add,c9549b4e-052f-421d-b8f7-e4aa2078007e,2026-04-29T12:52:16.231Z,107,,32.84820556640625,63.061279296875,32.63499450683594,99974.796875,32.27983093261719,100429.40625,46.65644836425781,100348.34375,18.89113998413086,0,0.087646484375,0.986083984375,-0.115234375,148605,140662,-0.30517578125,0.6103515625,1.3427734375,99,417.5,"0",full
7a09a483-c77d-4a34-9750-25b7aeca6add,c9549b4e-052f-421d-b8f7-e4aa2078007e,2026-04-29T12:52:16.291Z,107,,32.84820556640625,63.061279296875,32.63636779785156,99973.28125,32.28276062011719,100429.203125,46.65452575683594,100348.328125,18.89113998413086,0,0.068359375,0.997802734375,-0.134765625,148605,140662,-0.9765625,-0.244140625,3.60107421875,99,417.5,"0",full
7a09a483-c77d-4a34-9750-25b7aeca6add,c9549b4e-052f-421d-b8f7-e4aa2078007e,2026-04-29T12:52:16.321Z,107,,32.84820556640625,66.8759765625,32.63636779785156,99973.28125,32.28276062011719,100429.203125,46.65449523925781,100348.34375,18.862659454345703,0,0.0703125,1.00634765625,-0.13623046875,148546,140595,-0.91552734375,0.06103515625,3.72314453125,99,417.5,"0",full
7a09a483-c77d-4a34-9750-25b7aeca6add,c9549b4e-052f-421d-b8f7-e4aa2078007e,2026-04-29T12:52:16.396Z,107,,32.84820556640625,66.8759765625,32.63636779785156,99973.28125,32.28276062011719,100429.203125,46.655853271484375,100348.40625,18.862659454345703,0,0.0703125,1.00634765625,-0.13623046875,148546,140595,-0.91552734375,0.06103515625,3.72314453125,99,417.5,"0",full
7a09a483-c77d-4a34-9750-25b7aeca6add,c9549b4e-052f-421d-b8f7-e4aa2078007e,2026-04-29T12:52:16.424Z,107,,32.84820556640625,66.8759765625,32.63653564453125,99989.9375,32.283935546875,100430.296875,46.656829833984375,100348.421875,18.862659454345703,0,0.060791015625,1.002197265625,-0.1142578125,148546,140595,0.8544921875,-2.62451171875,0.48828125,99,417.5,"0",full
7a09a483-c77d-4a34-9750-25b7aeca6add,c9549b4e-052f-421d-b8f7-e4aa2078007e,2026-04-29T12:52:16.518Z,107,,32.84820556640625,66.8759765625,32.63653564453125,99989.9375,32.283935546875,100430.296875,46.65484619140625,100348.4375,18.862659454345703,0,0.060791015625,1.002197265625,-0.1142578125,148546,140595,0.8544921875,-2.62451171875,0.48828125,99,417.5,"0",full
7a09a483-c77d-4a34-9750-25b7aeca6add,c9549b4e-052f-421d-b8f7-e4aa2078007e,2026-04-29T12:52:16.665Z,110,,32.84820556640625,66.8759765625,32.6337890625,100034.546875,32.28468322753906,100433.015625,46.653076171875,100348.4375,18.862659454345703,0,0.0546875,0.9873046875,-0.12060546875,148546,140595,1.64794921875,0.18310546875,3.47900390625,99,417.5,"0",full
7a09a483-c77d-4a34-9750-25b7aeca6add,c9549b4e-052f-421d-b8f7-e4aa2078007e,2026-04-29T12:52:16.693Z,110,,32.80530548095703,67.5626220703125,32.6337890625,100034.546875,32.28468322753906,100433.015625,46.65083312988281,100348.40625,18.777219772338867,0,0.0546875,0.9873046875,-0.12060546875,148143,140394,1.64794921875,0.18310546875,3.47900390625,99,417.5,"0",full
7a09a483-c77d-4a34-9750-25b7aeca6add,c9549b4e-052f-421d-b8f7-e4aa2078007e,2026-04-29T12:52:16.697Z,110,,32.80530548095703,67.5626220703125,32.63092041015625,100082.734375,32.28468322753906,100435.453125,46.65083312988281,100348.40625,18.777219772338867,0,0.10302734375,1.00732421875,-0.11474609375,148143,140394,0.18310546875,1.8310546875,1.28173828125,99,417.5,"0",full
7a09a483-c77d-4a34-9750-25b7aeca6add,c9549b4e-052f-421d-b8f7-e4aa2078007e,2026-04-29T12:52:16.771Z,110,,32.80530548095703,67.5626220703125,32.63092041015625,100082.734375,32.28468322753906,100435.453125,46.64741516113281,100348.328125,18.777219772338867,0,0.10302734375,1.00732421875,-0.11474609375,148143,140394,0.18310546875,1.8310546875,1.28173828125,99,417.5,"0",full
7a09a483-c77d-4a34-9750-25b7aeca6add,c9549b4e-052f-421d-b8f7-e4aa2078007e,2026-04-29T12:52:16.832Z,110,,32.80530548095703,67.5626220703125,32.627197265625,100175.375,32.28172302246094,100438.78125,46.64605712890625,100348.3125,18.777219772338867,0,0.05859375,1.00048828125,-0.110595703125,148143,140394,1.708984375,-0.9765625,-0.42724609375,99,417.5,"0",full
7a09a483-c77d-4a34-9750-25b7aeca6add,c9549b4e-052f-421d-b8f7-e4aa2078007e,2026-04-29T12:52:16.862Z,110,,32.77312469482422,61.596435546875,32.627197265625,100175.375,32.281585693359375,100439.296875,46.64540100097656,100348.28125,18.69178009033203,0,0.05859375,1.00048828125,-0.110595703125,147650,140142,1.708984375,-0.9765625,-0.42724609375,99,417.5,"0",full
7a09a483-c77d-4a34-9750-25b7aeca6add,c9549b4e-052f-421d-b8f7-e4aa2078007e,2026-04-29T12:52:16.952Z,110,,32.77312469482422,61.596435546875,32.627197265625,100175.375,32.281585693359375,100439.296875,46.64323425292969,100348.234375,18.69178009033203,0,0.05859375,1.00048828125,-0.110595703125,147650,140142,1.708984375,-0.9765625,-0.42724609375,99,417.5,"0",full
7a09a483-c77d-4a34-9750-25b7aeca6add,c9549b4e-052f-421d-b8f7-e4aa2078007e,2026-04-29T12:52:17.067Z,110,,32.77312469482422,61.596435546875,32.627197265625,100175.375,32.281585693359375,100439.296875,46.640960693359375,100348.265625,18.69178009033203,0,0.05859375,1.00048828125,-0.110595703125,147650,140142,1.708984375,-0.9765625,-0.42724609375,99,417.5,"0",full
7a09a483-c77d-4a34-9750-25b7aeca6add,c9549b4e-052f-421d-b8f7-e4aa2078007e,2026-04-29T12:52:17.115Z,110,,32.77312469482422,61.596435546875,32.620880126953125,100292.34375,32.27989196777344,100444.234375,46.64030456542969,100348.3125,18.69178009033203,0,0.043212890625,1.01953125,-0.13232421875,147650,140142,-0.48828125,1.46484375,1.5869140625,99,417.5,"0",full
7a09a483-c77d-4a34-9750-25b7aeca6add,c9549b4e-052f-421d-b8f7-e4aa2078007e,2026-04-29T12:52:17.132Z,110,,32.751678466796875,55.03515625,32.620880126953125,100292.34375,32.27989196777344,100444.234375,46.64030456542969,100348.3125,18.69178009033203,0,0.055419921875,1.00634765625,-0.126708984375,147748,140212,-1.15966796875,1.708984375,2.0751953125,99,417.5,"0",full
7a09a483-c77d-4a34-9750-25b7aeca6add,c9549b4e-052f-421d-b8f7-e4aa2078007e,2026-04-29T12:52:17.237Z,110,,32.751678466796875,55.03515625,32.620880126953125,100292.34375,32.27989196777344,100444.234375,46.638946533203125,100348.296875,18.69178009033203,0,0.055419921875,1.00634765625,-0.126708984375,147748,140212,-1.15966796875,1.708984375,2.0751953125,99,417.5,"0",full
7a09a483-c77d-4a34-9750-25b7aeca6add,c9549b4e-052f-421d-b8f7-e4aa2078007e,2026-04-29T12:52:17.371Z,110,,32.751678466796875,55.03515625,32.61738586425781,100324.296875,32.279541015625,100445.546875,46.63847351074219,100348.3125,18.69178009033203,0,0.04443359375,0.98681640625,-0.10986328125,147748,140212,0.30517578125,0.244140625,0.91552734375,99,417.5,"0",full
7a09a483-c77d-4a34-9750-25b7aeca6add,c9549b4e-052f-421d-b8f7-e4aa2078007e,2026-04-29T12:52:17.402Z,110,,32.751678466796875,50.75506591796875,32.615142822265625,100360.625,32.278656005859375,100446.546875,46.63548278808594,100348.296875,18.63482093811035,0,0.0546875,0.98828125,-0.10205078125,147676,140171,0.9765625,-0.6103515625,-0.91552734375,99,417.5,"0",full
7a09a483-c77d-4a34-9750-25b7aeca6add,c9549b4e-052f-421d-b8f7-e4aa2078007e,2026-04-29T12:52:17.492Z,110,,32.751678466796875,50.75506591796875,32.615142822265625,100360.625,32.278656005859375,100446.546875,46.632598876953125,100348.296875,18.63482093811035,0,0.0546875,0.98828125,-0.10205078125,147676,140171,0.9765625,-0.6103515625,-0.91552734375,99,417.5,"0",full
7a09a483-c77d-4a34-9750-25b7aeca6add,c9549b4e-052f-421d-b8f7-e4aa2078007e,2026-04-29T12:52:17.520Z,110,,32.751678466796875,50.75506591796875,32.61454772949219,100377.46875,32.27508544921875,100446.6875,46.632598876953125,100348.296875,18.63482093811035,0,0.058837890625,1.01904296875,-0.128173828125,147676,140171,-0.48828125,-0.1220703125,0.18310546875,99,417.5,"0",full
7a09a483-c77d-4a34-9750-25b7aeca6add,c9549b4e-052f-421d-b8f7-e4aa2078007e,2026-04-29T12:52:17.670Z,110,,32.751678466796875,50.75506591796875,32.61454772949219,100377.46875,32.27508544921875,100446.6875,46.63134765625,100348.296875,18.63482093811035,0,0.058837890625,1.01904296875,-0.128173828125,147676,140171,-0.48828125,-0.1220703125,0.18310546875,99,417.5,"0",full
7a09a483-c77d-4a34-9750-25b7aeca6add,c9549b4e-052f-421d-b8f7-e4aa2078007e,2026-04-29T12:52:17.699Z,110,,32.74095153808594,48.75616455078125,32.61676025390625,100346.890625,32.277008056640625,100444.8125,46.63087463378906,100348.328125,18.777219772338867,0,0.065673828125,1.008544921875,-0.1328125,147842,140282,-0.42724609375,1.3427734375,-4.39453125,99,417.5,"0",full
7a09a483-c77d-4a34-9750-25b7aeca6add,c9549b4e-052f-421d-b8f7-e4aa2078007e,2026-04-29T12:52:17.762Z,110,,32.74095153808594,48.75616455078125,32.61676025390625,100346.890625,32.277008056640625,100444.8125,46.62937927246094,100348.34375,18.777219772338867,0,0.065673828125,1.008544921875,-0.1328125,147842,140282,-0.42724609375,1.3427734375,-4.39453125,99,417.5,"0",full
7a09a483-c77d-4a34-9750-25b7aeca6add,c9549b4e-052f-421d-b8f7-e4aa2078007e,2026-04-29T12:52:17.777Z,110,,32.74095153808594,48.75616455078125,32.61613464355469,100288.328125,32.27677917480469,100443.40625,46.628265380859375,100348.375,18.777219772338867,0,0.043701171875,0.996826171875,-0.124267578125,147842,140282,0.06103515625,2.01416015625,-3.173828125,99,417.5,"0",full
7a09a483-c77d-4a34-9750-25b7aeca6add,c9549b4e-052f-421d-b8f7-e4aa2078007e,2026-04-29T12:52:17.882Z,110,,32.74095153808594,48.75616455078125,32.61613464355469,100288.328125,32.27677917480469,100443.40625,46.62693786621094,100348.40625,18.777219772338867,0,0.043701171875,0.996826171875,-0.124267578125,147842,140282,0.06103515625,2.01416015625,-3.173828125,99,417.5,"0",full
7a09a483-c77d-4a34-9750-25b7aeca6add,c9549b4e-052f-421d-b8f7-e4aa2078007e,2026-04-29T12:52:17.956Z,110,,32.74095153808594,48.75616455078125,32.61872863769531,100200.203125,32.27705383300781,100440.65625,46.62733459472656,100348.390625,18.777219772338867,0,0.06201171875,1.008544921875,-0.13525390625,147842,140282,-0.9765625,0.6103515625,0.42724609375,99,417.5,"0",full
7a09a483-c77d-4a34-9750-25b7aeca6add,c9549b4e-052f-421d-b8f7-e4aa2078007e,2026-04-29T12:52:18.032Z,110,,32.794578552246094,51.586669921875,32.61854553222656,100188.453125,32.27705383300781,100440.65625,46.62501525878906,100348.46875,18.805700302124023,0,0.0703125,1.01904296875,-0.126953125,147928,140305,-1.3427734375,0.42724609375,1.220703125,99,417.5,"0",full
7a09a483-c77d-4a34-9750-25b7aeca6add,c9549b4e-052f-421d-b8f7-e4aa2078007e,2026-04-29T12:52:18.136Z,110,,32.794578552246094,51.586669921875,32.61854553222656,100188.453125,32.27705383300781,100440.65625,46.624786376953125,100348.5,18.805700302124023,0,0.0703125,1.01904296875,-0.126953125,147928,140305,-1.3427734375,0.42724609375,1.220703125,99,417.5,"0",full
7a09a483-c77d-4a34-9750-25b7aeca6add,c9549b4e-052f-421d-b8f7-e4aa2078007e,2026-04-29T12:52:18.196Z,110,,32.794578552246094,51.586669921875,32.62260437011719,100072.203125,32.28245544433594,100435.359375,46.62403869628906,100348.484375,18.805700302124023,0,0.069091796875,1.007568359375,-0.130859375,147928,140305,-0.1220703125,0.732421875,-0.3662109375,99,417.5,"0",full
7a09a483-c77d-4a34-9750-25b7aeca6add,c9549b4e-052f-421d-b8f7-e4aa2078007e,2026-04-29T12:52:18.211Z,110,,32.81602478027344,57.59100341796875,32.62260437011719,100072.203125,32.28160095214844,100435,46.62422180175781,100348.4375,18.89826011657715,0,0.069091796875,1.007568359375,-0.130859375,148043,140412,-0.1220703125,0.732421875,-0.3662109375,99,417.5,"0",full
7a09a483-c77d-4a34-9750-25b7aeca6add,c9549b4e-052f-421d-b8f7-e4aa2078007e,2026-04-29T12:52:18.316Z,110,,32.81602478027344,57.59100341796875,32.62260437011719,100072.203125,32.28160095214844,100435,46.621978759765625,100348.453125,18.89826011657715,0,0.069091796875,1.007568359375,-0.130859375,148043,140412,-0.1220703125,0.732421875,-0.3662109375,99,417.5,"0",full
7a09a483-c77d-4a34-9750-25b7aeca6add,c9549b4e-052f-421d-b8f7-e4aa2078007e,2026-04-29T12:52:18.345Z,110,,32.81602478027344,57.59100341796875,32.62382507324219,100037.46875,32.28070068359375,100433.6875,46.621978759765625,100348.453125,18.89826011657715,0,0.049072265625,1.02294921875,-0.162841796875,148043,140412,-1.3427734375,0.6103515625,0.732421875,99,417.5,"0",full
7a09a483-c77d-4a34-9750-25b7aeca6add,c9549b4e-052f-421d-b8f7-e4aa2078007e,2026-04-29T12:52:18.420Z,110,,32.81602478027344,57.59100341796875,32.62382507324219,100037.46875,32.28070068359375,100433.6875,46.621612548828125,100348.453125,18.89826011657715,0,0.049072265625,1.02294921875,-0.162841796875,148043,140412,-1.3427734375,0.6103515625,0.732421875,99,417.5,"0",full
7a09a483-c77d-4a34-9750-25b7aeca6add,c9549b4e-052f-421d-b8f7-e4aa2078007e,2026-04-29T12:52:18.511Z,110,,32.81602478027344,57.59100341796875,32.630035400390625,99999.265625,32.28379821777344,100430.921875,46.619140625,100348.421875,18.89826011657715,0,0.076171875,0.993896484375,-0.123779296875,148043,140412,3.47900390625,-0.8544921875,-3.90625,99,417.5,"0",full
7a09a483-c77d-4a34-9750-25b7aeca6add,c9549b4e-052f-421d-b8f7-e4aa2078007e,2026-04-29T12:52:18.586Z,110,,32.84820556640625,62.7103271484375,32.630706787109375,99995.03125,32.28379821777344,100430.921875,46.61753845214844,100348.515625,18.919620513916016,0,0.066162109375,1.001953125,-0.146240234375,148554,140682,2.38037109375,-0.91552734375,-2.44140625,99,417.5,"0",full
7a09a483-c77d-4a34-9750-25b7aeca6add,c9549b4e-052f-421d-b8f7-e4aa2078007e,2026-04-29T12:52:18.711Z,106,,32.84820556640625,62.7103271484375,32.630889892578125,99979.8125,32.283782958984375,100429.46875,46.61753845214844,100348.515625,18.919620513916016,0,0.0712890625,0.9892578125,-0.125,148554,140682,-0.732421875,0.54931640625,1.40380859375,99,417.5,"0",full
7a09a483-c77d-4a34-9750-25b7aeca6add,c9549b4e-052f-421d-b8f7-e4aa2078007e,2026-04-29T12:52:18.712Z,106,,32.84820556640625,62.7103271484375,32.630889892578125,99979.8125,32.283782958984375,100429.46875,46.6158447265625,100348.515625,18.919620513916016,0,0.0712890625,0.9892578125,-0.125,148554,140682,-0.732421875,0.54931640625,1.40380859375,99,417.5,"0",full
7a09a483-c77d-4a34-9750-25b7aeca6add,c9549b4e-052f-421d-b8f7-e4aa2078007e,2026-04-29T12:52:18.739Z,106,,32.84820556640625,62.7103271484375,32.63307189941406,99969.75,32.28517150878906,100427.390625,46.615997314453125,100348.5,18.919620513916016,0,0.060791015625,1.013671875,-0.1455078125,148554,140682,-1.220703125,1.0986328125,2.0751953125,99,417.5,"0",full
7a09a483-c77d-4a34-9750-25b7aeca6add,c9549b4e-052f-421d-b8f7-e4aa2078007e,2026-04-29T12:52:18.751Z,106,,32.83747863769531,66.8759765625,32.63307189941406,99969.75,32.28517150878906,100427.390625,46.615325927734375,100348.46875,18.89113998413086,0,0.060302734375,1.02783203125,-0.1337890625,148840,140881,-0.8544921875,0.54931640625,2.3193359375,99,417.5,"0",full
7a09a483-c77d-4a34-9750-25b7aeca6add,c9549b4e-052f-421d-b8f7-e4aa2078007e,2026-04-29T12:52:18.856Z,106,,32.83747863769531,66.8759765625,32.63307189941406,99969.75,32.28517150878906,100427.390625,46.61280822753906,100348.46875,18.89113998413086,0,0.060302734375,1.02783203125,-0.1337890625,148840,140881,-0.8544921875,0.54931640625,2.3193359375,99,417.5,"0",full
7a09a483-c77d-4a34-9750-25b7aeca6add,c9549b4e-052f-421d-b8f7-e4aa2078007e,2026-04-29T12:52:18.961Z,106,,32.83747863769531,66.8759765625,32.63307189941406,99969.75,32.28517150878906,100427.390625,46.612152099609375,100348.5,18.89113998413086,0,0.060302734375,1.02783203125,-0.1337890625,148840,140881,-0.8544921875,0.54931640625,2.3193359375,99,417.5,"0",full
7a09a483-c77d-4a34-9750-25b7aeca6add,c9549b4e-052f-421d-b8f7-e4aa2078007e,2026-04-29T12:52:19.021Z,106,,32.83747863769531,66.8759765625,32.63470458984375,100001.25,32.2845458984375,100428.828125,46.6104736328125,100348.546875,18.89113998413086,0,0.04541015625,0.99072265625,-0.129638671875,148840,140881,0.6103515625,-0.18310546875,-1.15966796875,99,417.5,"0",full
7a09a483-c77d-4a34-9750-25b7aeca6add,c9549b4e-052f-421d-b8f7-e4aa2078007e,2026-04-29T12:52:19.036Z,106,,32.826751708984375,69.11138916015625,32.63407897949219,100006.90625,32.28485107421875,100429.25,46.61012268066406,100348.53125,18.89113998413086,0,0.04541015625,0.99072265625,-0.129638671875,148807,140899,0.6103515625,-0.18310546875,-1.15966796875,99,417.5,"0",full
7a09a483-c77d-4a34-9750-25b7aeca6add,c9549b4e-052f-421d-b8f7-e4aa2078007e,2026-04-29T12:52:19.112Z,106,,32.826751708984375,69.11138916015625,32.63407897949219,100006.90625,32.28485107421875,100429.25,46.610107421875,100348.46875,18.89113998413086,0,0.04541015625,0.99072265625,-0.129638671875,148807,140899,0.6103515625,-0.18310546875,-1.15966796875,99,417.5,"0",full
7a09a483-c77d-4a34-9750-25b7aeca6add,c9549b4e-052f-421d-b8f7-e4aa2078007e,2026-04-29T12:52:19.155Z,106,,32.826751708984375,69.11138916015625,32.63023376464844,100049.546875,32.28363037109375,100431.265625,46.60981750488281,100348.484375,18.89113998413086,0,0.0771484375,1.005859375,-0.125244140625,148807,140899,0.3662109375,2.9296875,3.47900390625,99,417.5,"0",full
7a09a483-c77d-4a34-9750-25b7aeca6add,c9549b4e-052f-421d-b8f7-e4aa2078007e,2026-04-29T12:52:19.232Z,106,,32.826751708984375,69.11138916015625,32.63023376464844,100049.546875,32.28363037109375,100431.265625,46.60783386230469,100348.46875,18.89113998413086,0,0.0771484375,1.005859375,-0.125244140625,148807,140899,0.3662109375,2.9296875,3.47900390625,99,417.5,"0",full
7a09a483-c77d-4a34-9750-25b7aeca6add,c9549b4e-052f-421d-b8f7-e4aa2078007e,2026-04-29T12:52:19.306Z,106,,32.826751708984375,69.11138916015625,32.625640869140625,100144.203125,32.284576416015625,100435.84375,46.606658935546875,100348.4375,18.89113998413086,0,0.0703125,0.98779296875,-0.1005859375,148807,140899,4.39453125,-3.2958984375,-1.64794921875,99,417.5,"0",full
7a09a483-c77d-4a34-9750-25b7aeca6add,c9549b4e-052f-421d-b8f7-e4aa2078007e,2026-04-29T12:52:19.320Z,106,,32.76240539550781,65.03729248046875,32.625640869140625,100144.203125,32.284576416015625,100435.84375,46.606658935546875,100348.4375,18.720260620117188,0,0.07470703125,0.988525390625,-0.110595703125,148623,140854,4.08935546875,-2.9296875,-2.50244140625,99,417.5,"0",full
7a09a483-c77d-4a34-9750-25b7aeca6add,c9549b4e-052f-421d-b8f7-e4aa2078007e,2026-04-29T12:52:19.396Z,106,,32.76240539550781,65.03729248046875,32.625640869140625,100144.203125,32.284576416015625,100435.84375,46.602935791015625,100348.46875,18.720260620117188,0,0.07470703125,0.988525390625,-0.110595703125,148623,140854,4.08935546875,-2.9296875,-2.50244140625,99,417.5,"0",full
7a09a483-c77d-4a34-9750-25b7aeca6add,c9549b4e-052f-421d-b8f7-e4aa2078007e,2026-04-29T12:52:19.425Z,106,,32.76240539550781,65.03729248046875,32.62211608886719,100213.171875,32.28446960449219,100438.5625,46.602935791015625,100348.46875,18.720260620117188,0,0.062255859375,1.0087890625,-0.115234375,148623,140854,0.6103515625,0.79345703125,-0.9765625,99,417.5,"0",full
7a09a483-c77d-4a34-9750-25b7aeca6add,c9549b4e-052f-421d-b8f7-e4aa2078007e,2026-04-29T12:52:19.500Z,106,,32.76240539550781,65.03729248046875,32.62211608886719,100213.171875,32.28446960449219,100438.5625,46.60215759277344,100348.453125,18.720260620117188,0,0.062255859375,1.0087890625,-0.115234375,148623,140854,0.6103515625,0.79345703125,-0.9765625,99,417.5,"0",full
7a09a483-c77d-4a34-9750-25b7aeca6add,c9549b4e-052f-421d-b8f7-e4aa2078007e,2026-04-29T12:52:19.562Z,106,,32.76240539550781,65.03729248046875,32.61946105957031,100292.03125,32.2806396484375,100441.890625,46.600616455078125,100348.453125,18.720260620117188,0,0.073974609375,0.99951171875,-0.11279296875,148623,140854,2.3193359375,1.0986328125,0.30517578125,99,417.5,"0",full
7a09a483-c77d-4a34-9750-25b7aeca6add,c9549b4e-052f-421d-b8f7-e4aa2078007e,2026-04-29T12:52:19.577Z,106,,32.74095153808594,57.43841552734375,32.618438720703125,100301.171875,32.2806396484375,100441.890625,46.59986877441406,100348.46875,18.63482093811035,0,0.078857421875,0.993408203125,-0.105224609375,148703,140945,2.3193359375,0.67138671875,-0.48828125,99,417.5,"0",full
7a09a483-c77d-4a34-9750-25b7aeca6add,c9549b4e-052f-421d-b8f7-e4aa2078007e,2026-04-29T12:52:19.747Z,106,,32.74095153808594,57.43841552734375,32.618438720703125,100301.171875,32.2806396484375,100441.890625,46.598541259765625,100348.5,18.63482093811035,0,0.078857421875,0.993408203125,-0.105224609375,148703,140945,2.3193359375,0.67138671875,-0.48828125,99,417.5,"0",full
7a09a483-c77d-4a34-9750-25b7aeca6add,c9549b4e-052f-421d-b8f7-e4aa2078007e,2026-04-29T12:52:19.748Z,106,,32.74095153808594,57.43841552734375,32.61573791503906,100339.71875,32.28053283691406,100443.875,46.598541259765625,100348.5,18.63482093811035,0,0.057373046875,1.005126953125,-0.11767578125,148703,140945,0.42724609375,0.8544921875,0.30517578125,99,417.5,"0",full
7a09a483-c77d-4a34-9750-25b7aeca6add,c9549b4e-052f-421d-b8f7-e4aa2078007e,2026-04-29T12:52:19.801Z,106,,32.74095153808594,57.43841552734375,32.61573791503906,100339.71875,32.28053283691406,100443.875,46.59625244140625,100348.515625,18.63482093811035,0,0.057373046875,1.005126953125,-0.11767578125,148703,140945,0.42724609375,0.8544921875,0.30517578125,99,417.5,"0",full
7a09a483-c77d-4a34-9750-25b7aeca6add,c9549b4e-052f-421d-b8f7-e4aa2078007e,2026-04-29T12:52:19.830Z,106,,32.74095153808594,57.43841552734375,32.612579345703125,100376.671875,32.278656005859375,100446.234375,46.59461975097656,100348.5,18.63482093811035,0,0.061279296875,1.00927734375,-0.11181640625,148703,140945,0.9765625,-0.06103515625,-0.30517578125,99,417.5,"0",full
7a09a483-c77d-4a34-9750-25b7aeca6add,c9549b4e-052f-421d-b8f7-e4aa2078007e,2026-04-29T12:52:19.862Z,106,,32.74095153808594,51.9376220703125,32.612579345703125,100376.671875,32.27900695800781,100446.53125,46.59461975097656,100348.5,18.606340408325195,0,0.061279296875,1.00927734375,-0.11181640625,137765,135585,0.9765625,-0.06103515625,-0.30517578125,99,417.5,"0",full
7a09a483-c77d-4a34-9750-25b7aeca6add,c9549b4e-052f-421d-b8f7-e4aa2078007e,2026-04-29T12:52:19.953Z,106,,32.74095153808594,51.9376220703125,32.612579345703125,100376.671875,32.27900695800781,100446.53125,46.59423828125,100348.46875,18.606340408325195,0,0.061279296875,1.00927734375,-0.11181640625,137765,135585,0.9765625,-0.06103515625,-0.30517578125,99,417.5,"0",full
7a09a483-c77d-4a34-9750-25b7aeca6add,c9549b4e-052f-421d-b8f7-e4aa2078007e,2026-04-29T12:52:20.056Z,106,,32.74095153808594,51.9376220703125,32.612579345703125,100376.671875,32.27900695800781,100446.53125,46.593658447265625,100348.546875,18.606340408325195,0,0.061279296875,1.00927734375,-0.11181640625,137765,135585,0.9765625,-0.06103515625,-0.30517578125,99,417.5,"0",full
7a09a483-c77d-4a34-9750-25b7aeca6add,c9549b4e-052f-421d-b8f7-e4aa2078007e,2026-04-29T12:52:20.116Z,106,,32.74095153808594,51.9376220703125,32.610198974609375,100413.171875,32.27787780761719,100448.0625,46.59159851074219,100348.515625,18.606340408325195,0,0.07080078125,1.000732421875,-0.11572265625,137765,135585,-0.18310546875,0.06103515625,0.1220703125,99,417.5,"0",full
7a09a483-c77d-4a34-9750-25b7aeca6add,c9549b4e-052f-421d-b8f7-e4aa2078007e,2026-04-29T12:52:20.221Z,106,,32.76240539550781,47.91693115234375,32.60890197753906,100411.59375,32.27787780761719,100448.0625,46.589630126953125,100348.546875,18.663299560546875,0,0.0615234375,1,-0.111328125,137544,135528,-0.67138671875,0.06103515625,0.8544921875,99,417.5,"0",full
7a09a483-c77d-4a34-9750-25b7aeca6add,c9549b4e-052f-421d-b8f7-e4aa2078007e,2026-04-29T12:52:20.248Z,106,,32.76240539550781,47.91693115234375,32.608612060546875,100384.890625,32.28070068359375,100446.171875,46.589630126953125,100348.546875,18.663299560546875,0,0.087158203125,0.981201171875,-0.099609375,137544,135528,-0.8544921875,-1.3427734375,-1.708984375,99,417.5,"0",full
7a09a483-c77d-4a34-9750-25b7aeca6add,c9549b4e-052f-421d-b8f7-e4aa2078007e,2026-04-29T12:52:20.311Z,106,,32.76240539550781,47.91693115234375,32.608612060546875,100384.890625,32.28070068359375,100446.171875,46.588134765625,100348.578125,18.663299560546875,0,0.087158203125,0.981201171875,-0.099609375,137544,135528,-0.8544921875,-1.3427734375,-1.708984375,99,417.5,"0",full
7a09a483-c77d-4a34-9750-25b7aeca6add,c9549b4e-052f-421d-b8f7-e4aa2078007e,2026-04-29T12:52:20.387Z,106,,32.76240539550781,47.91693115234375,32.6094970703125,100280.921875,32.27952575683594,100441.921875,46.58824157714844,100348.59375,18.663299560546875,0,0.027099609375,1.0146484375,-0.136474609375,137544,135528,-3.0517578125,1.03759765625,0.6103515625,99,417.5,"0",full
7a09a483-c77d-4a34-9750-25b7aeca6add,c9549b4e-052f-421d-b8f7-e4aa2078007e,2026-04-29T12:52:20.412Z,106,,32.77312469482422,47.61175537109375,32.6094970703125,100280.921875,32.27952575683594,100441.921875,46.5872802734375,100348.59375,18.745180130004883,0,0.027099609375,1.0146484375,-0.136474609375,137630,135658,-3.0517578125,1.03759765625,0.6103515625,99,417.5,"0",full
7a09a483-c77d-4a34-9750-25b7aeca6add,c9549b4e-052f-421d-b8f7-e4aa2078007e,2026-04-29T12:52:20.476Z,106,,32.77312469482422,47.61175537109375,32.6094970703125,100280.921875,32.27952575683594,100441.921875,46.584197998046875,100348.546875,18.745180130004883,0,0.027099609375,1.0146484375,-0.136474609375,137630,135658,-3.0517578125,1.03759765625,0.6103515625,99,417.5,"0",full
7a09a483-c77d-4a34-9750-25b7aeca6add,c9549b4e-052f-421d-b8f7-e4aa2078007e,2026-04-29T12:52:20.491Z,106,,32.77312469482422,47.61175537109375,32.6131591796875,100207.453125,32.2821044921875,100439.25,46.58363342285156,100348.5625,18.745180130004883,0,0.074951171875,0.99560546875,-0.121826171875,137630,135658,0.8544921875,-0.06103515625,-0.6103515625,99,417.5,"0",full
7a09a483-c77d-4a34-9750-25b7aeca6add,c9549b4e-052f-421d-b8f7-e4aa2078007e,2026-04-29T12:52:20.596Z,106,,32.77312469482422,47.61175537109375,32.6131591796875,100207.453125,32.2821044921875,100439.25,46.582427978515625,100348.53125,18.745180130004883,0,0.074951171875,0.99560546875,-0.121826171875,137630,135658,0.8544921875,-0.06103515625,-0.6103515625,99,417.5,"0",full
7a09a483-c77d-4a34-9750-25b7aeca6add,c9549b4e-052f-421d-b8f7-e4aa2078007e,2026-04-29T12:52:20.656Z,106,,32.77312469482422,47.61175537109375,32.61785888671875,100118.90625,32.28218078613281,100435.8125,46.58149719238281,100348.59375,18.745180130004883,0,0.064453125,1.00048828125,-0.146728515625,137630,135658,-0.18310546875,0.67138671875,-2.197265625,99,417.5,"0",full
7a09a483-c77d-4a34-9750-25b7aeca6add,c9549b4e-052f-421d-b8f7-e4aa2078007e,2026-04-29T12:52:20.680Z,106,,32.81602478027344,54.546875,32.61918640136719,100108.40625,32.28321838378906,100435.3125,46.58149719238281,100348.59375,18.83418083190918,0,0.064453125,1.00048828125,-0.146728515625,138060,135999,-0.18310546875,0.67138671875,-2.197265625,99,417.5,"0",full
7a09a483-c77d-4a34-9750-25b7aeca6add,c9549b4e-052f-421d-b8f7-e4aa2078007e,2026-04-29T12:52:20.836Z,110,,32.81602478027344,54.546875,32.61918640136719,100108.40625,32.28321838378906,100435.3125,46.57991027832031,100348.578125,18.83418083190918,0,0.064453125,1.00048828125,-0.146728515625,138060,135999,-0.18310546875,0.67138671875,-2.197265625,99,417.5,"0",full
7a09a483-c77d-4a34-9750-25b7aeca6add,c9549b4e-052f-421d-b8f7-e4aa2078007e,2026-04-29T12:52:20.837Z,110,,32.81602478027344,54.546875,32.62028503417969,100071.703125,32.28288269042969,100432.734375,46.57991027832031,100348.578125,18.83418083190918,0,0.0908203125,1.0029296875,-0.11572265625,138060,135999,-0.30517578125,0.79345703125,-1.89208984375,99,417.5,"0",full
7a09a483-c77d-4a34-9750-25b7aeca6add,c9549b4e-052f-421d-b8f7-e4aa2078007e,2026-04-29T12:52:20.866Z,110,,32.81602478027344,54.546875,32.62028503417969,100071.703125,32.28288269042969,100432.734375,46.57875061035156,100348.625,18.83418083190918,0,0.0908203125,1.0029296875,-0.11572265625,138060,135999,-0.30517578125,0.79345703125,-1.89208984375,99,417.5,"0",full
7a09a483-c77d-4a34-9750-25b7aeca6add,c9549b4e-052f-421d-b8f7-e4aa2078007e,2026-04-29T12:52:20.926Z,110,,32.81602478027344,54.546875,32.6229248046875,100018.0625,32.28428649902344,100429.859375,46.578643798828125,100348.609375,18.83418083190918,0,0.0888671875,1.012939453125,-0.1337890625,138060,135999,1.03759765625,-0.8544921875,0.67138671875,99,417.5,"0",full
7a09a483-c77d-4a34-9750-25b7aeca6add,c9549b4e-052f-421d-b8f7-e4aa2078007e,2026-04-29T12:52:20.942Z,110,,32.83747863769531,60.680908203125,32.6229248046875,100018.0625,32.28428649902344,100429.859375,46.576904296875,100348.609375,18.978361129760742,0,0.08837890625,1.00830078125,-0.11865234375,138446,136241,0.30517578125,-0.244140625,1.28173828125,99,417.5,"0",full
7a09a483-c77d-4a34-9750-25b7aeca6add,c9549b4e-052f-421d-b8f7-e4aa2078007e,2026-04-29T12:52:21.031Z,110,,32.83747863769531,60.680908203125,32.6229248046875,100018.0625,32.28428649902344,100429.859375,46.5762939453125,100348.609375,18.978361129760742,0,0.08837890625,1.00830078125,-0.11865234375,138446,136241,0.30517578125,-0.244140625,1.28173828125,99,417.5,"0",full
7a09a483-c77d-4a34-9750-25b7aeca6add,c9549b4e-052f-421d-b8f7-e4aa2078007e,2026-04-29T12:52:21.167Z,110,,32.83747863769531,60.680908203125,32.6229248046875,100018.0625,32.28428649902344,100429.859375,46.57441711425781,100348.65625,18.978361129760742,0,0.08837890625,1.00830078125,-0.11865234375,138446,136241,0.30517578125,-0.244140625,1.28173828125,99,417.5,"0",full
7a09a483-c77d-4a34-9750-25b7aeca6add,c9549b4e-052f-421d-b8f7-e4aa2078007e,2026-04-29T12:52:21.211Z,110,,32.83747863769531,60.680908203125,32.62989807128906,99972.453125,32.28770446777344,100425.3125,46.57313537597656,100348.65625,18.978361129760742,0,0.078857421875,0.975341796875,-0.10205078125,138446,136241,0.18310546875,-0.48828125,-0.48828125,99,417.5,"0",full
7a09a483-c77d-4a34-9750-25b7aeca6add,c9549b4e-052f-421d-b8f7-e4aa2078007e,2026-04-29T12:52:21.212Z,110,,32.858924865722656,65.14410400390625,32.62989807128906,99972.453125,32.287628173828125,100425,46.57139587402344,100348.671875,18.89113998413086,0,0.078857421875,0.975341796875,-0.10205078125,138008,136010,0.18310546875,-0.48828125,-0.48828125,99,417.5,"0",full
7a09a483-c77d-4a34-9750-25b7aeca6add,c9549b4e-052f-421d-b8f7-e4aa2078007e,2026-04-29T12:52:21.301Z,110,,32.858924865722656,65.14410400390625,32.62989807128906,99972.453125,32.287628173828125,100425,46.569061279296875,100348.6875,18.89113998413086,0,0.078857421875,0.975341796875,-0.10205078125,138008,136010,0.18310546875,-0.48828125,-0.48828125,99,417.5,"0",full
7a09a483-c77d-4a34-9750-25b7aeca6add,c9549b4e-052f-421d-b8f7-e4aa2078007e,2026-04-29T12:52:21.330Z,110,,32.858924865722656,65.14410400390625,32.62872314453125,99965.28125,32.289154052734375,100424.03125,46.56846618652344,100348.671875,18.89113998413086,0,0.0830078125,1.014404296875,-0.13525390625,138008,136010,-1.03759765625,0.732421875,2.44140625,99,417.5,"0",full
7a09a483-c77d-4a34-9750-25b7aeca6add,c9549b4e-052f-421d-b8f7-e4aa2078007e,2026-04-29T12:52:21.422Z,110,,32.858924865722656,65.14410400390625,32.62872314453125,99965.28125,32.289154052734375,100424.03125,46.56605529785156,100348.671875,18.89113998413086,0,0.0830078125,1.014404296875,-0.13525390625,138008,136010,-1.03759765625,0.732421875,2.44140625,99,417.5,"0",full
7a09a483-c77d-4a34-9750-25b7aeca6add,c9549b4e-052f-421d-b8f7-e4aa2078007e,2026-04-29T12:52:21.466Z,110,,32.858924865722656,65.14410400390625,32.62568664550781,99975.390625,32.28875732421875,100423.9375,46.56571960449219,100348.671875,18.89113998413086,0,0.0908203125,1.00439453125,-0.126708984375,138008,136010,-0.8544921875,-0.79345703125,0.48828125,99,417.5,"0",full
7a09a483-c77d-4a34-9750-25b7aeca6add,c9549b4e-052f-421d-b8f7-e4aa2078007e,2026-04-29T12:52:21.480Z,110,,32.84820556640625,68.5849609375,32.62568664550781,99975.390625,32.28875732421875,100423.9375,46.56571960449219,100348.671875,18.862659454345703,0,0.0908203125,1.00439453125,-0.126708984375,137804,135885,-0.8544921875,-0.79345703125,0.48828125,99,417.5,"0",full
7a09a483-c77d-4a34-9750-25b7aeca6add,c9549b4e-052f-421d-b8f7-e4aa2078007e,2026-04-29T12:52:21.587Z,110,,32.84820556640625,68.5849609375,32.62568664550781,99975.390625,32.28875732421875,100423.9375,46.56498718261719,100348.609375,18.862659454345703,0,0.0908203125,1.00439453125,-0.126708984375,137804,135885,-0.8544921875,-0.79345703125,0.48828125,99,417.5,"0",full
7a09a483-c77d-4a34-9750-25b7aeca6add,c9549b4e-052f-421d-b8f7-e4aa2078007e,2026-04-29T12:52:21.615Z,110,,32.84820556640625,68.5849609375,32.62742614746094,99995.484375,32.287139892578125,100425.515625,46.56498718261719,100348.609375,18.862659454345703,0,0.06005859375,0.97998046875,-0.11279296875,137804,135885,1.03759765625,-0.42724609375,2.62451171875,99,417.5,"0",full
7a09a483-c77d-4a34-9750-25b7aeca6add,c9549b4e-052f-421d-b8f7-e4aa2078007e,2026-04-29T12:52:21.676Z,110,,32.84820556640625,68.5849609375,32.62742614746094,99995.484375,32.287139892578125,100425.515625,46.56341552734375,100348.609375,18.862659454345703,0,0.06005859375,0.97998046875,-0.11279296875,137804,135885,1.03759765625,-0.42724609375,2.62451171875,99,417.5,"0",full
7a09a483-c77d-4a34-9750-25b7aeca6add,c9549b4e-052f-421d-b8f7-e4aa2078007e,2026-04-29T12:52:21.750Z,110,,32.84820556640625,68.5849609375,32.62420654296875,100050.515625,32.28681945800781,100429.4375,46.5623779296875,100348.625,18.862659454345703,0,0.08056640625,1.012451171875,-0.138427734375,137804,135885,-0.54931640625,3.173828125,4.21142578125,99,417.5,"0",full
7a09a483-c77d-4a34-9750-25b7aeca6add,c9549b4e-052f-421d-b8f7-e4aa2078007e,2026-04-29T12:52:21.751Z,110,,32.80530548095703,68.68414306640625,32.62420654296875,100050.515625,32.28681945800781,100429.4375,46.56060791015625,100348.609375,18.748741149902344,0,0.06982421875,0.994140625,-0.12939453125,138266,136154,0.1220703125,2.13623046875,3.60107421875,99,417.5,"0",full
7a09a483-c77d-4a34-9750-25b7aeca6add,c9549b4e-052f-421d-b8f7-e4aa2078007e,2026-04-29T12:52:21.936Z,110,,32.80530548095703,68.68414306640625,32.62420654296875,100050.515625,32.28681945800781,100429.4375,46.55908203125,100348.5625,18.748741149902344,0,0.06982421875,0.994140625,-0.12939453125,138266,136154,0.1220703125,2.13623046875,3.60107421875,99,417.5,"0",full
7a09a483-c77d-4a34-9750-25b7aeca6add,c9549b4e-052f-421d-b8f7-e4aa2078007e,2026-04-29T12:52:21.937Z,110,,32.80530548095703,68.68414306640625,32.62193298339844,100105.984375,32.285797119140625,100432.40625,46.56022644042969,100348.5625,18.748741149902344,0,0.090576171875,1.001708984375,-0.103271484375,138266,136154,5.37109375,-2.25830078125,-3.2958984375,99,417.5,"0",full
7a09a483-c77d-4a34-9750-25b7aeca6add,c9549b4e-052f-421d-b8f7-e4aa2078007e,2026-04-29T12:52:21.973Z,110,,32.80530548095703,68.68414306640625,32.62193298339844,100105.984375,32.285797119140625,100432.40625,46.55889892578125,100348.5625,18.748741149902344,0,0.090576171875,1.001708984375,-0.103271484375,138266,136154,5.37109375,-2.25830078125,-3.2958984375,99,417.5,"0",full
7a09a483-c77d-4a34-9750-25b7aeca6add,c9549b4e-052f-421d-b8f7-e4aa2078007e,2026-04-29T12:52:22.018Z,110,,32.80530548095703,68.68414306640625,32.62104797363281,100197.390625,32.287689208984375,100436.03125,46.55802917480469,100348.515625,18.748741149902344,0,0.0986328125,0.992919921875,-0.099365234375,138266,136154,3.0517578125,1.220703125,-0.91552734375,99,417.5,"0",full
7a09a483-c77d-4a34-9750-25b7aeca6add,c9549b4e-052f-421d-b8f7-e4aa2078007e,2026-04-29T12:52:22.033Z,110,,32.76240539550781,61.84820556640625,32.62104797363281,100197.390625,32.28759765625,100436.53125,46.55802917480469,100348.515625,18.663299560546875,0,0.0986328125,0.992919921875,-0.099365234375,138266,136154,3.0517578125,1.220703125,-0.91552734375,99,417.5,"0",full
7a09a483-c77d-4a34-9750-25b7aeca6add,c9549b4e-052f-421d-b8f7-e4aa2078007e,2026-04-29T12:52:22.123Z,110,,32.76240539550781,61.84820556640625,32.62104797363281,100197.390625,32.28759765625,100436.53125,46.55499267578125,100348.546875,18.663299560546875,0,0.0986328125,0.992919921875,-0.099365234375,138266,136154,3.0517578125,1.220703125,-0.91552734375,99,417.5,"0",full
7a09a483-c77d-4a34-9750-25b7aeca6add,c9549b4e-052f-421d-b8f7-e4aa2078007e,2026-04-29T12:52:22.150Z,110,,32.76240539550781,61.84820556640625,32.61724853515625,100246.78125,32.28564453125,100438.203125,46.55499267578125,100348.546875,18.663299560546875,0,0.08056640625,0.998291015625,-0.118408203125,138266,136154,2.25830078125,0.1220703125,-2.86865234375,99,417.5,"0",full
7a09a483-c77d-4a34-9750-25b7aeca6add,c9549b4e-052f-421d-b8f7-e4aa2078007e,2026-04-29T12:52:22.244Z,110,,32.76240539550781,61.84820556640625,32.61724853515625,100246.78125,32.28564453125,100438.203125,46.55279541015625,100348.484375,18.663299560546875,0,0.08056640625,0.998291015625,-0.118408203125,138266,136154,2.25830078125,0.1220703125,-2.86865234375,99,417.5,"0",full
7a09a483-c77d-4a34-9750-25b7aeca6add,c9549b4e-052f-421d-b8f7-e4aa2078007e,2026-04-29T12:52:22.274Z,110,,32.76240539550781,61.84820556640625,32.61393737792969,100300.546875,32.28327941894531,100441.046875,46.55027770996094,100348.5,18.663299560546875,0,0.087158203125,0.996337890625,-0.107421875,138266,136154,0.48828125,-0.8544921875,-0.9765625,99,417.5,"0",full
7a09a483-c77d-4a34-9750-25b7aeca6add,c9549b4e-052f-421d-b8f7-e4aa2078007e,2026-04-29T12:52:22.303Z,110,,32.76240539550781,55.3555908203125,32.61393737792969,100300.546875,32.28327941894531,100441.046875,46.549468994140625,100348.5,18.805700302124023,0,0.087158203125,0.996337890625,-0.107421875,138266,136154,0.48828125,-0.8544921875,-0.9765625,99,417.5,"0",full
7a09a483-c77d-4a34-9750-25b7aeca6add,c9549b4e-052f-421d-b8f7-e4aa2078007e,2026-04-29T12:52:22.394Z,110,,32.76240539550781,55.3555908203125,32.61393737792969,100300.546875,32.28327941894531,100441.046875,46.54701232910156,100348.4375,18.805700302124023,0,0.087158203125,0.996337890625,-0.107421875,138266,136154,0.48828125,-0.8544921875,-0.9765625,99,417.5,"0",full
7a09a483-c77d-4a34-9750-25b7aeca6add,c9549b4e-052f-421d-b8f7-e4aa2078007e,2026-04-29T12:52:22.424Z,110,,32.76240539550781,55.3555908203125,32.61207580566406,100329.78125,32.28251647949219,100442.578125,46.54701232910156,100348.4375,18.805700302124023,0,0.080078125,0.978271484375,-0.092529296875,138266,136154,0.30517578125,0.48828125,0.6103515625,99,417.5,"0",full
7a09a483-c77d-4a34-9750-25b7aeca6add,c9549b4e-052f-421d-b8f7-e4aa2078007e,2026-04-29T12:52:22.514Z,110,,32.76240539550781,55.3555908203125,32.61207580566406,100329.78125,32.28251647949219,100442.578125,46.5445556640625,100348.421875,18.805700302124023,0,0.080078125,0.978271484375,-0.092529296875,138266,136154,0.30517578125,0.48828125,0.6103515625,99,417.5,"0",full
7a09a483-c77d-4a34-9750-25b7aeca6add,c9549b4e-052f-421d-b8f7-e4aa2078007e,2026-04-29T12:52:22.559Z,110,,32.76240539550781,55.3555908203125,32.60862731933594,100360.171875,32.284393310546875,100443.890625,46.542572021484375,100348.46875,18.805700302124023,0,0.09375,1.005859375,-0.10888671875,138266,136154,-1.708984375,1.953125,3.173828125,99,417.5,"0",full
7a09a483-c77d-4a34-9750-25b7aeca6add,c9549b4e-052f-421d-b8f7-e4aa2078007e,2026-04-29T12:52:22.574Z,110,,32.751678466796875,50.63299560546875,32.6090087890625,100364.0625,32.284393310546875,100443.890625,46.54191589355469,100348.46875,18.606340408325195,0,0.08984375,1.005859375,-0.116943359375,138266,136154,-1.64794921875,2.01416015625,3.41796875,99,417.5,"0",full
7a09a483-c77d-4a34-9750-25b7aeca6add,c9549b4e-052f-421d-b8f7-e4aa2078007e,2026-04-29T12:52:22.663Z,110,,32.751678466796875,50.63299560546875,32.6090087890625,100364.0625,32.284393310546875,100443.890625,46.53935241699219,100348.46875,18.606340408325195,0,0.08984375,1.005859375,-0.116943359375,138266,136154,-1.64794921875,2.01416015625,3.41796875,99,417.5,"0",full
7a09a483-c77d-4a34-9750-25b7aeca6add,c9549b4e-052f-421d-b8f7-e4aa2078007e,2026-04-29T12:52:22.689Z,110,,32.751678466796875,50.63299560546875,32.60752868652344,100382.671875,32.284027099609375,100444.421875,46.53941345214844,100348.46875,18.606340408325195,0,0.09326171875,0.994384765625,-0.098388671875,138266,136154,1.0986328125,-1.40380859375,-1.52587890625,99,417.5,"0",full
7a09a483-c77d-4a34-9750-25b7aeca6add,c9549b4e-052f-421d-b8f7-e4aa2078007e,2026-04-29T12:52:22.785Z,110,,32.751678466796875,50.63299560546875,32.60752868652344,100382.671875,32.284027099609375,100444.421875,46.53929138183594,100348.53125,18.606340408325195,0,0.09326171875,0.994384765625,-0.098388671875,138266,136154,1.0986328125,-1.40380859375,-1.52587890625,99,417.5,"0",full
7a09a483-c77d-4a34-9750-25b7aeca6add,c9549b4e-052f-421d-b8f7-e4aa2078007e,2026-04-29T12:52:22.844Z,110,,32.751678466796875,50.63299560546875,32.605010986328125,100385.984375,32.282196044921875,100444.28125,46.53851318359375,100348.5,18.606340408325195,0,0.0810546875,0.991455078125,-0.103515625,138266,136154,-0.67138671875,0.48828125,-0.732421875,99,417.5,"0",full
7a09a483-c77d-4a34-9750-25b7aeca6add,c9549b4e-052f-421d-b8f7-e4aa2078007e,2026-04-29T12:52:22.941Z,104,,32.751678466796875,48.55780029296875,32.605010986328125,100385.984375,32.28205871582031,100444.078125,46.53851318359375,100348.5,18.663299560546875,0,0.0810546875,0.991455078125,-0.103515625,138266,136154,-0.67138671875,0.48828125,-0.732421875,99,417.5,"0",full
7a09a483-c77d-4a34-9750-25b7aeca6add,c9549b4e-052f-421d-b8f7-e4aa2078007e,2026-04-29T12:52:22.942Z,104,,32.751678466796875,48.55780029296875,32.605010986328125,100385.984375,32.28205871582031,100444.078125,46.537353515625,100348.5625,18.663299560546875,0,0.0810546875,0.991455078125,-0.103515625,138266,136154,-0.67138671875,0.48828125,-0.732421875,99,417.5,"0",full
7a09a483-c77d-4a34-9750-25b7aeca6add,c9549b4e-052f-421d-b8f7-e4aa2078007e,2026-04-29T12:52:22.968Z,104,,32.751678466796875,48.55780029296875,32.60479736328125,100351.21875,32.28265380859375,100442.71875,46.537353515625,100348.5625,18.663299560546875,0,0.090087890625,1.012451171875,-0.113525390625,138266,136154,-2.38037109375,0.91552734375,1.89208984375,99,417.5,"0",full
7a09a483-c77d-4a34-9750-25b7aeca6add,c9549b4e-052f-421d-b8f7-e4aa2078007e,2026-04-29T12:52:23.041Z,104,,32.751678466796875,48.55780029296875,32.60479736328125,100351.21875,32.28265380859375,100442.71875,46.535858154296875,100348.5625,18.663299560546875,0,0.090087890625,1.012451171875,-0.113525390625,138266,136154,-2.38037109375,0.91552734375,1.89208984375,99,417.5,"0",full
7a09a483-c77d-4a34-9750-25b7aeca6add,c9549b4e-052f-421d-b8f7-e4aa2078007e,2026-04-29T12:52:23.099Z,104,,32.751678466796875,48.55780029296875,32.60621643066406,100266.109375,32.28172302246094,100438.84375,46.53645324707031,100348.609375,18.663299560546875,0,0.102294921875,1.013427734375,-0.10400390625,138266,136154,0.42724609375,1.220703125,-0.9765625,99,417.5,"0",full
7a09a483-c77d-4a34-9750-25b7aeca6add,c9549b4e-052f-421d-b8f7-e4aa2078007e,2026-04-29T12:52:23.129Z,104,,32.77312469482422,49.50384521484375,32.60688781738281,100251.796875,32.28172302246094,100438.84375,46.53668212890625,100348.59375,18.748741149902344,0,0.102294921875,1.013427734375,-0.10400390625,138450,136285,0.42724609375,1.220703125,-0.9765625,99,417.5,"0",full
7a09a483-c77d-4a34-9750-25b7aeca6add,c9549b4e-052f-421d-b8f7-e4aa2078007e,2026-04-29T12:52:23.220Z,104,,32.77312469482422,49.50384521484375,32.60688781738281,100251.796875,32.28172302246094,100438.84375,46.53459167480469,100348.609375,18.748741149902344,0,0.102294921875,1.013427734375,-0.10400390625,138450,136285,0.42724609375,1.220703125,-0.9765625,99,417.5,"0",full
7a09a483-c77d-4a34-9750-25b7aeca6add,c9549b4e-052f-421d-b8f7-e4aa2078007e,2026-04-29T12:52:23.246Z,104,,32.77312469482422,49.50384521484375,32.61058044433594,100182.703125,32.284210205078125,100436.546875,46.53395080566406,100348.609375,18.748741149902344,0,0.09814453125,1.004150390625,-0.1220703125,138450,136285,-1.15966796875,0.6103515625,-0.79345703125,99,417.5,"0",full
7a09a483-c77d-4a34-9750-25b7aeca6add,c9549b4e-052f-421d-b8f7-e4aa2078007e,2026-04-29T12:52:23.324Z,104,,32.77312469482422,49.50384521484375,32.61058044433594,100182.703125,32.284210205078125,100436.546875,46.532958984375,100348.5625,18.748741149902344,0,0.09814453125,1.004150390625,-0.1220703125,138450,136285,-1.15966796875,0.6103515625,-0.79345703125,99,417.5,"0",full
7a09a483-c77d-4a34-9750-25b7aeca6add,c9549b4e-052f-421d-b8f7-e4aa2078007e,2026-04-29T12:52:23.383Z,104,,32.77312469482422,49.50384521484375,32.6142578125,100108.703125,32.28636169433594,100433.40625,46.53050231933594,100348.578125,18.748741149902344,0,0.097412109375,1.005859375,-0.126220703125,138450,136285,-0.9765625,0.06103515625,-1.46484375,99,417.5,"0",full
7a09a483-c77d-4a34-9750-25b7aeca6add,c9549b4e-052f-421d-b8f7-e4aa2078007e,2026-04-29T12:52:23.399Z,104,,32.81602478027344,55.74468994140625,32.6142578125,100108.703125,32.28636169433594,100433.40625,46.53050231933594,100348.578125,18.83418083190918,0,0.10205078125,1.018798828125,-0.123291015625,138457,136277,-1.0986328125,0.18310546875,-1.28173828125,99,417.5,"0",full
7a09a483-c77d-4a34-9750-25b7aeca6add,c9549b4e-052f-421d-b8f7-e4aa2078007e,2026-04-29T12:52:23.476Z,104,,32.81602478027344,55.74468994140625,32.6142578125,100108.703125,32.28636169433594,100433.40625,46.5302734375,100348.59375,18.83418083190918,0,0.10205078125,1.018798828125,-0.123291015625,138457,136277,-1.0986328125,0.18310546875,-1.28173828125,99,417.5,"0",full
7a09a483-c77d-4a34-9750-25b7aeca6add,c9549b4e-052f-421d-b8f7-e4aa2078007e,2026-04-29T12:52:23.505Z,104,,32.81602478027344,55.74468994140625,32.616058349609375,100068.953125,32.28761291503906,100431.328125,46.5302734375,100348.59375,18.83418083190918,0,0.082275390625,0.994384765625,-0.136474609375,138457,136277,0.244140625,0.42724609375,-0.54931640625,99,417.5,"0",full
7a09a483-c77d-4a34-9750-25b7aeca6add,c9549b4e-052f-421d-b8f7-e4aa2078007e,2026-04-29T12:52:23.596Z,104,,32.81602478027344,55.74468994140625,32.616058349609375,100068.953125,32.28761291503906,100431.328125,46.528289794921875,100348.578125,18.83418083190918,0,0.082275390625,0.994384765625,-0.136474609375,138457,136277,0.244140625,0.42724609375,-0.54931640625,99,417.5,"0",full
7a09a483-c77d-4a34-9750-25b7aeca6add,c9549b4e-052f-421d-b8f7-e4aa2078007e,2026-04-29T12:52:23.670Z,104,,32.81602478027344,55.74468994140625,32.61869812011719,100027.828125,32.28797912597656,100428.390625,46.5281982421875,100348.609375,18.83418083190918,0,0.07763671875,1.015625,-0.145263671875,138457,136277,-2.197265625,0.3662109375,2.9296875,99,417.5,"0",full
7a09a483-c77d-4a34-9750-25b7aeca6add,c9549b4e-052f-421d-b8f7-e4aa2078007e,2026-04-29T12:52:23.761Z,104,,32.83747863769531,61.32177734375,32.619110107421875,100023.078125,32.288238525390625,100427.9375,46.52568054199219,100348.59375,19.063800811767578,0,0.07763671875,1.015625,-0.145263671875,138570,136300,-2.197265625,0.3662109375,2.9296875,99,417.5,"0",full
7a09a483-c77d-4a34-9750-25b7aeca6add,c9549b4e-052f-421d-b8f7-e4aa2078007e,2026-04-29T12:52:23.779Z,104,,32.83747863769531,61.32177734375,32.62168884277344,100003.671875,32.28753662109375,100425.984375,46.52568054199219,100348.59375,19.063800811767578,0,0.08251953125,0.99658203125,-0.1142578125,138570,136300,1.28173828125,-0.8544921875,-2.13623046875,99,417.5,"0",full
7a09a483-c77d-4a34-9750-25b7aeca6add,c9549b4e-052f-421d-b8f7-e4aa2078007e,2026-04-29T12:52:23.946Z,103,,32.83747863769531,61.32177734375,32.62168884277344,100003.671875,32.28753662109375,100425.984375,46.52302551269531,100348.5625,19.063800811767578,0,0.08251953125,0.99658203125,-0.1142578125,138570,136300,1.28173828125,-0.8544921875,-2.13623046875,99,417.5,"0",full
7a09a483-c77d-4a34-9750-25b7aeca6add,c9549b4e-052f-421d-b8f7-e4aa2078007e,2026-04-29T12:52:23.973Z,103,,32.83747863769531,61.32177734375,32.622955322265625,99983.3125,32.2899169921875,100423.234375,46.52337646484375,100348.5625,19.063800811767578,0,0.078369140625,0.9892578125,-0.123779296875,138570,136300,-0.91552734375,0.6103515625,0.3662109375,99,417.5,"0",full
7a09a483-c77d-4a34-9750-25b7aeca6add,c9549b4e-052f-421d-b8f7-e4aa2078007e,2026-04-29T12:52:24.044Z,103,,32.84820556640625,65.32720947265625,32.622955322265625,99983.3125,32.2899169921875,100423.234375,46.52203369140625,100348.640625,18.89113998413086,0,0.078369140625,0.9892578125,-0.123779296875,135306,134472,-0.91552734375,0.6103515625,0.3662109375,99,417.5,"0",full
7a09a483-c77d-4a34-9750-25b7aeca6add,c9549b4e-052f-421d-b8f7-e4aa2078007e,2026-04-29T12:52:24.059Z,103,,32.84820556640625,65.32720947265625,32.62327575683594,99971.5625,32.29075622558594,100421.53125,46.52191162109375,100348.65625,18.89113998413086,0,0.106689453125,0.98974609375,-0.122314453125,135306,134472,1.0986328125,-0.732421875,-1.3427734375,99,417.5,"0",full
7a09a483-c77d-4a34-9750-25b7aeca6add,c9549b4e-052f-421d-b8f7-e4aa2078007e,2026-04-29T12:52:24.134Z,103,,32.84820556640625,65.32720947265625,32.62327575683594,99971.5625,32.29075622558594,100421.53125,46.519989013671875,100348.65625,18.89113998413086,0,0.106689453125,0.98974609375,-0.122314453125,135306,134472,1.0986328125,-0.732421875,-1.3427734375,99,417.5,"0",full
7a09a483-c77d-4a34-9750-25b7aeca6add,c9549b4e-052f-421d-b8f7-e4aa2078007e,2026-04-29T12:52:24.194Z,103,,32.84820556640625,65.32720947265625,32.62493896484375,99962.4375,32.29161071777344,100419.828125,46.51701354980469,100348.734375,18.89113998413086,0,0.09130859375,0.990966796875,-0.127685546875,135306,134472,-0.244140625,0.42724609375,0.30517578125,99,417.5,"0",full
7a09a483-c77d-4a34-9750-25b7aeca6add,c9549b4e-052f-421d-b8f7-e4aa2078007e,2026-04-29T12:52:24.223Z,103,,32.83747863769531,68.44000244140625,32.625946044921875,99961.890625,32.29046630859375,100419.640625,46.51701354980469,100348.734375,18.923179626464844,0,0.096923828125,0.99853515625,-0.117919921875,136177,135035,0.30517578125,0.18310546875,-0.06103515625,99,417.5,"0",full
7a09a483-c77d-4a34-9750-25b7aeca6add,c9549b4e-052f-421d-b8f7-e4aa2078007e,2026-04-29T12:52:24.298Z,103,,32.83747863769531,68.44000244140625,32.625946044921875,99961.890625,32.29046630859375,100419.640625,46.51678466796875,100348.6875,18.923179626464844,0,0.096923828125,0.99853515625,-0.117919921875,136177,135035,0.30517578125,0.18310546875,-0.06103515625,99,417.5,"0",full
7a09a483-c77d-4a34-9750-25b7aeca6add,c9549b4e-052f-421d-b8f7-e4aa2078007e,2026-04-29T12:52:24.326Z,103,,32.83747863769531,68.44000244140625,32.62921142578125,99962.03125,32.29052734375,100419.046875,46.51678466796875,100348.6875,18.923179626464844,0,0.10009765625,1.003173828125,-0.119873046875,136177,135035,1.03759765625,-0.79345703125,0.18310546875,99,417.5,"0",full
7a09a483-c77d-4a34-9750-25b7aeca6add,c9549b4e-052f-421d-b8f7-e4aa2078007e,2026-04-29T12:52:24.404Z,103,,32.83747863769531,68.44000244140625,32.62921142578125,99962.03125,32.29052734375,100419.046875,46.51591491699219,100348.671875,18.923179626464844,0,0.10009765625,1.003173828125,-0.119873046875,136177,135035,1.03759765625,-0.79345703125,0.18310546875,99,417.5,"0",full
7a09a483-c77d-4a34-9750-25b7aeca6add,c9549b4e-052f-421d-b8f7-e4aa2078007e,2026-04-29T12:52:24.465Z,103,,32.83747863769531,68.44000244140625,32.627899169921875,99974.515625,32.29182434082031,100419.015625,46.51615905761719,100348.71875,18.923179626464844,0,0.093505859375,0.99169921875,-0.126708984375,136177,135035,-0.79345703125,-0.79345703125,2.25830078125,99,417.5,"0",full
7a09a483-c77d-4a34-9750-25b7aeca6add,c9549b4e-052f-421d-b8f7-e4aa2078007e,2026-04-29T12:52:24.480Z,103,,32.826751708984375,70.48468017578125,32.627899169921875,99974.515625,32.29185485839844,100419.15625,46.515899658203125,100348.71875,18.748741149902344,0,0.093505859375,0.99169921875,-0.126708984375,136877,135518,-0.79345703125,-0.79345703125,2.25830078125,99,417.5,"0",full
7a09a483-c77d-4a34-9750-25b7aeca6add,c9549b4e-052f-421d-b8f7-e4aa2078007e,2026-04-29T12:52:24.587Z,103,,32.826751708984375,70.48468017578125,32.627899169921875,99974.515625,32.29185485839844,100419.15625,46.51499938964844,100348.6875,18.748741149902344,0,0.093505859375,0.99169921875,-0.126708984375,136877,135518,-0.79345703125,-0.79345703125,2.25830078125,99,417.5,"0",full
7a09a483-c77d-4a34-9750-25b7aeca6add,c9549b4e-052f-421d-b8f7-e4aa2078007e,2026-04-29T12:52:24.615Z,103,,32.826751708984375,70.48468017578125,32.626495361328125,99994.09375,32.29481506347656,100420.6875,46.513702392578125,100348.703125,18.748741149902344,0,0.065185546875,1.004150390625,-0.139404296875,136877,135518,-2.13623046875,2.13623046875,0.67138671875,99,417.5,"0",full
7a09a483-c77d-4a34-9750-25b7aeca6add,c9549b4e-052f-421d-b8f7-e4aa2078007e,2026-04-29T12:52:24.676Z,103,,32.826751708984375,70.48468017578125,32.626495361328125,99994.09375,32.29481506347656,100420.6875,46.51139831542969,100348.734375,18.748741149902344,0,0.065185546875,1.004150390625,-0.139404296875,136877,135518,-2.13623046875,2.13623046875,0.67138671875,99,417.5,"0",full
7a09a483-c77d-4a34-9750-25b7aeca6add,c9549b4e-052f-421d-b8f7-e4aa2078007e,2026-04-29T12:52:24.736Z,103,,32.826751708984375,70.48468017578125,32.62321472167969,100043.671875,32.291961669921875,100424.25,46.508392333984375,100348.6875,18.748741149902344,0,0.098876953125,1.002685546875,-0.1328125,136877,135518,1.52587890625,0.54931640625,-0.18310546875,99,417.5,"0",full
7a09a483-c77d-4a34-9750-25b7aeca6add,c9549b4e-052f-421d-b8f7-e4aa2078007e,2026-04-29T12:52:24.766Z,103,,32.80530548095703,69.897216796875,32.62249755859375,100053.21875,32.291961669921875,100424.25,46.508392333984375,100348.6875,18.606340408325195,0,0.098876953125,1.002685546875,-0.1328125,136970,135582,1.52587890625,0.54931640625,-0.18310546875,99,417.5,"0",full
7a09a483-c77d-4a34-9750-25b7aeca6add,c9549b4e-052f-421d-b8f7-e4aa2078007e,2026-04-29T12:52:24.841Z,103,,32.80530548095703,69.897216796875,32.62249755859375,100053.21875,32.291961669921875,100424.25,46.506591796875,100348.640625,18.606340408325195,0,0.098876953125,1.002685546875,-0.1328125,136970,135582,1.52587890625,0.54931640625,-0.18310546875,99,417.5,"0",full
7a09a483-c77d-4a34-9750-25b7aeca6add,c9549b4e-052f-421d-b8f7-e4aa2078007e,2026-04-29T12:52:24.945Z,89,,32.80530548095703,69.897216796875,32.62071228027344,100108.53125,32.2926025390625,100427.265625,46.506591796875,100348.640625,18.606340408325195,0,0.082763671875,0.994873046875,-0.125,136970,135582,0.18310546875,1.40380859375,3.7841796875,99,417.5,"0",full
7a09a483-c77d-4a34-9750-25b7aeca6add,c9549b4e-052f-421d-b8f7-e4aa2078007e,2026-04-29T12:52:24.990Z,89,,32.80530548095703,69.897216796875,32.62071228027344,100108.53125,32.2926025390625,100427.265625,46.506256103515625,100348.65625,18.606340408325195,0,0.082763671875,0.994873046875,-0.125,136970,135582,0.18310546875,1.40380859375,3.7841796875,99,417.5,"0",full
7a09a483-c77d-4a34-9750-25b7aeca6add,c9549b4e-052f-421d-b8f7-e4aa2078007e,2026-04-29T12:52:25.020Z,89,,32.751678466796875,63.00787353515625,32.61604309082031,100191.96875,32.28857421875,100431.734375,46.50401306152344,100348.671875,18.474620819091797,0,0.091064453125,0.998291015625,-0.12890625,137069,135582,0,1.15966796875,-0.18310546875,99,417.5,"0",full
7a09a483-c77d-4a34-9750-25b7aeca6add,c9549b4e-052f-421d-b8f7-e4aa2078007e,2026-04-29T12:52:25.126Z,89,,32.751678466796875,63.00787353515625,32.61604309082031,100191.96875,32.28857421875,100431.734375,46.50416564941406,100348.640625,18.474620819091797,0,0.091064453125,0.998291015625,-0.12890625,137069,135582,0,1.15966796875,-0.18310546875,99,417.5,"0",full
7a09a483-c77d-4a34-9750-25b7aeca6add,c9549b4e-052f-421d-b8f7-e4aa2078007e,2026-04-29T12:52:25.153Z,89,,32.751678466796875,63.00787353515625,32.61326599121094,100243.203125,32.286956787109375,100433.484375,46.50416564941406,100348.640625,18.474620819091797,0,0.074951171875,0.98291015625,-0.11767578125,137069,135582,1.0986328125,0.244140625,-0.06103515625,99,417.5,"0",full
7a09a483-c77d-4a34-9750-25b7aeca6add,c9549b4e-052f-421d-b8f7-e4aa2078007e,2026-04-29T12:52:25.231Z,89,,32.751678466796875,63.00787353515625,32.61326599121094,100243.203125,32.286956787109375,100433.484375,46.50141906738281,100348.65625,18.474620819091797,0,0.074951171875,0.98291015625,-0.11767578125,137069,135582,1.0986328125,0.244140625,-0.06103515625,99,417.5,"0",full
7a09a483-c77d-4a34-9750-25b7aeca6add,c9549b4e-052f-421d-b8f7-e4aa2078007e,2026-04-29T12:52:25.275Z,89,,32.751678466796875,63.00787353515625,32.610382080078125,100299.421875,32.284515380859375,100436.453125,46.500885009765625,100348.6875,18.474620819091797,0,0.077880859375,1.0087890625,-0.12353515625,137069,135582,0.42724609375,0.732421875,0.9765625,99,417.5,"0",full
7a09a483-c77d-4a34-9750-25b7aeca6add,c9549b4e-052f-421d-b8f7-e4aa2078007e,2026-04-29T12:52:25.324Z,89,,32.730224609375,56.37030029296875,32.610015869140625,100306.1875,32.284515380859375,100436.453125,46.500244140625,100348.671875,18.37849998474121,0,0.077880859375,1.0087890625,-0.12353515625,136971,135486,0.42724609375,0.732421875,0.9765625,99,417.5,"0",full
7a09a483-c77d-4a34-9750-25b7aeca6add,c9549b4e-052f-421d-b8f7-e4aa2078007e,2026-04-29T12:52:25.396Z,89,,32.730224609375,56.37030029296875,32.610015869140625,100306.1875,32.284515380859375,100436.453125,46.49745178222656,100348.65625,18.37849998474121,0,0.077880859375,1.0087890625,-0.12353515625,136971,135486,0.42724609375,0.732421875,0.9765625,99,417.5,"0",full
7a09a483-c77d-4a34-9750-25b7aeca6add,c9549b4e-052f-421d-b8f7-e4aa2078007e,2026-04-29T12:52:25.426Z,89,,32.730224609375,56.37030029296875,32.60826110839844,100335.640625,32.28544616699219,100438.109375,46.49787902832031,100348.65625,18.37849998474121,0,0.091796875,1.003662109375,-0.1181640625,136971,135486,0.9765625,0.48828125,1.220703125,99,417.5,"0",full
7a09a483-c77d-4a34-9750-25b7aeca6add,c9549b4e-052f-421d-b8f7-e4aa2078007e,2026-04-29T12:52:25.500Z,89,,32.730224609375,56.37030029296875,32.60826110839844,100335.640625,32.28544616699219,100438.109375,46.495635986328125,100348.65625,18.37849998474121,0,0.091796875,1.003662109375,-0.1181640625,136971,135486,0.9765625,0.48828125,1.220703125,99,417.5,"0",full
7a09a483-c77d-4a34-9750-25b7aeca6add,c9549b4e-052f-421d-b8f7-e4aa2078007e,2026-04-29T12:52:25.575Z,89,,32.730224609375,56.37030029296875,32.6070556640625,100366.25,32.28477478027344,100440.0625,46.49620056152344,100348.71875,18.37849998474121,0,0.103515625,1.006103515625,-0.1171875,136971,135486,-0.1220703125,0.48828125,-0.18310546875,99,417.5,"0",full
7a09a483-c77d-4a34-9750-25b7aeca6add,c9549b4e-052f-421d-b8f7-e4aa2078007e,2026-04-29T12:52:25.576Z,89,,32.730224609375,51.41119384765625,32.6070556640625,100366.25,32.28477478027344,100440.0625,46.49620056152344,100348.71875,18.492420196533203,0,0.103515625,1.006103515625,-0.1171875,136994,135470,-0.1220703125,0.48828125,-0.18310546875,99,417.5,"0",full
7a09a483-c77d-4a34-9750-25b7aeca6add,c9549b4e-052f-421d-b8f7-e4aa2078007e,2026-04-29T12:52:25.667Z,89,,32.730224609375,51.41119384765625,32.6070556640625,100366.25,32.28477478027344,100440.0625,46.4932861328125,100348.71875,18.492420196533203,0,0.103515625,1.006103515625,-0.1171875,136994,135470,-0.1220703125,0.48828125,-0.18310546875,99,417.5,"0",full
7a09a483-c77d-4a34-9750-25b7aeca6add,c9549b4e-052f-421d-b8f7-e4aa2078007e,2026-04-29T12:52:25.695Z,89,,32.730224609375,51.41119384765625,32.60589599609375,100381.078125,32.283660888671875,100441.0625,46.4932861328125,100348.71875,18.492420196533203,0,0.076416015625,0.997314453125,-0.12060546875,136994,135470,0.18310546875,0.9765625,1.3427734375,99,417.5,"0",full
7a09a483-c77d-4a34-9750-25b7aeca6add,c9549b4e-052f-421d-b8f7-e4aa2078007e,2026-04-29T12:52:25.785Z,89,,32.730224609375,51.41119384765625,32.60589599609375,100381.078125,32.283660888671875,100441.0625,46.49198913574219,100348.734375,18.492420196533203,0,0.076416015625,0.997314453125,-0.12060546875,136994,135470,0.18310546875,0.9765625,1.3427734375,99,417.5,"0",full
7a09a483-c77d-4a34-9750-25b7aeca6add,c9549b4e-052f-421d-b8f7-e4aa2078007e,2026-04-29T12:52:25.815Z,89,,32.730224609375,51.41119384765625,32.60044860839844,100394.796875,32.284149169921875,100442.34375,46.49095153808594,100348.734375,18.492420196533203,0,0.06591796875,1.00048828125,-0.116943359375,136994,135470,0.42724609375,-0.8544921875,-0.42724609375,99,417.5,"0",full
7a09a483-c77d-4a34-9750-25b7aeca6add,c9549b4e-052f-421d-b8f7-e4aa2078007e,2026-04-29T12:52:25.861Z,89,,32.751678466796875,48.32891845703125,32.59971618652344,100396.625,32.284637451171875,100442.484375,46.49037170410156,100348.75,18.435461044311523,0,0.060302734375,0.998291015625,-0.1240234375,136848,135358,0.244140625,-0.6103515625,0.06103515625,99,417.5,"0",full
7a09a483-c77d-4a34-9750-25b7aeca6add,c9549b4e-052f-421d-b8f7-e4aa2078007e,2026-04-29T12:52:26.016Z,99,,32.751678466796875,48.32891845703125,32.59971618652344,100396.625,32.284637451171875,100442.484375,46.488861083984375,100348.75,18.435461044311523,0,0.060302734375,0.998291015625,-0.1240234375,136848,135358,0.244140625,-0.6103515625,0.06103515625,99,415,"0",full
7a09a483-c77d-4a34-9750-25b7aeca6add,c9549b4e-052f-421d-b8f7-e4aa2078007e,2026-04-29T12:52:26.050Z,99,,32.751678466796875,48.32891845703125,32.59971618652344,100396.625,32.284637451171875,100442.484375,46.48756408691406,100348.765625,18.435461044311523,0,0.060302734375,0.998291015625,-0.1240234375,136848,135358,0.244140625,-0.6103515625,0.06103515625,99,415,"0",full
7a09a483-c77d-4a34-9750-25b7aeca6add,c9549b4e-052f-421d-b8f7-e4aa2078007e,2026-04-29T12:52:26.100Z,99,,32.751678466796875,48.32891845703125,32.59751892089844,100408.3125,32.28315734863281,100443.796875,46.48487854003906,100348.8125,18.435461044311523,0,0.056884765625,0.99755859375,-0.130126953125,136848,135358,-0.244140625,-0.6103515625,0.732421875,99,415,"0",full
7a09a483-c77d-4a34-9750-25b7aeca6add,c9549b4e-052f-421d-b8f7-e4aa2078007e,2026-04-29T12:52:26.116Z,99,,32.74095153808594,46.36053466796875,32.59751892089844,100408.3125,32.28315734863281,100443.796875,46.48487854003906,100348.8125,18.52090072631836,0,0.056884765625,0.99755859375,-0.130126953125,136598,135199,-0.244140625,-0.6103515625,0.732421875,99,415,"0",full
7a09a483-c77d-4a34-9750-25b7aeca6add,c9549b4e-052f-421d-b8f7-e4aa2078007e,2026-04-29T12:52:26.206Z,99,,32.74095153808594,46.36053466796875,32.59751892089844,100408.3125,32.28315734863281,100443.796875,46.48408508300781,100348.75,18.52090072631836,0,0.056884765625,0.99755859375,-0.130126953125,136598,135199,-0.244140625,-0.6103515625,0.732421875,99,415,"0",full
7a09a483-c77d-4a34-9750-25b7aeca6add,c9549b4e-052f-421d-b8f7-e4aa2078007e,2026-04-29T12:52:26.234Z,99,,32.74095153808594,46.36053466796875,32.596527099609375,100386.421875,32.282989501953125,100443.46875,46.48408508300781,100348.75,18.52090072631836,0,0.070068359375,0.99658203125,-0.128173828125,136598,135199,-1.46484375,1.3427734375,0.1220703125,99,415,"0",full
7a09a483-c77d-4a34-9750-25b7aeca6add,c9549b4e-052f-421d-b8f7-e4aa2078007e,2026-04-29T12:52:26.342Z,99,,32.74095153808594,46.36053466796875,32.596527099609375,100386.421875,32.282989501953125,100443.46875,46.48248291015625,100348.765625,18.52090072631836,0,0.070068359375,0.99658203125,-0.128173828125,136598,135199,-1.46484375,1.3427734375,0.1220703125,99,415,"0",full
7a09a483-c77d-4a34-9750-25b7aeca6add,c9549b4e-052f-421d-b8f7-e4aa2078007e,2026-04-29T12:52:26.385Z,99,,32.74095153808594,46.36053466796875,32.599090576171875,100327.90625,32.28303527832031,100440.125,46.48262023925781,100348.828125,18.52090072631836,0,0.05419921875,0.98974609375,-0.12939453125,136598,135199,-0.732421875,1.708984375,0.54931640625,99,415,"0",full
7a09a483-c77d-4a34-9750-25b7aeca6add,c9549b4e-052f-421d-b8f7-e4aa2078007e,2026-04-29T12:52:26.400Z,99,,32.76240539550781,46.22320556640625,32.60009765625,100316.5,32.28303527832031,100440.125,46.48262023925781,100348.828125,18.69178009033203,0,0.05419921875,0.98974609375,-0.12939453125,136345,135017,-0.732421875,1.708984375,0.54931640625,99,415,"0",full
7a09a483-c77d-4a34-9750-25b7aeca6add,c9549b4e-052f-421d-b8f7-e4aa2078007e,2026-04-29T12:52:26.476Z,99,,32.76240539550781,46.22320556640625,32.60009765625,100316.5,32.28303527832031,100440.125,46.47792053222656,100348.828125,18.69178009033203,0,0.05419921875,0.98974609375,-0.12939453125,136345,135017,-0.732421875,1.708984375,0.54931640625,99,415,"0",full
7a09a483-c77d-4a34-9750-25b7aeca6add,c9549b4e-052f-421d-b8f7-e4aa2078007e,2026-04-29T12:52:26.505Z,99,,32.76240539550781,46.22320556640625,32.60166931152344,100264.34375,32.284881591796875,100437.328125,46.47792053222656,100348.828125,18.69178009033203,0,0.0625,0.99951171875,-0.15380859375,136345,135017,-2.38037109375,2.99072265625,2.01416015625,99,415,"0",full
7a09a483-c77d-4a34-9750-25b7aeca6add,c9549b4e-052f-421d-b8f7-e4aa2078007e,2026-04-29T12:52:26.580Z,99,,32.76240539550781,46.22320556640625,32.60166931152344,100264.34375,32.284881591796875,100437.328125,46.478790283203125,100348.875,18.69178009033203,0,0.0625,0.99951171875,-0.15380859375,136345,135017,-2.38037109375,2.99072265625,2.01416015625,99,415,"0",full
7a09a483-c77d-4a34-9750-25b7aeca6add,c9549b4e-052f-421d-b8f7-e4aa2078007e,2026-04-29T12:52:26.641Z,99,,32.76240539550781,46.22320556640625,32.60585021972656,100161.328125,32.287078857421875,100434.546875,46.47724914550781,100348.875,18.69178009033203,0,0.0625,1.0263671875,-0.173583984375,136345,135017,-1.52587890625,0.91552734375,1.64794921875,99,415,"0",full
7a09a483-c77d-4a34-9750-25b7aeca6add,c9549b4e-052f-421d-b8f7-e4aa2078007e,2026-04-29T12:52:26.657Z,99,,32.783851623535156,51.3272705078125,32.60585021972656,100161.328125,32.28639221191406,100434.078125,46.476654052734375,100348.875,18.777219772338867,0,0.0771484375,1.031494140625,-0.163330078125,136269,134937,-2.50244140625,1.3427734375,2.99072265625,99,415,"0",full
7a09a483-c77d-4a34-9750-25b7aeca6add,c9549b4e-052f-421d-b8f7-e4aa2078007e,2026-04-29T12:52:26.761Z,99,,32.783851623535156,51.3272705078125,32.60585021972656,100161.328125,32.28639221191406,100434.078125,46.47550964355469,100348.90625,18.777219772338867,0,0.0771484375,1.031494140625,-0.163330078125,136269,134937,-2.50244140625,1.3427734375,2.99072265625,99,415,"0",full
7a09a483-c77d-4a34-9750-25b7aeca6add,c9549b4e-052f-421d-b8f7-e4aa2078007e,2026-04-29T12:52:26.789Z,99,,32.783851623535156,51.3272705078125,32.60957336425781,100111.453125,32.286712646484375,100432.09375,46.47474670410156,100348.90625,18.777219772338867,0,0.074462890625,0.97314453125,-0.119384765625,136269,134937,1.46484375,-1.708984375,-3.96728515625,99,415,"0",full
7a09a483-c77d-4a34-9750-25b7aeca6add,c9549b4e-052f-421d-b8f7-e4aa2078007e,2026-04-29T12:52:26.865Z,99,,32.783851623535156,51.3272705078125,32.60957336425781,100111.453125,32.286712646484375,100432.09375,46.4736328125,100348.875,18.777219772338867,0,0.074462890625,0.97314453125,-0.119384765625,136269,134937,1.46484375,-1.708984375,-3.96728515625,99,415,"0",full
7a09a483-c77d-4a34-9750-25b7aeca6add,c9549b4e-052f-421d-b8f7-e4aa2078007e,2026-04-29T12:52:27.028Z,99,,32.783851623535156,51.3272705078125,32.61329650878906,100060.21875,32.289276123046875,100429.640625,46.47306823730469,100348.921875,18.777219772338867,0,0.0751953125,0.997314453125,-0.136474609375,136269,134937,-0.18310546875,0.42724609375,0.06103515625,99,415,"0",full
7a09a483-c77d-4a34-9750-25b7aeca6add,c9549b4e-052f-421d-b8f7-e4aa2078007e,2026-04-29T12:52:27.029Z,99,,32.826751708984375,58.1326904296875,32.6136474609375,100054.40625,32.289276123046875,100429.640625,46.47044372558594,100348.921875,18.948101043701172,0,0.0712890625,0.9912109375,-0.13623046875,135783,134641,0.6103515625,-0.30517578125,-0.6103515625,99,415,"0",full
7a09a483-c77d-4a34-9750-25b7aeca6add,c9549b4e-052f-421d-b8f7-e4aa2078007e,2026-04-29T12:52:27.135Z,99,,32.826751708984375,58.1326904296875,32.6136474609375,100054.40625,32.289276123046875,100429.640625,46.466583251953125,100348.921875,18.948101043701172,0,0.0712890625,0.9912109375,-0.13623046875,135783,134641,0.6103515625,-0.30517578125,-0.6103515625,99,415,"0",full
7a09a483-c77d-4a34-9750-25b7aeca6add,c9549b4e-052f-421d-b8f7-e4aa2078007e,2026-04-29T12:52:27.180Z,99,,32.826751708984375,58.1326904296875,32.614532470703125,100005.1875,32.28926086425781,100425.21875,46.46673583984375,100348.9375,18.948101043701172,0,0.07568359375,0.9853515625,-0.12548828125,135783,134641,1.15966796875,-1.5869140625,-1.77001953125,99,415,"0",full
7a09a483-c77d-4a34-9750-25b7aeca6add,c9549b4e-052f-421d-b8f7-e4aa2078007e,2026-04-29T12:52:27.194Z,99,,32.83747863769531,62.84765625,32.614532470703125,100005.1875,32.28926086425781,100425.21875,46.465606689453125,100348.921875,18.919620513916016,0,0.07568359375,0.9853515625,-0.12548828125,135508,134502,1.15966796875,-1.5869140625,-1.77001953125,99,415,"0",full
7a09a483-c77d-4a34-9750-25b7aeca6add,c9549b4e-052f-421d-b8f7-e4aa2078007e,2026-04-29T12:52:27.301Z,99,,32.83747863769531,62.84765625,32.614532470703125,100005.1875,32.28926086425781,100425.21875,46.46514892578125,100348.953125,18.919620513916016,0,0.07568359375,0.9853515625,-0.12548828125,135508,134502,1.15966796875,-1.5869140625,-1.77001953125,99,415,"0",full
7a09a483-c77d-4a34-9750-25b7aeca6add,c9549b4e-052f-421d-b8f7-e4aa2078007e,2026-04-29T12:52:27.329Z,99,,32.83747863769531,62.84765625,32.61497497558594,99995,32.29046630859375,100423.671875,46.46514892578125,100348.953125,18.919620513916016,0,0.072265625,1.01171875,-0.158203125,135508,134502,-0.3662109375,1.8310546875,0.91552734375,99,415,"0",full
7a09a483-c77d-4a34-9750-25b7aeca6add,c9549b4e-052f-421d-b8f7-e4aa2078007e,2026-04-29T12:52:27.406Z,99,,32.83747863769531,62.84765625,32.61497497558594,99995,32.29046630859375,100423.671875,46.46394348144531,100348.984375,18.919620513916016,0,0.072265625,1.01171875,-0.158203125,135508,134502,-0.3662109375,1.8310546875,0.91552734375,99,415,"0",full
7a09a483-c77d-4a34-9750-25b7aeca6add,c9549b4e-052f-421d-b8f7-e4aa2078007e,2026-04-29T12:52:27.495Z,99,,32.83747863769531,62.84765625,32.616668701171875,99988.609375,32.28981018066406,100421.78125,46.46211242675781,100348.953125,18.919620513916016,0,0.090576171875,0.99951171875,-0.144287109375,135508,134502,0.732421875,-0.244140625,-0.30517578125,99,415,"0",full
7a09a483-c77d-4a34-9750-25b7aeca6add,c9549b4e-052f-421d-b8f7-e4aa2078007e,2026-04-29T12:52:27.571Z,99,,32.83747863769531,66.3876953125,32.616668701171875,99988.609375,32.290435791015625,100421.515625,46.462677001953125,100348.96875,18.919620513916016,0,0.087890625,1.0029296875,-0.1455078125,135608,134643,0.244140625,0.3662109375,0.6103515625,99,415,"0",full
7a09a483-c77d-4a34-9750-25b7aeca6add,c9549b4e-052f-421d-b8f7-e4aa2078007e,2026-04-29T12:52:27.675Z,99,,32.83747863769531,66.3876953125,32.618194580078125,99987.59375,32.29154968261719,100420.25,46.46189880371094,100348.9375,18.919620513916016,0,0.06884765625,0.994140625,-0.1435546875,135608,134643,-0.79345703125,-0.06103515625,1.8310546875,99,415,"0",full
7a09a483-c77d-4a34-9750-25b7aeca6add,c9549b4e-052f-421d-b8f7-e4aa2078007e,2026-04-29T12:52:27.736Z,99,,32.83747863769531,66.3876953125,32.619110107421875,99994,32.29258728027344,100419.234375,46.46044921875,100348.953125,18.919620513916016,0,0.064697265625,1.006103515625,-0.154052734375,135608,134643,-0.1220703125,0.1220703125,1.15966796875,99,415,"0",full
7a09a483-c77d-4a34-9750-25b7aeca6add,c9549b4e-052f-421d-b8f7-e4aa2078007e,2026-04-29T12:52:27.765Z,99,,32.826751708984375,68.77569580078125,32.619110107421875,99994,32.29258728027344,100419.234375,46.46044921875,100348.953125,18.805700302124023,0,0.064697265625,1.006103515625,-0.154052734375,135579,134661,-0.1220703125,0.1220703125,1.15966796875,99,415,"0",full
7a09a483-c77d-4a34-9750-25b7aeca6add,c9549b4e-052f-421d-b8f7-e4aa2078007e,2026-04-29T12:52:27.841Z,99,,32.826751708984375,68.77569580078125,32.619110107421875,99994,32.29258728027344,100419.234375,46.459014892578125,100348.90625,18.805700302124023,0,0.064697265625,1.006103515625,-0.154052734375,135579,134661,-0.1220703125,0.1220703125,1.15966796875,99,415,"0",full
7a09a483-c77d-4a34-9750-25b7aeca6add,c9549b4e-052f-421d-b8f7-e4aa2078007e,2026-04-29T12:52:27.868Z,99,,32.826751708984375,68.77569580078125,32.6187744140625,100006.1875,32.293914794921875,100419.234375,46.459014892578125,100348.90625,18.805700302124023,0,0.069580078125,0.98779296875,-0.134765625,135579,134661,1.15966796875,-1.0986328125,-0.9765625,99,415,"0",full
7a09a483-c77d-4a34-9750-25b7aeca6add,c9549b4e-052f-421d-b8f7-e4aa2078007e,2026-04-29T12:52:28.029Z,99,,32.826751708984375,68.77569580078125,32.6187744140625,100006.1875,32.293914794921875,100419.234375,46.45648193359375,100348.9375,18.805700302124023,0,0.069580078125,0.98779296875,-0.134765625,135579,134661,1.15966796875,-1.0986328125,-0.9765625,99,415,"0",full
7a09a483-c77d-4a34-9750-25b7aeca6add,c9549b4e-052f-421d-b8f7-e4aa2078007e,2026-04-29T12:52:28.030Z,99,,32.826751708984375,68.77569580078125,32.61778259277344,100030.6875,32.29469299316406,100420.421875,46.455291748046875,100348.953125,18.805700302124023,0,0.077880859375,1.001953125,-0.135986328125,135579,134661,0.244140625,-0.3662109375,-0.30517578125,99,415,"0",full
7a09a483-c77d-4a34-9750-25b7aeca6add,c9549b4e-052f-421d-b8f7-e4aa2078007e,2026-04-29T12:52:28.126Z,99,,32.80530548095703,69.897216796875,32.61834716796875,100034.921875,32.29469299316406,100420.765625,46.453521728515625,100349.015625,18.69178009033203,0,0.077880859375,1.001953125,-0.135986328125,132014,133285,0.244140625,-0.3662109375,-0.30517578125,99,415,"0",full
7a09a483-c77d-4a34-9750-25b7aeca6add,c9549b4e-052f-421d-b8f7-e4aa2078007e,2026-04-29T12:52:28.215Z,99,,32.80530548095703,69.897216796875,32.61834716796875,100034.921875,32.29469299316406,100420.765625,46.4541015625,100349,18.69178009033203,0,0.077880859375,1.001953125,-0.135986328125,132014,133285,0.244140625,-0.3662109375,-0.30517578125,99,415,"0",full
7a09a483-c77d-4a34-9750-25b7aeca6add,c9549b4e-052f-421d-b8f7-e4aa2078007e,2026-04-29T12:52:28.276Z,99,,32.80530548095703,69.897216796875,32.61541748046875,100103.90625,32.292205810546875,100426.265625,46.452911376953125,100349.03125,18.69178009033203,0,0.073486328125,0.994140625,-0.138427734375,132014,133285,0.30517578125,-0.30517578125,0.79345703125,99,415,"0",full
7a09a483-c77d-4a34-9750-25b7aeca6add,c9549b4e-052f-421d-b8f7-e4aa2078007e,2026-04-29T12:52:28.306Z,99,,32.77312469482422,67.516845703125,32.616607666015625,100111.984375,32.292205810546875,100426.265625,46.452911376953125,100349.03125,18.57785987854004,0,0.06884765625,0.991455078125,-0.14697265625,131909,133236,-0.244140625,0.244140625,1.15966796875,99,415,"0",full
7a09a483-c77d-4a34-9750-25b7aeca6add,c9549b4e-052f-421d-b8f7-e4aa2078007e,2026-04-29T12:52:28.381Z,99,,32.77312469482422,67.516845703125,32.616607666015625,100111.984375,32.292205810546875,100426.265625,46.452545166015625,100348.984375,18.57785987854004,0,0.06884765625,0.991455078125,-0.14697265625,131909,133236,-0.244140625,0.244140625,1.15966796875,99,415,"0",full
7a09a483-c77d-4a34-9750-25b7aeca6add,c9549b4e-052f-421d-b8f7-e4aa2078007e,2026-04-29T12:52:28.423Z,99,,32.77312469482422,67.516845703125,32.61128234863281,100154.65625,32.2904052734375,100428.671875,46.452545166015625,100348.984375,18.57785987854004,0,0.055419921875,1.0009765625,-0.144287109375,131909,133236,-0.732421875,1.220703125,1.77001953125,99,415,"0",full
7a09a483-c77d-4a34-9750-25b7aeca6add,c9549b4e-052f-421d-b8f7-e4aa2078007e,2026-04-29T12:52:28.500Z,99,,32.77312469482422,67.516845703125,32.61128234863281,100154.65625,32.2904052734375,100428.671875,46.451904296875,100348.953125,18.57785987854004,0,0.055419921875,1.0009765625,-0.144287109375,131909,133236,-0.732421875,1.220703125,1.77001953125,99,415,"0",full
7a09a483-c77d-4a34-9750-25b7aeca6add,c9549b4e-052f-421d-b8f7-e4aa2078007e,2026-04-29T12:52:28.545Z,99,,32.77312469482422,67.516845703125,32.60997009277344,100214.90625,32.28839111328125,100431.6875,46.45062255859375,100348.984375,18.57785987854004,0,0.065673828125,0.997802734375,-0.13623046875,131909,133236,1.03759765625,0.244140625,0.244140625,99,415,"0",full
7a09a483-c77d-4a34-9750-25b7aeca6add,c9549b4e-052f-421d-b8f7-e4aa2078007e,2026-04-29T12:52:28.560Z,99,,32.751678466796875,60.68853759765625,32.60997009277344,100214.90625,32.28839111328125,100431.6875,46.45025634765625,100349,18.435461044311523,0,0.065673828125,0.997802734375,-0.13623046875,132066,133344,1.03759765625,0.244140625,0.244140625,99,415,"0",full
7a09a483-c77d-4a34-9750-25b7aeca6add,c9549b4e-052f-421d-b8f7-e4aa2078007e,2026-04-29T12:52:28.666Z,99,,32.751678466796875,60.68853759765625,32.60997009277344,100214.90625,32.28839111328125,100431.6875,46.44755554199219,100348.921875,18.435461044311523,0,0.065673828125,0.997802734375,-0.13623046875,132066,133344,1.03759765625,0.244140625,0.244140625,99,415,"0",full
7a09a483-c77d-4a34-9750-25b7aeca6add,c9549b4e-052f-421d-b8f7-e4aa2078007e,2026-04-29T12:52:28.693Z,99,,32.751678466796875,60.68853759765625,32.608306884765625,100254.8125,32.28700256347656,100433.65625,46.44755554199219,100348.921875,18.435461044311523,0,0.060791015625,0.9892578125,-0.13818359375,132066,133344,-0.18310546875,1.64794921875,-0.18310546875,99,415,"0",full
7a09a483-c77d-4a34-9750-25b7aeca6add,c9549b4e-052f-421d-b8f7-e4aa2078007e,2026-04-29T12:52:28.755Z,99,,32.751678466796875,60.68853759765625,32.608306884765625,100254.8125,32.28700256347656,100433.65625,46.44416809082031,100348.953125,18.435461044311523,0,0.060791015625,0.9892578125,-0.13818359375,132066,133344,-0.18310546875,1.64794921875,-0.18310546875,99,415,"0",full
7a09a483-c77d-4a34-9750-25b7aeca6add,c9549b4e-052f-421d-b8f7-e4aa2078007e,2026-04-29T12:52:28.831Z,99,,32.751678466796875,60.68853759765625,32.60426330566406,100302.640625,32.28358459472656,100435.953125,46.44085693359375,100348.9375,18.435461044311523,0,0.06689453125,1.00439453125,-0.140380859375,132066,133344,0.54931640625,0.3662109375,1.15966796875,99,415,"0",full
7a09a483-c77d-4a34-9750-25b7aeca6add,c9549b4e-052f-421d-b8f7-e4aa2078007e,2026-04-29T12:52:28.934Z,99,,32.74095153808594,55.16485595703125,32.603607177734375,100308.65625,32.283538818359375,100436.28125,46.438629150390625,100348.984375,18.463939666748047,0,0.07275390625,0.986328125,-0.1328125,132296,133504,1.03759765625,0.30517578125,0.48828125,99,415,"0",full
7a09a483-c77d-4a34-9750-25b7aeca6add,c9549b4e-052f-421d-b8f7-e4aa2078007e,2026-04-29T12:52:29.155Z,95,,32.74095153808594,55.16485595703125,32.603607177734375,100308.65625,32.283538818359375,100436.28125,46.43641662597656,100348.984375,18.463939666748047,0,0.07275390625,0.986328125,-0.1328125,132296,133504,1.03759765625,0.30517578125,0.48828125,99,415,"0",full
7a09a483-c77d-4a34-9750-25b7aeca6add,c9549b4e-052f-421d-b8f7-e4aa2078007e,2026-04-29T12:52:29.158Z,95,,32.74095153808594,55.16485595703125,32.59930419921875,100365.875,32.28495788574219,100439.53125,46.43475341796875,100348.96875,18.463939666748047,0,0.0556640625,0.994384765625,-0.124755859375,132296,133504,1.64794921875,0.18310546875,-0.30517578125,99,415,"0",full
7a09a483-c77d-4a34-9750-25b7aeca6add,c9549b4e-052f-421d-b8f7-e4aa2078007e,2026-04-29T12:52:29.205Z,95,,32.751678466796875,50.58721923828125,32.59930419921875,100365.875,32.28495788574219,100439.53125,46.4317626953125,100349.03125,18.350019454956055,0,0.059814453125,0.979248046875,-0.1181640625,132556,133716,1.953125,-0.244140625,-0.3662109375,99,415,"0",full
7a09a483-c77d-4a34-9750-25b7aeca6add,c9549b4e-052f-421d-b8f7-e4aa2078007e,2026-04-29T12:52:29.236Z,95,,32.751678466796875,50.58721923828125,32.59465026855469,100382.453125,32.28535461425781,100440.765625,46.4317626953125,100349.03125,18.350019454956055,0,0.070556640625,1.011474609375,-0.142333984375,132556,133716,0.1220703125,0.48828125,2.74658203125,99,415,"0",full
7a09a483-c77d-4a34-9750-25b7aeca6add,c9549b4e-052f-421d-b8f7-e4aa2078007e,2026-04-29T12:52:29.296Z,95,,32.751678466796875,50.58721923828125,32.59465026855469,100382.453125,32.28535461425781,100440.765625,46.42919921875,100349.015625,18.350019454956055,0,0.070556640625,1.011474609375,-0.142333984375,132556,133716,0.1220703125,0.48828125,2.74658203125,99,415,"0",full
7a09a483-c77d-4a34-9750-25b7aeca6add,c9549b4e-052f-421d-b8f7-e4aa2078007e,2026-04-29T12:52:29.354Z,95,,32.751678466796875,50.58721923828125,32.595428466796875,100399.984375,32.28373718261719,100442.21875,46.429229736328125,100349.046875,18.350019454956055,0,0.06298828125,1.008544921875,-0.142822265625,132556,133716,-0.18310546875,0.244140625,0.67138671875,99,415,"0",full
7a09a483-c77d-4a34-9750-25b7aeca6add,c9549b4e-052f-421d-b8f7-e4aa2078007e,2026-04-29T12:52:29.385Z,95,,32.751678466796875,47.3294677734375,32.59440612792969,100401.96875,32.28373718261719,100442.21875,46.428863525390625,100349.046875,18.37849998474121,0,0.06298828125,1.008544921875,-0.142822265625,132523,133675,-0.18310546875,0.244140625,0.67138671875,99,415,"0",full
7a09a483-c77d-4a34-9750-25b7aeca6add,c9549b4e-052f-421d-b8f7-e4aa2078007e,2026-04-29T12:52:29.491Z,95,,32.751678466796875,47.3294677734375,32.59440612792969,100401.96875,32.28373718261719,100442.21875,46.42903137207031,100349.015625,18.37849998474121,0,0.06298828125,1.008544921875,-0.142822265625,132523,133675,-0.18310546875,0.244140625,0.67138671875,99,415,"0",full
7a09a483-c77d-4a34-9750-25b7aeca6add,c9549b4e-052f-421d-b8f7-e4aa2078007e,2026-04-29T12:52:29.580Z,95,,32.751678466796875,47.3294677734375,32.59283447265625,100410.171875,32.28253173828125,100443.03125,46.4276123046875,100348.984375,18.37849998474121,0,0.071044921875,0.98681640625,-0.126708984375,132523,133675,-0.06103515625,-0.54931640625,0.6103515625,99,415,"0",full
7a09a483-c77d-4a34-9750-25b7aeca6add,c9549b4e-052f-421d-b8f7-e4aa2078007e,2026-04-29T12:52:29.641Z,95,,32.751678466796875,47.3294677734375,32.5902099609375,100419.28125,32.284820556640625,100443.921875,46.42555236816406,100349.015625,18.37849998474121,0,0.070068359375,0.983642578125,-0.124267578125,132523,133675,1.0986328125,-0.244140625,-1.28173828125,99,415,"0",full
7a09a483-c77d-4a34-9750-25b7aeca6add,c9549b4e-052f-421d-b8f7-e4aa2078007e,2026-04-29T12:52:29.667Z,95,,32.751678466796875,45.4984130859375,32.5902099609375,100419.28125,32.28448486328125,100443.984375,46.42555236816406,100349.015625,18.463939666748047,0,0.06201171875,0.98486328125,-0.12451171875,132360,133579,1.52587890625,-0.3662109375,-2.3193359375,99,415,"0",full
7a09a483-c77d-4a34-9750-25b7aeca6add,c9549b4e-052f-421d-b8f7-e4aa2078007e,2026-04-29T12:52:29.745Z,95,,32.751678466796875,45.4984130859375,32.5902099609375,100419.28125,32.28448486328125,100443.984375,46.42247009277344,100349.03125,18.463939666748047,0,0.06201171875,0.98486328125,-0.12451171875,132360,133579,1.52587890625,-0.3662109375,-2.3193359375,99,415,"0",full
7a09a483-c77d-4a34-9750-25b7aeca6add,c9549b4e-052f-421d-b8f7-e4aa2078007e,2026-04-29T12:52:29.772Z,95,,32.751678466796875,45.4984130859375,32.59228515625,100413.46875,32.28080749511719,100444.28125,46.42247009277344,100349.03125,18.463939666748047,0,0.06884765625,1.00732421875,-0.15869140625,132360,133579,-2.38037109375,0.1220703125,2.38037109375,99,415,"0",full
7a09a483-c77d-4a34-9750-25b7aeca6add,c9549b4e-052f-421d-b8f7-e4aa2078007e,2026-04-29T12:52:29.865Z,95,,32.751678466796875,45.4984130859375,32.59228515625,100413.46875,32.28080749511719,100444.28125,46.4207763671875,100349.078125,18.463939666748047,0,0.06884765625,1.00732421875,-0.15869140625,132360,133579,-2.38037109375,0.1220703125,2.38037109375,99,415,"0",full
7a09a483-c77d-4a34-9750-25b7aeca6add,c9549b4e-052f-421d-b8f7-e4aa2078007e,2026-04-29T12:52:29.896Z,95,,32.751678466796875,45.4984130859375,32.5955810546875,100371.953125,32.28175354003906,100442.734375,46.42118835449219,100349.078125,18.463939666748047,0,0.05078125,1.005615234375,-0.15234375,132360,133579,0.18310546875,-0.6103515625,-1.3427734375,99,415,"0",full
7a09a483-c77d-4a34-9750-25b7aeca6add,c9549b4e-052f-421d-b8f7-e4aa2078007e,2026-04-29T12:52:29.924Z,95,,32.751678466796875,44.80413818359375,32.59477233886719,100363.953125,32.28175354003906,100442.734375,46.420745849609375,100349.078125,18.57785987854004,0,0.048828125,1.011962890625,-0.152587890625,132331,133565,0.244140625,-0.42724609375,-0.79345703125,99,415,"0",full
7a09a483-c77d-4a34-9750-25b7aeca6add,c9549b4e-052f-421d-b8f7-e4aa2078007e,2026-04-29T12:52:30.031Z,95,,32.751678466796875,44.80413818359375,32.59477233886719,100363.953125,32.28175354003906,100442.734375,46.421478271484375,100349.046875,18.57785987854004,0,0.048828125,1.011962890625,-0.152587890625,132331,133565,0.244140625,-0.42724609375,-0.79345703125,99,415,"0",full
7a09a483-c77d-4a34-9750-25b7aeca6add,c9549b4e-052f-421d-b8f7-e4aa2078007e,2026-04-29T12:52:30.202Z,90,,32.751678466796875,44.80413818359375,32.59477233886719,100363.953125,32.28175354003906,100442.734375,46.42198181152344,100349.078125,18.57785987854004,0,0.048828125,1.011962890625,-0.152587890625,132331,133565,0.244140625,-0.42724609375,-0.79345703125,99,415,"0",full
7a09a483-c77d-4a34-9750-25b7aeca6add,c9549b4e-052f-421d-b8f7-e4aa2078007e,2026-04-29T12:52:30.203Z,90,,32.751678466796875,44.80413818359375,32.59721374511719,100241.640625,32.28721618652344,100438.25,46.41938781738281,100349.078125,18.57785987854004,0,0.063232421875,1.01318359375,-0.15234375,132331,133565,-0.42724609375,1.220703125,0.244140625,99,415,"0",full
7a09a483-c77d-4a34-9750-25b7aeca6add,c9549b4e-052f-421d-b8f7-e4aa2078007e,2026-04-29T12:52:30.302Z,90,,32.77312469482422,48.534912109375,32.59721374511719,100241.640625,32.28721618652344,100438.25,46.4178466796875,100349.109375,18.805700302124023,0,0.063232421875,1.01318359375,-0.15234375,132348,133569,-0.42724609375,1.220703125,0.244140625,99,415,"0",full
7a09a483-c77d-4a34-9750-25b7aeca6add,c9549b4e-052f-421d-b8f7-e4aa2078007e,2026-04-29T12:52:30.316Z,90,,32.77312469482422,48.534912109375,32.60028076171875,100180.140625,32.287109375,100436.75,46.416961669921875,100349.125,18.805700302124023,0,0.068115234375,0.9912109375,-0.134765625,132348,133569,0.8544921875,-1.46484375,-1.0986328125,99,415,"0",full
7a09a483-c77d-4a34-9750-25b7aeca6add,c9549b4e-052f-421d-b8f7-e4aa2078007e,2026-04-29T12:52:30.406Z,90,,32.77312469482422,48.534912109375,32.60028076171875,100180.140625,32.287109375,100436.75,46.41487121582031,100349.109375,18.805700302124023,0,0.068115234375,0.9912109375,-0.134765625,132348,133569,0.8544921875,-1.46484375,-1.0986328125,99,415,"0",full
7a09a483-c77d-4a34-9750-25b7aeca6add,c9549b4e-052f-421d-b8f7-e4aa2078007e,2026-04-29T12:52:30.471Z,90,,32.77312469482422,48.534912109375,32.60386657714844,100112.484375,32.28692626953125,100434.125,46.4134521484375,100349.15625,18.805700302124023,0,0.072265625,0.98388671875,-0.14111328125,132348,133569,-1.46484375,0.91552734375,0.48828125,99,415,"0",full
7a09a483-c77d-4a34-9750-25b7aeca6add,c9549b4e-052f-421d-b8f7-e4aa2078007e,2026-04-29T12:52:30.498Z,90,,32.80530548095703,54.5621337890625,32.60400390625,100104.5625,32.286865234375,100433.71875,46.4134521484375,100349.15625,18.805700302124023,0,0.04638671875,0.999267578125,-0.153076171875,131946,133316,-0.91552734375,0.18310546875,-0.67138671875,99,415,"0",full
7a09a483-c77d-4a34-9750-25b7aeca6add,c9549b4e-052f-421d-b8f7-e4aa2078007e,2026-04-29T12:52:30.555Z,90,,32.80530548095703,54.5621337890625,32.60400390625,100104.5625,32.286865234375,100433.71875,46.41160583496094,100349.171875,18.805700302124023,0,0.04638671875,0.999267578125,-0.153076171875,131946,133316,-0.91552734375,0.18310546875,-0.67138671875,99,415,"0",full
7a09a483-c77d-4a34-9750-25b7aeca6add,c9549b4e-052f-421d-b8f7-e4aa2078007e,2026-04-29T12:52:30.601Z,90,,32.80530548095703,54.5621337890625,32.60589599609375,100069.15625,32.28865051269531,100431.796875,46.41160583496094,100349.171875,18.805700302124023,0,0.083251953125,1.00439453125,-0.146240234375,131946,133316,0.06103515625,-0.6103515625,-1.28173828125,99,415,"0",full
7a09a483-c77d-4a34-9750-25b7aeca6add,c9549b4e-052f-421d-b8f7-e4aa2078007e,2026-04-29T12:52:30.675Z,90,,32.80530548095703,54.5621337890625,32.60589599609375,100069.15625,32.28865051269531,100431.796875,46.408966064453125,100349.1875,18.805700302124023,0,0.083251953125,1.00439453125,-0.146240234375,131946,133316,0.06103515625,-0.6103515625,-1.28173828125,99,415,"0",full
7a09a483-c77d-4a34-9750-25b7aeca6add,c9549b4e-052f-421d-b8f7-e4aa2078007e,2026-04-29T12:52:30.750Z,90,,32.80530548095703,54.5621337890625,32.60597229003906,100035.984375,32.28947448730469,100429.78125,46.40867614746094,100349.21875,18.805700302124023,0,0.090576171875,1.009033203125,-0.1533203125,131946,133316,-1.220703125,-0.244140625,1.708984375,99,415,"0",full
7a09a483-c77d-4a34-9750-25b7aeca6add,c9549b4e-052f-421d-b8f7-e4aa2078007e,2026-04-29T12:52:30.751Z,90,,32.81602478027344,59.4144287109375,32.60597229003906,100035.984375,32.28947448730469,100429.78125,46.409149169921875,100349.234375,18.948101043701172,0,0.083251953125,1.001953125,-0.157470703125,131892,133279,-0.8544921875,-0.244140625,1.77001953125,99,415,"0",full
7a09a483-c77d-4a34-9750-25b7aeca6add,c9549b4e-052f-421d-b8f7-e4aa2078007e,2026-04-29T12:52:30.840Z,90,,32.81602478027344,59.4144287109375,32.60597229003906,100035.984375,32.28947448730469,100429.78125,46.40531921386719,100349.234375,18.948101043701172,0,0.083251953125,1.001953125,-0.157470703125,131892,133279,-0.8544921875,-0.244140625,1.77001953125,99,415,"0",full
7a09a483-c77d-4a34-9750-25b7aeca6add,c9549b4e-052f-421d-b8f7-e4aa2078007e,2026-04-29T12:52:30.855Z,90,,32.81602478027344,59.4144287109375,32.608367919921875,100022.796875,32.28877258300781,100428.6875,46.40533447265625,100349.21875,18.948101043701172,0,0.050537109375,0.98779296875,-0.156494140625,131892,133279,1.0986328125,-0.9765625,-1.953125,99,415,"0",full
7a09a483-c77d-4a34-9750-25b7aeca6add,c9549b4e-052f-421d-b8f7-e4aa2078007e,2026-04-29T12:52:30.945Z,90,,32.81602478027344,59.4144287109375,32.608367919921875,100022.796875,32.28877258300781,100428.6875,46.406097412109375,100349.25,18.948101043701172,0,0.050537109375,0.98779296875,-0.156494140625,131892,133279,1.0986328125,-0.9765625,-1.953125,99,415,"0",full
7a09a483-c77d-4a34-9750-25b7aeca6add,c9549b4e-052f-421d-b8f7-e4aa2078007e,2026-04-29T12:52:31.005Z,90,,32.81602478027344,59.4144287109375,32.61289978027344,100005.578125,32.28849792480469,100426.765625,46.406768798828125,100349.25,18.948101043701172,0,0.068603515625,0.98046875,-0.138916015625,131892,133279,0.244140625,-0.1220703125,-0.54931640625,99,415,"0",full
7a09a483-c77d-4a34-9750-25b7aeca6add,c9549b4e-052f-421d-b8f7-e4aa2078007e,2026-04-29T12:52:31.031Z,90,,32.81602478027344,62.84765625,32.612030029296875,100003.453125,32.28985595703125,100426.578125,46.406768798828125,100349.25,18.919620513916016,0,0.068603515625,0.98046875,-0.138916015625,131975,133314,0.244140625,-0.1220703125,-0.54931640625,99,415,"0",full
7a09a483-c77d-4a34-9750-25b7aeca6add,c9549b4e-052f-421d-b8f7-e4aa2078007e,2026-04-29T12:52:31.212Z,84,,32.81602478027344,62.84765625,32.612030029296875,100003.453125,32.28985595703125,100426.578125,46.404510498046875,100349.25,18.919620513916016,0,0.068603515625,0.98046875,-0.138916015625,131975,133314,0.244140625,-0.1220703125,-0.54931640625,99,415,"0",full
7a09a483-c77d-4a34-9750-25b7aeca6add,c9549b4e-052f-421d-b8f7-e4aa2078007e,2026-04-29T12:52:31.241Z,84,,32.81602478027344,62.84765625,32.612030029296875,100003.453125,32.28985595703125,100426.578125,46.40092468261719,100349.25,18.919620513916016,0,0.068603515625,0.98046875,-0.138916015625,131975,133314,0.244140625,-0.1220703125,-0.54931640625,99,415,"0",full
7a09a483-c77d-4a34-9750-25b7aeca6add,c9549b4e-052f-421d-b8f7-e4aa2078007e,2026-04-29T12:52:31.261Z,84,,32.81602478027344,62.84765625,32.61296081542969,100000.265625,32.29069519042969,100425.171875,46.39952087402344,100349.28125,18.919620513916016,0,0.072509765625,0.997314453125,-0.149169921875,131975,133314,-0.18310546875,-1.15966796875,-0.67138671875,99,415,"0",full
7a09a483-c77d-4a34-9750-25b7aeca6add,c9549b4e-052f-421d-b8f7-e4aa2078007e,2026-04-29T12:52:31.275Z,84,,32.794578552246094,65.5179443359375,32.61296081542969,100000.265625,32.28916931152344,100424.96875,46.39952087402344,100349.28125,18.89113998413086,0,0.066162109375,1.001708984375,-0.160400390625,131338,132857,-1.03759765625,-0.6103515625,0.42724609375,99,415,"0",full
7a09a483-c77d-4a34-9750-25b7aeca6add,c9549b4e-052f-421d-b8f7-e4aa2078007e,2026-04-29T12:52:31.410Z,84,,32.794578552246094,65.5179443359375,32.61296081542969,100000.265625,32.28916931152344,100424.96875,46.399688720703125,100349.28125,18.89113998413086,0,0.066162109375,1.001708984375,-0.160400390625,131338,132857,-1.03759765625,-0.6103515625,0.42724609375,99,415,"0",full
7a09a483-c77d-4a34-9750-25b7aeca6add,c9549b4e-052f-421d-b8f7-e4aa2078007e,2026-04-29T12:52:31.485Z,84,,32.794578552246094,65.5179443359375,32.61476135253906,99995.578125,32.288299560546875,100424.1875,46.3988037109375,100349.265625,18.89113998413086,0,0.078125,1.00537109375,-0.156005859375,131338,132857,-1.3427734375,1.5869140625,2.3193359375,99,415,"0",full
7a09a483-c77d-4a34-9750-25b7aeca6add,c9549b4e-052f-421d-b8f7-e4aa2078007e,2026-04-29T12:52:31.545Z,84,,32.794578552246094,65.5179443359375,32.613739013671875,99994.46875,32.28990173339844,100423.671875,46.39793395996094,100349.25,18.89113998413086,0,0.0830078125,1.001220703125,-0.16552734375,131338,132857,-1.0986328125,0.42724609375,1.52587890625,99,415,"0",full
7a09a483-c77d-4a34-9750-25b7aeca6add,c9549b4e-052f-421d-b8f7-e4aa2078007e,2026-04-29T12:52:31.570Z,84,,32.81602478027344,66.8912353515625,32.61424255371094,99995.71875,32.28990173339844,100423.671875,46.39811706542969,100349.25,18.805700302124023,0,0.0830078125,1.001220703125,-0.16552734375,131024,132673,-1.0986328125,0.42724609375,1.52587890625,99,415,"0",full
7a09a483-c77d-4a34-9750-25b7aeca6add,c9549b4e-052f-421d-b8f7-e4aa2078007e,2026-04-29T12:52:31.665Z,84,,32.81602478027344,66.8912353515625,32.61424255371094,99995.71875,32.28990173339844,100423.671875,46.39424133300781,100349.234375,18.805700302124023,0,0.0830078125,1.001220703125,-0.16552734375,131024,132673,-1.0986328125,0.42724609375,1.52587890625,99,415,"0",full
7a09a483-c77d-4a34-9750-25b7aeca6add,c9549b4e-052f-421d-b8f7-e4aa2078007e,2026-04-29T12:52:31.692Z,84,,32.81602478027344,66.8912353515625,32.61457824707031,100005.984375,32.29032897949219,100424.5625,46.39332580566406,100349.25,18.805700302124023,0,0.06640625,0.9853515625,-0.14697265625,131024,132673,1.28173828125,-2.62451171875,-2.8076171875,99,415,"0",full
7a09a483-c77d-4a34-9750-25b7aeca6add,c9549b4e-052f-421d-b8f7-e4aa2078007e,2026-04-29T12:52:31.755Z,84,,32.81602478027344,66.8912353515625,32.61457824707031,100005.984375,32.29032897949219,100424.5625,46.39227294921875,100349.265625,18.805700302124023,0,0.06640625,0.9853515625,-0.14697265625,131024,132673,1.28173828125,-2.62451171875,-2.8076171875,99,415,"0",full
7a09a483-c77d-4a34-9750-25b7aeca6add,c9549b4e-052f-421d-b8f7-e4aa2078007e,2026-04-29T12:52:31.816Z,84,,32.81602478027344,66.8912353515625,32.61424255371094,100049.6875,32.28953552246094,100427.703125,46.39060974121094,100349.296875,18.805700302124023,0,0.07080078125,0.973388671875,-0.143310546875,131024,132673,0.18310546875,0.9765625,1.220703125,99,415,"0",full
7a09a483-c77d-4a34-9750-25b7aeca6add,c9549b4e-052f-421d-b8f7-e4aa2078007e,2026-04-29T12:52:31.847Z,84,,32.783851623535156,67.1658935546875,32.61424255371094,100049.6875,32.28910827636719,100428.234375,46.39060974121094,100349.296875,18.69178009033203,0,0.07080078125,0.973388671875,-0.143310546875,130984,133108,0.18310546875,0.9765625,1.220703125,99,415,"0",full
7a09a483-c77d-4a34-9750-25b7aeca6add,c9549b4e-052f-421d-b8f7-e4aa2078007e,2026-04-29T12:52:31.951Z,84,,32.783851623535156,67.1658935546875,32.61424255371094,100049.6875,32.28910827636719,100428.234375,46.38984680175781,100349.328125,18.69178009033203,0,0.07080078125,0.973388671875,-0.143310546875,130984,133108,0.18310546875,0.9765625,1.220703125,99,415,"0",full
7a09a483-c77d-4a34-9750-25b7aeca6add,c9549b4e-052f-421d-b8f7-e4aa2078007e,2026-04-29T12:52:32.024Z,84,,32.783851623535156,67.1658935546875,32.61424255371094,100049.6875,32.28910827636719,100428.234375,46.387603759765625,100349.21875,18.69178009033203,0,0.07080078125,0.973388671875,-0.143310546875,130984,133108,0.18310546875,0.9765625,1.220703125,99,415,"0",full
7a09a483-c77d-4a34-9750-25b7aeca6add,c9549b4e-052f-421d-b8f7-e4aa2078007e,2026-04-29T12:52:32.110Z,84,,32.783851623535156,67.1658935546875,32.60890197753906,100157.75,32.28619384765625,100433.65625,46.38677978515625,100349.25,18.69178009033203,0,0.078857421875,0.992919921875,-0.147216796875,130984,133108,1.77001953125,-0.244140625,-1.89208984375,99,415,"0",full
7a09a483-c77d-4a34-9750-25b7aeca6add,c9549b4e-052f-421d-b8f7-e4aa2078007e,2026-04-29T12:52:32.293Z,76,,32.77312469482422,61.1539306640625,32.60890197753906,100157.75,32.28623962402344,100434.09375,46.385955810546875,100349.3125,18.606340408325195,0,0.07275390625,0.991943359375,-0.1513671875,131163,133172,1.3427734375,-0.18310546875,-1.46484375,99,415,"0",full
7a09a483-c77d-4a34-9750-25b7aeca6add,c9549b4e-052f-421d-b8f7-e4aa2078007e,2026-04-29T12:52:32.323Z,76,,32.77312469482422,61.1539306640625,32.6058349609375,100202.03125,32.28694152832031,100435.890625,46.383697509765625,100349.296875,18.606340408325195,0,0.068359375,0.995849609375,-0.160888671875,131163,133172,-0.79345703125,1.03759765625,2.197265625,99,415,"0",full
7a09a483-c77d-4a34-9750-25b7aeca6add,c9549b4e-052f-421d-b8f7-e4aa2078007e,2026-04-29T12:52:32.356Z,76,,32.77312469482422,61.1539306640625,32.6024169921875,100263.03125,32.28495788574219,100438.0625,46.38273620605469,100349.328125,18.606340408325195,0,0.06982421875,1.015869140625,-0.172119140625,131163,133172,-0.06103515625,0.67138671875,1.0986328125,99,415,"0",full
7a09a483-c77d-4a34-9750-25b7aeca6add,c9549b4e-052f-421d-b8f7-e4aa2078007e,2026-04-29T12:52:32.386Z,76,,32.751678466796875,55.37847900390625,32.6024169921875,100263.03125,32.28495788574219,100438.0625,46.38273620605469,100349.328125,18.492420196533203,0,0.06982421875,1.015869140625,-0.172119140625,131756,133648,-0.06103515625,0.67138671875,1.0986328125,99,415,"0",full
7a09a483-c77d-4a34-9750-25b7aeca6add,c9549b4e-052f-421d-b8f7-e4aa2078007e,2026-04-29T12:52:32.460Z,76,,32.751678466796875,55.37847900390625,32.6024169921875,100263.03125,32.28495788574219,100438.0625,46.37828063964844,100349.328125,18.492420196533203,0,0.06982421875,1.015869140625,-0.172119140625,131756,133648,-0.06103515625,0.67138671875,1.0986328125,99,415,"0",full
7a09a483-c77d-4a34-9750-25b7aeca6add,c9549b4e-052f-421d-b8f7-e4aa2078007e,2026-04-29T12:52:32.491Z,76,,32.751678466796875,55.37847900390625,32.602142333984375,100293.96875,32.28424072265625,100439.34375,46.37828063964844,100349.328125,18.492420196533203,0,0.05908203125,0.975830078125,-0.13134765625,131756,133648,1.64794921875,0.06103515625,-0.54931640625,99,415,"0",full
7a09a483-c77d-4a34-9750-25b7aeca6add,c9549b4e-052f-421d-b8f7-e4aa2078007e,2026-04-29T12:52:32.595Z,76,,32.751678466796875,55.37847900390625,32.602142333984375,100293.96875,32.28424072265625,100439.34375,46.37828063964844,100349.265625,18.492420196533203,0,0.05908203125,0.975830078125,-0.13134765625,131756,133648,1.64794921875,0.06103515625,-0.54931640625,99,415,"0",full
7a09a483-c77d-4a34-9750-25b7aeca6add,c9549b4e-052f-421d-b8f7-e4aa2078007e,2026-04-29T12:52:32.670Z,76,,32.751678466796875,55.37847900390625,32.59953308105469,100328.734375,32.286346435546875,100440.828125,46.37608337402344,100349.3125,18.492420196533203,0,0.058349609375,0.972900390625,-0.131103515625,131756,133648,0.3662109375,0.18310546875,-0.42724609375,99,415,"0",full
7a09a483-c77d-4a34-9750-25b7aeca6add,c9549b4e-052f-421d-b8f7-e4aa2078007e,2026-04-29T12:52:32.671Z,76,,32.74095153808594,51.25860595703125,32.59953308105469,100328.734375,32.287506103515625,100441,46.37608337402344,100349.3125,18.5173397064209,0,0.058349609375,0.972900390625,-0.131103515625,132039,133896,0.3662109375,0.18310546875,-0.42724609375,99,415,"0",full
7a09a483-c77d-4a34-9750-25b7aeca6add,c9549b4e-052f-421d-b8f7-e4aa2078007e,2026-04-29T12:52:32.745Z,76,,32.74095153808594,51.25860595703125,32.59953308105469,100328.734375,32.287506103515625,100441,46.37611389160156,100349.328125,18.5173397064209,0,0.058349609375,0.972900390625,-0.131103515625,132039,133896,0.3662109375,0.18310546875,-0.42724609375,99,415,"0",full
7a09a483-c77d-4a34-9750-25b7aeca6add,c9549b4e-052f-421d-b8f7-e4aa2078007e,2026-04-29T12:52:32.773Z,76,,32.74095153808594,51.25860595703125,32.59869384765625,100348.3125,32.28578186035156,100441.828125,46.37611389160156,100349.328125,18.5173397064209,0,0.083251953125,1.011474609375,-0.161376953125,132039,133896,-0.06103515625,0,0.79345703125,99,415,"0",full
7a09a483-c77d-4a34-9750-25b7aeca6add,c9549b4e-052f-421d-b8f7-e4aa2078007e,2026-04-29T12:52:32.834Z,76,,32.74095153808594,51.25860595703125,32.59869384765625,100348.3125,32.28578186035156,100441.828125,46.375152587890625,100349.328125,18.5173397064209,0,0.083251953125,1.011474609375,-0.161376953125,132039,133896,-0.06103515625,0,0.79345703125,99,415,"0",full
7a09a483-c77d-4a34-9750-25b7aeca6add,c9549b4e-052f-421d-b8f7-e4aa2078007e,2026-04-29T12:52:32.910Z,76,,32.74095153808594,51.25860595703125,32.59593200683594,100373.171875,32.28338623046875,100443.171875,46.37324523925781,100349.328125,18.5173397064209,0,0.071044921875,1.002197265625,-0.162109375,132039,133896,-0.6103515625,-0.6103515625,0.67138671875,99,415,"0",full
7a09a483-c77d-4a34-9750-25b7aeca6add,c9549b4e-052f-421d-b8f7-e4aa2078007e,2026-04-29T12:52:32.911Z,76,,32.74095153808594,48.40521240234375,32.59593200683594,100373.171875,32.28338623046875,100443.171875,46.37382507324219,100349.375,18.463939666748047,0,0.0673828125,1.004150390625,-0.167236328125,132116,133941,-0.9765625,-0.48828125,1.28173828125,99,415,"0",full
7a09a483-c77d-4a34-9750-25b7aeca6add,c9549b4e-052f-421d-b8f7-e4aa2078007e,2026-04-29T12:52:33.017Z,76,,32.74095153808594,48.40521240234375,32.59593200683594,100373.171875,32.28338623046875,100443.171875,46.37220764160156,100349.34375,18.463939666748047,0,0.0673828125,1.004150390625,-0.167236328125,132116,133941,-0.9765625,-0.48828125,1.28173828125,99,415,"0",full
7a09a483-c77d-4a34-9750-25b7aeca6add,c9549b4e-052f-421d-b8f7-e4aa2078007e,2026-04-29T12:52:33.121Z,76,,32.74095153808594,48.40521240234375,32.59593200683594,100373.171875,32.28338623046875,100443.171875,46.37080383300781,100349.34375,18.463939666748047,0,0.0673828125,1.004150390625,-0.167236328125,132116,133941,-0.9765625,-0.48828125,1.28173828125,99,415,"0",full
7a09a483-c77d-4a34-9750-25b7aeca6add,c9549b4e-052f-421d-b8f7-e4aa2078007e,2026-04-29T12:52:33.181Z,76,,32.74095153808594,48.40521240234375,32.59291076660156,100404.34375,32.284454345703125,100444.578125,46.37005615234375,100349.296875,18.463939666748047,0,0.073486328125,1.007080078125,-0.170166015625,132116,133941,-1.708984375,1.15966796875,2.8076171875,99,415,"0",full
7a09a483-c77d-4a34-9750-25b7aeca6add,c9549b4e-052f-421d-b8f7-e4aa2078007e,2026-04-29T12:52:33.195Z,76,,32.74095153808594,46.8106689453125,32.59291076660156,100404.34375,32.284454345703125,100444.578125,46.37005615234375,100349.296875,18.52090072631836,0,0.073486328125,1.007080078125,-0.170166015625,131935,133854,-1.708984375,1.15966796875,2.8076171875,99,415,"0",full
7a09a483-c77d-4a34-9750-25b7aeca6add,c9549b4e-052f-421d-b8f7-e4aa2078007e,2026-04-29T12:52:33.368Z,74,,32.74095153808594,46.8106689453125,32.59291076660156,100404.34375,32.284454345703125,100444.578125,46.36744689941406,100349.375,18.52090072631836,0,0.073486328125,1.007080078125,-0.170166015625,131935,133854,-1.708984375,1.15966796875,2.8076171875,99,415,"0",full
7a09a483-c77d-4a34-9750-25b7aeca6add,c9549b4e-052f-421d-b8f7-e4aa2078007e,2026-04-29T12:52:33.369Z,74,,32.74095153808594,46.8106689453125,32.59193420410156,100402.625,32.28239440917969,100444.96875,46.36744689941406,100349.375,18.52090072631836,0,0.05029296875,0.9921875,-0.16064453125,131935,133854,-0.1220703125,-1.03759765625,-0.54931640625,99,415,"0",full
7a09a483-c77d-4a34-9750-25b7aeca6add,c9549b4e-052f-421d-b8f7-e4aa2078007e,2026-04-29T12:52:33.405Z,74,,32.74095153808594,46.8106689453125,32.59193420410156,100402.625,32.28239440917969,100444.96875,46.36503601074219,100349.4375,18.52090072631836,0,0.05029296875,0.9921875,-0.16064453125,131935,133854,-0.1220703125,-1.03759765625,-0.54931640625,99,415,"0",full
7a09a483-c77d-4a34-9750-25b7aeca6add,c9549b4e-052f-421d-b8f7-e4aa2078007e,2026-04-29T12:52:33.434Z,74,,32.74095153808594,46.8106689453125,32.59062194824219,100379,32.282745361328125,100444.90625,46.36573791503906,100349.46875,18.52090072631836,0,0.056396484375,0.98095703125,-0.141845703125,131935,133854,1.40380859375,0.30517578125,-1.3427734375,99,415,"0",full
7a09a483-c77d-4a34-9750-25b7aeca6add,c9549b4e-052f-421d-b8f7-e4aa2078007e,2026-04-29T12:52:33.465Z,74,,32.76240539550781,45.7425537109375,32.59062194824219,100379,32.28343200683594,100444.875,46.36408996582031,100349.46875,18.663299560546875,0,0.056396484375,0.98095703125,-0.141845703125,131544,133571,1.40380859375,0.30517578125,-1.3427734375,99,415,"0",full
7a09a483-c77d-4a34-9750-25b7aeca6add,c9549b4e-052f-421d-b8f7-e4aa2078007e,2026-04-29T12:52:33.568Z,74,,32.76240539550781,45.7425537109375,32.59062194824219,100379,32.28343200683594,100444.875,46.36277770996094,100349.46875,18.663299560546875,0,0.056396484375,0.98095703125,-0.141845703125,131544,133571,1.40380859375,0.30517578125,-1.3427734375,99,415,"0",full
7a09a483-c77d-4a34-9750-25b7aeca6add,c9549b4e-052f-421d-b8f7-e4aa2078007e,2026-04-29T12:52:33.597Z,74,,32.76240539550781,45.7425537109375,32.59049987792969,100355.75,32.28239440917969,100443.734375,46.36224365234375,100349.46875,18.663299560546875,0,0.04931640625,1.000244140625,-0.17529296875,131544,133571,-0.1220703125,0.42724609375,-0.18310546875,99,415,"0",full
7a09a483-c77d-4a34-9750-25b7aeca6add,c9549b4e-052f-421d-b8f7-e4aa2078007e,2026-04-29T12:52:33.660Z,74,,32.76240539550781,45.7425537109375,32.59049987792969,100355.75,32.28239440917969,100443.734375,46.36131286621094,100349.484375,18.663299560546875,0,0.04931640625,1.000244140625,-0.17529296875,131544,133571,-0.1220703125,0.42724609375,-0.18310546875,99,415,"0",full
7a09a483-c77d-4a34-9750-25b7aeca6add,c9549b4e-052f-421d-b8f7-e4aa2078007e,2026-04-29T12:52:33.721Z,74,,32.76240539550781,45.7425537109375,32.59126281738281,100307.46875,32.28630065917969,100441.375,46.36149597167969,100349.4375,18.663299560546875,0,0.0419921875,0.98828125,-0.165283203125,131544,133571,1.0986328125,0.67138671875,-2.38037109375,99,415,"0",full
7a09a483-c77d-4a34-9750-25b7aeca6add,c9549b4e-052f-421d-b8f7-e4aa2078007e,2026-04-29T12:52:33.750Z,74,,32.77312469482422,46.42156982421875,32.59126281738281,100307.46875,32.28630065917969,100441.375,46.36149597167969,100349.4375,18.720260620117188,0,0.053955078125,0.9921875,-0.154296875,131154,133262,1.3427734375,0.1220703125,-2.50244140625,99,415,"0",full
7a09a483-c77d-4a34-9750-25b7aeca6add,c9549b4e-052f-421d-b8f7-e4aa2078007e,2026-04-29T12:52:33.870Z,74,,32.77312469482422,46.42156982421875,32.59126281738281,100307.46875,32.28630065917969,100441.375,46.35987854003906,100349.5,18.720260620117188,0,0.053955078125,0.9921875,-0.154296875,131154,133262,1.3427734375,0.1220703125,-2.50244140625,99,415,"0",full
7a09a483-c77d-4a34-9750-25b7aeca6add,c9549b4e-052f-421d-b8f7-e4aa2078007e,2026-04-29T12:52:33.871Z,74,,32.77312469482422,46.42156982421875,32.59196472167969,100260.828125,32.28619384765625,100440.25,46.35987854003906,100349.5,18.720260620117188,0,0.069580078125,0.98974609375,-0.16357421875,131154,133262,0,1.220703125,1.52587890625,99,415,"0",full
7a09a483-c77d-4a34-9750-25b7aeca6add,c9549b4e-052f-421d-b8f7-e4aa2078007e,2026-04-29T12:52:33.946Z,74,,32.77312469482422,46.42156982421875,32.59196472167969,100260.828125,32.28619384765625,100440.25,46.359039306640625,100349.453125,18.720260620117188,0,0.069580078125,0.98974609375,-0.16357421875,131154,133262,0,1.220703125,1.52587890625,99,415,"0",full
7a09a483-c77d-4a34-9750-25b7aeca6add,c9549b4e-052f-421d-b8f7-e4aa2078007e,2026-04-29T12:52:34.018Z,74,,32.77312469482422,46.42156982421875,32.594757080078125,100197.90625,32.2861328125,100439,46.35997009277344,100349.46875,18.720260620117188,0,0.043701171875,0.99072265625,-0.17529296875,131154,133262,-0.91552734375,0.30517578125,0.06103515625,99,415,"0",full
7a09a483-c77d-4a34-9750-25b7aeca6add,c9549b4e-052f-421d-b8f7-e4aa2078007e,2026-04-29T12:52:34.019Z,74,,32.77312469482422,50.25152587890625,32.59461975097656,100189.84375,32.286651611328125,100438.78125,46.35888671875,100349.484375,18.919620513916016,0,0.037109375,1.002197265625,-0.1748046875,130837,132988,-1.220703125,0.30517578125,0.42724609375,99,415,"0",full
7a09a483-c77d-4a34-9750-25b7aeca6add,c9549b4e-052f-421d-b8f7-e4aa2078007e,2026-04-29T12:52:34.093Z,74,,32.77312469482422,50.25152587890625,32.59461975097656,100189.84375,32.286651611328125,100438.78125,46.357696533203125,100349.515625,18.919620513916016,0,0.037109375,1.002197265625,-0.1748046875,130837,132988,-1.220703125,0.30517578125,0.42724609375,99,415,"0",full
7a09a483-c77d-4a34-9750-25b7aeca6add,c9549b4e-052f-421d-b8f7-e4aa2078007e,2026-04-29T12:52:34.199Z,74,,32.77312469482422,50.25152587890625,32.59461975097656,100189.84375,32.286651611328125,100438.78125,46.353363037109375,100349.5625,18.919620513916016,0,0.037109375,1.002197265625,-0.1748046875,130837,132988,-1.220703125,0.30517578125,0.42724609375,99,415,"0",full
7a09a483-c77d-4a34-9750-25b7aeca6add,c9549b4e-052f-421d-b8f7-e4aa2078007e,2026-04-29T12:52:34.258Z,74,,32.77312469482422,50.25152587890625,32.59675598144531,100121.484375,32.285308837890625,100436.359375,46.35417175292969,100349.53125,18.919620513916016,0,0.06884765625,1.0029296875,-0.1904296875,130837,132988,-0.1220703125,0.54931640625,1.220703125,99,415,"0",full
7a09a483-c77d-4a34-9750-25b7aeca6add,c9549b4e-052f-421d-b8f7-e4aa2078007e,2026-04-29T12:52:34.272Z,74,,32.794578552246094,54.8978271484375,32.59675598144531,100121.484375,32.28639221191406,100436.140625,46.353790283203125,100349.546875,18.948101043701172,0,0.06884765625,1.0029296875,-0.1904296875,130951,133021,-0.1220703125,0.54931640625,1.220703125,99,415,"0",full
7a09a483-c77d-4a34-9750-25b7aeca6add,c9549b4e-052f-421d-b8f7-e4aa2078007e,2026-04-29T12:52:34.462Z,72,,32.794578552246094,54.8978271484375,32.59675598144531,100121.484375,32.28639221191406,100436.140625,46.35130310058594,100349.546875,18.948101043701172,0,0.06884765625,1.0029296875,-0.1904296875,130951,133021,-0.1220703125,0.54931640625,1.220703125,99,415,"0",full
7a09a483-c77d-4a34-9750-25b7aeca6add,c9549b4e-052f-421d-b8f7-e4aa2078007e,2026-04-29T12:52:34.463Z,72,,32.794578552246094,54.8978271484375,32.6004638671875,100103.828125,32.28645324707031,100434.953125,46.351654052734375,100349.53125,18.948101043701172,0,0.04052734375,0.97802734375,-0.1650390625,130951,133021,-0.9765625,0,-0.6103515625,99,415,"0",full
7a09a483-c77d-4a34-9750-25b7aeca6add,c9549b4e-052f-421d-b8f7-e4aa2078007e,2026-04-29T12:52:34.514Z,72,,32.794578552246094,54.8978271484375,32.6004638671875,100103.828125,32.28645324707031,100434.953125,46.351043701171875,100349.546875,18.948101043701172,0,0.04052734375,0.97802734375,-0.1650390625,130951,133021,-0.9765625,0,-0.6103515625,99,415,"0",full
7a09a483-c77d-4a34-9750-25b7aeca6add,c9549b4e-052f-421d-b8f7-e4aa2078007e,2026-04-29T12:52:34.543Z,72,,32.794578552246094,54.8978271484375,32.601165771484375,100080.484375,32.28691101074219,100433.234375,46.349945068359375,100349.578125,18.948101043701172,0,0.048095703125,0.992431640625,-0.171630859375,130951,133021,-1.52587890625,1.89208984375,2.86865234375,99,415,"0",full
7a09a483-c77d-4a34-9750-25b7aeca6add,c9549b4e-052f-421d-b8f7-e4aa2078007e,2026-04-29T12:52:34.558Z,72,,32.80530548095703,57.78173828125,32.600067138671875,100077.640625,32.28691101074219,100433.234375,46.349945068359375,100349.578125,19.04244041442871,0,0.04833984375,0.9873046875,-0.164794921875,131279,133258,-1.28173828125,1.03759765625,2.197265625,99,415,"0",full
7a09a483-c77d-4a34-9750-25b7aeca6add,c9549b4e-052f-421d-b8f7-e4aa2078007e,2026-04-29T12:52:34.633Z,72,,32.80530548095703,57.78173828125,32.600067138671875,100077.640625,32.28691101074219,100433.234375,46.34808349609375,100349.59375,19.04244041442871,0,0.04833984375,0.9873046875,-0.164794921875,131279,133258,-1.28173828125,1.03759765625,2.197265625,99,415,"0",full
7a09a483-c77d-4a34-9750-25b7aeca6add,c9549b4e-052f-421d-b8f7-e4aa2078007e,2026-04-29T12:52:34.663Z,72,,32.80530548095703,57.78173828125,32.60260009765625,100066.625,32.28541564941406,100432.234375,46.34808349609375,100349.59375,19.04244041442871,0,0.058837890625,0.98828125,-0.170654296875,131279,133258,0.30517578125,0.06103515625,-0.48828125,99,415,"0",full
7a09a483-c77d-4a34-9750-25b7aeca6add,c9549b4e-052f-421d-b8f7-e4aa2078007e,2026-04-29T12:52:34.755Z,72,,32.80530548095703,57.78173828125,32.60260009765625,100066.625,32.28541564941406,100432.234375,46.34526062011719,100349.625,19.04244041442871,0,0.058837890625,0.98828125,-0.170654296875,131279,133258,0.30517578125,0.06103515625,-0.48828125,99,415,"0",full
7a09a483-c77d-4a34-9750-25b7aeca6add,c9549b4e-052f-421d-b8f7-e4aa2078007e,2026-04-29T12:52:34.801Z,72,,32.80530548095703,57.78173828125,32.603179931640625,100063.125,32.28599548339844,100431.296875,46.34513854980469,100349.625,19.04244041442871,0,0.052490234375,0.985107421875,-0.16748046875,131279,133258,-0.9765625,0.8544921875,-0.1220703125,99,415,"0",full
7a09a483-c77d-4a34-9750-25b7aeca6add,c9549b4e-052f-421d-b8f7-e4aa2078007e,2026-04-29T12:52:34.815Z,72,,32.80530548095703,60.40625,32.603179931640625,100063.125,32.28717041015625,100431.140625,46.34442138671875,100349.609375,19.035320281982422,0,0.058837890625,0.989501953125,-0.169677734375,131594,133472,-0.732421875,0.9765625,0.3662109375,99,415,"0",full
7a09a483-c77d-4a34-9750-25b7aeca6add,c9549b4e-052f-421d-b8f7-e4aa2078007e,2026-04-29T12:52:34.921Z,72,,32.80530548095703,60.40625,32.603179931640625,100063.125,32.28717041015625,100431.140625,46.343292236328125,100349.671875,19.035320281982422,0,0.058837890625,0.989501953125,-0.169677734375,131594,133472,-0.732421875,0.9765625,0.3662109375,99,415,"0",full
7a09a483-c77d-4a34-9750-25b7aeca6add,c9549b4e-052f-421d-b8f7-e4aa2078007e,2026-04-29T12:52:35.025Z,72,,32.80530548095703,60.40625,32.603179931640625,100063.125,32.28717041015625,100431.140625,46.34193420410156,100349.671875,19.035320281982422,0,0.058837890625,0.989501953125,-0.169677734375,131594,133472,-0.732421875,0.9765625,0.3662109375,99,415,"0",full
7a09a483-c77d-4a34-9750-25b7aeca6add,c9549b4e-052f-421d-b8f7-e4aa2078007e,2026-04-29T12:52:35.085Z,72,,32.80530548095703,60.40625,32.604705810546875,100066.546875,32.28709411621094,100430.21875,46.34010314941406,100349.6875,19.035320281982422,0,0.051513671875,0.99365234375,-0.168701171875,131594,133472,0.18310546875,-0.06103515625,0.1220703125,99,415,"0",full
7a09a483-c77d-4a34-9750-25b7aeca6add,c9549b4e-052f-421d-b8f7-e4aa2078007e,2026-04-29T12:52:35.116Z,72,,32.783851623535156,61.962646484375,32.606292724609375,100067.953125,32.28790283203125,100430.28125,46.34010314941406,100349.6875,19.035320281982422,0,0.051513671875,0.99365234375,-0.168701171875,131587,133491,0.18310546875,-0.06103515625,0.1220703125,99,415,"0",full
7a09a483-c77d-4a34-9750-25b7aeca6add,c9549b4e-052f-421d-b8f7-e4aa2078007e,2026-04-29T12:52:35.236Z,72,,32.783851623535156,61.962646484375,32.606292724609375,100067.953125,32.28790283203125,100430.28125,46.33795166015625,100349.6875,19.035320281982422,0,0.051513671875,0.99365234375,-0.168701171875,131587,133491,0.18310546875,-0.06103515625,0.1220703125,99,415,"0",full
7a09a483-c77d-4a34-9750-25b7aeca6add,c9549b4e-052f-421d-b8f7-e4aa2078007e,2026-04-29T12:52:35.295Z,72,,32.783851623535156,61.962646484375,32.604827880859375,100079.421875,32.28926086425781,100431.015625,46.33830261230469,100349.65625,19.035320281982422,0,0.042724609375,0.98095703125,-0.177734375,131587,133491,0,-0.3662109375,1.953125,99,415,"0",full
7a09a483-c77d-4a34-9750-25b7aeca6add,c9549b4e-052f-421d-b8f7-e4aa2078007e,2026-04-29T12:52:35.355Z,72,,32.783851623535156,61.962646484375,32.6043701171875,100108.421875,32.289215087890625,100433.359375,46.33763122558594,100349.625,19.035320281982422,0,0.039306640625,0.9912109375,-0.19384765625,131587,133491,-2.25830078125,2.3193359375,0.8544921875,99,415,"0",full
7a09a483-c77d-4a34-9750-25b7aeca6add,c9549b4e-052f-421d-b8f7-e4aa2078007e,2026-04-29T12:52:35.474Z,70,,32.77312469482422,62.0084228515625,32.6043701171875,100108.421875,32.289215087890625,100433.359375,46.33763122558594,100349.625,19.120759963989258,0,0.0478515625,1.007568359375,-0.1865234375,131490,133421,-2.74658203125,2.99072265625,2.13623046875,99,415,"0",full
7a09a483-c77d-4a34-9750-25b7aeca6add,c9549b4e-052f-421d-b8f7-e4aa2078007e,2026-04-29T12:52:35.497Z,70,,32.77312469482422,62.0084228515625,32.6043701171875,100108.421875,32.289215087890625,100433.359375,46.335296630859375,100349.703125,19.120759963989258,0,0.0478515625,1.007568359375,-0.1865234375,131490,133421,-2.74658203125,2.99072265625,2.13623046875,99,415,"0",full
7a09a483-c77d-4a34-9750-25b7aeca6add,c9549b4e-052f-421d-b8f7-e4aa2078007e,2026-04-29T12:52:35.498Z,70,,32.77312469482422,62.0084228515625,32.60284423828125,100137.765625,32.28875732421875,100435.234375,46.335296630859375,100349.703125,19.120759963989258,0,0.029052734375,0.999755859375,-0.18701171875,131490,133421,-0.30517578125,2.74658203125,2.8076171875,99,415,"0",full
7a09a483-c77d-4a34-9750-25b7aeca6add,c9549b4e-052f-421d-b8f7-e4aa2078007e,2026-04-29T12:52:35.580Z,70,,32.77312469482422,62.0084228515625,32.60284423828125,100137.765625,32.28875732421875,100435.234375,46.33317565917969,100349.75,19.120759963989258,0,0.029052734375,0.999755859375,-0.18701171875,131490,133421,-0.30517578125,2.74658203125,2.8076171875,99,415,"0",full
7a09a483-c77d-4a34-9750-25b7aeca6add,c9549b4e-052f-421d-b8f7-e4aa2078007e,2026-04-29T12:52:35.632Z,70,,32.77312469482422,62.0084228515625,32.59814453125,100186.4375,32.28656005859375,100437.90625,46.33314514160156,100349.75,19.120759963989258,0,0.0341796875,0.994140625,-0.18798828125,131490,133421,-1.3427734375,0.48828125,3.0517578125,99,415,"0",full
7a09a483-c77d-4a34-9750-25b7aeca6add,c9549b4e-052f-421d-b8f7-e4aa2078007e,2026-04-29T12:52:35.659Z,70,,32.76240539550781,57.9801025390625,32.59857177734375,100193.625,32.286102294921875,100438.3125,46.3330078125,100349.703125,18.919620513916016,0,0.0341796875,0.994140625,-0.18798828125,131788,133607,-1.3427734375,0.48828125,3.0517578125,99,415,"0",full
7a09a483-c77d-4a34-9750-25b7aeca6add,c9549b4e-052f-421d-b8f7-e4aa2078007e,2026-04-29T12:52:35.746Z,70,,32.76240539550781,57.9801025390625,32.59857177734375,100193.625,32.286102294921875,100438.3125,46.33171081542969,100349.75,18.919620513916016,0,0.0341796875,0.994140625,-0.18798828125,131788,133607,-1.3427734375,0.48828125,3.0517578125,99,415,"0",full
7a09a483-c77d-4a34-9750-25b7aeca6add,c9549b4e-052f-421d-b8f7-e4aa2078007e,2026-04-29T12:52:35.773Z,70,,32.76240539550781,57.9801025390625,32.59844970703125,100229.359375,32.28620910644531,100439.71875,46.33128356933594,100349.78125,18.919620513916016,0,0.02783203125,0.994140625,-0.18701171875,131788,133607,-0.42724609375,0.67138671875,-0.1220703125,99,415,"0",full
7a09a483-c77d-4a34-9750-25b7aeca6add,c9549b4e-052f-421d-b8f7-e4aa2078007e,2026-04-29T12:52:35.834Z,70,,32.76240539550781,57.9801025390625,32.59844970703125,100229.359375,32.28620910644531,100439.71875,46.33074951171875,100349.8125,18.919620513916016,0,0.02783203125,0.994140625,-0.18701171875,131788,133607,-0.42724609375,0.67138671875,-0.1220703125,99,415,"0",full
7a09a483-c77d-4a34-9750-25b7aeca6add,c9549b4e-052f-421d-b8f7-e4aa2078007e,2026-04-29T12:52:35.911Z,70,,32.76240539550781,57.9801025390625,32.59625244140625,100273.3125,32.28265380859375,100441.734375,46.329833984375,100349.8125,18.919620513916016,0,0.044921875,0.970703125,-0.1611328125,131788,133607,1.46484375,0.42724609375,-1.220703125,99,415,"0",full
7a09a483-c77d-4a34-9750-25b7aeca6add,c9549b4e-052f-421d-b8f7-e4aa2078007e,2026-04-29T12:52:36.016Z,70,,32.751678466796875,53.33380126953125,32.59625244140625,100273.3125,32.28265380859375,100441.734375,46.32899475097656,100349.828125,18.83418083190918,0,0.044921875,0.970703125,-0.1611328125,128633,132304,1.46484375,0.42724609375,-1.220703125,99,415,"0",full
7a09a483-c77d-4a34-9750-25b7aeca6add,c9549b4e-052f-421d-b8f7-e4aa2078007e,2026-04-29T12:52:36.120Z,70,,32.751678466796875,53.33380126953125,32.59625244140625,100273.3125,32.28265380859375,100441.734375,46.32704162597656,100349.875,18.83418083190918,0,0.044921875,0.970703125,-0.1611328125,128633,132304,1.46484375,0.42724609375,-1.220703125,99,415,"0",full
7a09a483-c77d-4a34-9750-25b7aeca6add,c9549b4e-052f-421d-b8f7-e4aa2078007e,2026-04-29T12:52:36.180Z,70,,32.751678466796875,53.33380126953125,32.59234619140625,100320.828125,32.28129577636719,100442.609375,46.326446533203125,100349.90625,18.83418083190918,0,0.017578125,0.9619140625,-0.1669921875,128633,132304,1.52587890625,0.9765625,-2.38037109375,99,415,"0",full
7a09a483-c77d-4a34-9750-25b7aeca6add,c9549b4e-052f-421d-b8f7-e4aa2078007e,2026-04-29T12:52:36.195Z,70,,32.76240539550781,50.6558837890625,32.59046936035156,100322.765625,32.28129577636719,100442.609375,46.326446533203125,100349.90625,18.805700302124023,0,0.013671875,0.977294921875,-0.18798828125,128409,132128,1.64794921875,0.3662109375,-2.44140625,99,415,"0",full
7a09a483-c77d-4a34-9750-25b7aeca6add,c9549b4e-052f-421d-b8f7-e4aa2078007e,2026-04-29T12:52:36.286Z,70,,32.76240539550781,50.6558837890625,32.59046936035156,100322.765625,32.28129577636719,100442.609375,46.32464599609375,100349.9375,18.805700302124023,0,0.013671875,0.977294921875,-0.18798828125,128409,132128,1.64794921875,0.3662109375,-2.44140625,99,415,"0",full
7a09a483-c77d-4a34-9750-25b7aeca6add,c9549b4e-052f-421d-b8f7-e4aa2078007e,2026-04-29T12:52:36.315Z,70,,32.76240539550781,50.6558837890625,32.593170166015625,100319.640625,32.283233642578125,100442.1875,46.32464599609375,100349.9375,18.805700302124023,0,0.039306640625,1.00634765625,-0.201171875,128409,132128,-2.01416015625,2.685546875,3.173828125,99,415,"0",full
7a09a483-c77d-4a34-9750-25b7aeca6add,c9549b4e-052f-421d-b8f7-e4aa2078007e,2026-04-29T12:52:36.375Z,70,,32.76240539550781,50.6558837890625,32.593170166015625,100319.640625,32.283233642578125,100442.1875,46.32159423828125,100350,18.805700302124023,0,0.039306640625,1.00634765625,-0.201171875,128409,132128,-2.01416015625,2.685546875,3.173828125,99,415,"0",full
7a09a483-c77d-4a34-9750-25b7aeca6add,c9549b4e-052f-421d-b8f7-e4aa2078007e,2026-04-29T12:52:36.542Z,66,,32.76240539550781,50.6558837890625,32.59504699707031,100290.609375,32.281005859375,100440.796875,46.31988525390625,100350,18.805700302124023,0,0.032470703125,0.983642578125,-0.19482421875,128409,132128,-0.3662109375,0,0.244140625,99,386.4,"0",full
7a09a483-c77d-4a34-9750-25b7aeca6add,c9549b4e-052f-421d-b8f7-e4aa2078007e,2026-04-29T12:52:36.570Z,66,,32.751678466796875,50.06842041015625,32.59504699707031,100290.609375,32.28123474121094,100440.71875,46.31976318359375,100350.015625,18.805700302124023,0,0.032470703125,0.983642578125,-0.19482421875,128191,131958,-0.3662109375,0,0.244140625,99,386.4,"0",full
7a09a483-c77d-4a34-9750-25b7aeca6add,c9549b4e-052f-421d-b8f7-e4aa2078007e,2026-04-29T12:52:36.571Z,66,,32.751678466796875,50.06842041015625,32.594818115234375,100266.609375,32.28251647949219,100439.984375,46.31976318359375,100350.015625,18.805700302124023,0,0.015625,1.018310546875,-0.201416015625,128191,131958,-0.42724609375,1.15966796875,-0.06103515625,99,386.4,"0",full
7a09a483-c77d-4a34-9750-25b7aeca6add,c9549b4e-052f-421d-b8f7-e4aa2078007e,2026-04-29T12:52:36.666Z,66,,32.751678466796875,50.06842041015625,32.594818115234375,100266.609375,32.28251647949219,100439.984375,46.319793701171875,100350,18.805700302124023,0,0.015625,1.018310546875,-0.201416015625,128191,131958,-0.42724609375,1.15966796875,-0.06103515625,99,386.4,"0",full
7a09a483-c77d-4a34-9750-25b7aeca6add,c9549b4e-052f-421d-b8f7-e4aa2078007e,2026-04-29T12:52:36.750Z,66,,32.751678466796875,50.06842041015625,32.592681884765625,100221.953125,32.282958984375,100438.671875,46.31925964355469,100350,18.805700302124023,0,0.028564453125,0.982666015625,-0.186767578125,128191,131958,-1.77001953125,0.48828125,3.2958984375,99,386.4,"0",full
7a09a483-c77d-4a34-9750-25b7aeca6add,c9549b4e-052f-421d-b8f7-e4aa2078007e,2026-04-29T12:52:36.825Z,66,,32.783851623535156,51.77740478515625,32.593048095703125,100215.453125,32.282958984375,100438.671875,46.31813049316406,100349.96875,18.837739944458008,0,0.028564453125,0.982666015625,-0.186767578125,128023,131802,-1.77001953125,0.48828125,3.2958984375,99,386.4,"0",full
7a09a483-c77d-4a34-9750-25b7aeca6add,c9549b4e-052f-421d-b8f7-e4aa2078007e,2026-04-29T12:52:36.840Z,66,,32.783851623535156,51.77740478515625,32.596588134765625,100191.875,32.28340148925781,100438.453125,46.31813049316406,100349.96875,18.837739944458008,0,0.016357421875,1.01513671875,-0.221923828125,128023,131802,-3.662109375,2.44140625,4.150390625,99,386.4,"0",full
7a09a483-c77d-4a34-9750-25b7aeca6add,c9549b4e-052f-421d-b8f7-e4aa2078007e,2026-04-29T12:52:36.946Z,66,,32.783851623535156,51.77740478515625,32.596588134765625,100191.875,32.28340148925781,100438.453125,46.31671142578125,100350.015625,18.837739944458008,0,0.016357421875,1.01513671875,-0.221923828125,128023,131802,-3.662109375,2.44140625,4.150390625,99,386.4,"0",full
7a09a483-c77d-4a34-9750-25b7aeca6add,c9549b4e-052f-421d-b8f7-e4aa2078007e,2026-04-29T12:52:36.976Z,66,,32.783851623535156,51.77740478515625,32.595458984375,100156.0625,32.28407287597656,100438.359375,46.31608581542969,100350.0625,18.837739944458008,0,-0.01171875,0.947021484375,-0.167724609375,128023,131802,3.84521484375,-1.46484375,-5.92041015625,99,386.4,"0",full
7a09a483-c77d-4a34-9750-25b7aeca6add,c9549b4e-052f-421d-b8f7-e4aa2078007e,2026-04-29T12:52:37.004Z,66,,32.76240539550781,54.82916259765625,32.595458984375,100156.0625,32.28303527832031,100438.359375,46.31459045410156,100350.0625,18.862659454345703,0,-0.003173828125,0.974609375,-0.194580078125,127739,131567,-0.06103515625,-0.54931640625,-0.54931640625,99,386.4,"0",full
7a09a483-c77d-4a34-9750-25b7aeca6add,c9549b4e-052f-421d-b8f7-e4aa2078007e,2026-04-29T12:52:37.095Z,66,,32.76240539550781,54.82916259765625,32.595458984375,100156.0625,32.28303527832031,100438.359375,46.31263732910156,100350.03125,18.862659454345703,0,-0.003173828125,0.974609375,-0.194580078125,127739,131567,-0.06103515625,-0.54931640625,-0.54931640625,99,386.4,"0",full
7a09a483-c77d-4a34-9750-25b7aeca6add,c9549b4e-052f-421d-b8f7-e4aa2078007e,2026-04-29T12:52:37.216Z,66,,32.76240539550781,54.82916259765625,32.595458984375,100156.0625,32.28303527832031,100438.359375,46.30949401855469,100350.078125,18.862659454345703,0,-0.003173828125,0.974609375,-0.194580078125,127739,131567,-0.06103515625,-0.54931640625,-0.54931640625,99,386.4,"0",full
7a09a483-c77d-4a34-9750-25b7aeca6add,c9549b4e-052f-421d-b8f7-e4aa2078007e,2026-04-29T12:52:37.260Z,66,,32.76240539550781,54.82916259765625,32.59574890136719,100132.234375,32.28498840332031,100438.0625,46.30873107910156,100350.140625,18.862659454345703,0,-0.029052734375,1.05322265625,-0.2978515625,127739,131567,-6.77490234375,6.7138671875,8.97216796875,99,386.4,"0",full
7a09a483-c77d-4a34-9750-25b7aeca6add,c9549b4e-052f-421d-b8f7-e4aa2078007e,2026-04-29T12:52:37.275Z,66,,32.76240539550781,56.408447265625,32.59468078613281,100130.375,32.284332275390625,100437.984375,46.30873107910156,100350.140625,19.0922794342041,0,-0.029052734375,1.05322265625,-0.2978515625,127580,131456,-6.77490234375,6.7138671875,8.97216796875,99,386.4,"0",full
7a09a483-c77d-4a34-9750-25b7aeca6add,c9549b4e-052f-421d-b8f7-e4aa2078007e,2026-04-29T12:52:37.365Z,66,,32.76240539550781,56.408447265625,32.59468078613281,100130.375,32.284332275390625,100437.984375,46.30804443359375,100350.171875,19.0922794342041,0,-0.029052734375,1.05322265625,-0.2978515625,127580,131456,-6.77490234375,6.7138671875,8.97216796875,99,386.4,"0",full
7a09a483-c77d-4a34-9750-25b7aeca6add,c9549b4e-052f-421d-b8f7-e4aa2078007e,2026-04-29T12:52:37.395Z,66,,32.76240539550781,56.408447265625,32.59608459472656,100126.5,32.28462219238281,100438.109375,46.30804443359375,100350.171875,19.0922794342041,0,-0.040283203125,0.921630859375,-0.184326171875,127580,131456,5.2490234375,-4.08935546875,-6.103515625,99,386.4,"0",full
7a09a483-c77d-4a34-9750-25b7aeca6add,c9549b4e-052f-421d-b8f7-e4aa2078007e,2026-04-29T12:52:37.570Z,64,,32.76240539550781,56.408447265625,32.59608459472656,100126.5,32.28462219238281,100438.109375,46.30674743652344,100350.234375,19.0922794342041,0,-0.040283203125,0.921630859375,-0.184326171875,127580,131456,5.2490234375,-4.08935546875,-6.103515625,99,386.4,"0",full
7a09a483-c77d-4a34-9750-25b7aeca6add,c9549b4e-052f-421d-b8f7-e4aa2078007e,2026-04-29T12:52:37.571Z,64,,32.783851623535156,57.96484375,32.59590148925781,100127.890625,32.282562255859375,100438.546875,46.30567932128906,100350.234375,18.89113998413086,0,-0.043212890625,0.955322265625,-0.233642578125,127473,131376,-2.38037109375,3.47900390625,2.8076171875,99,386.4,"0",full
7a09a483-c77d-4a34-9750-25b7aeca6add,c9549b4e-052f-421d-b8f7-e4aa2078007e,2026-04-29T12:52:37.635Z,64,,32.783851623535156,57.96484375,32.59590148925781,100127.890625,32.282562255859375,100438.546875,46.3067626953125,100350.234375,18.89113998413086,0,-0.043212890625,0.955322265625,-0.233642578125,127473,131376,-2.38037109375,3.47900390625,2.8076171875,99,386.4,"0",full
7a09a483-c77d-4a34-9750-25b7aeca6add,c9549b4e-052f-421d-b8f7-e4aa2078007e,2026-04-29T12:52:37.664Z,64,,32.783851623535156,57.96484375,32.595703125,100133.09375,32.28422546386719,100439.03125,46.3067626953125,100350.234375,18.89113998413086,0,-0.00244140625,1.01220703125,-0.23681640625,127473,131376,-0.42724609375,-2.13623046875,-1.52587890625,99,386.4,"0",full
7a09a483-c77d-4a34-9750-25b7aeca6add,c9549b4e-052f-421d-b8f7-e4aa2078007e,2026-04-29T12:52:37.740Z,64,,32.783851623535156,57.96484375,32.595703125,100133.09375,32.28422546386719,100439.03125,46.30482482910156,100350.28125,18.89113998413086,0,-0.00244140625,1.01220703125,-0.23681640625,127473,131376,-0.42724609375,-2.13623046875,-1.52587890625,99,386.4,"0",full
7a09a483-c77d-4a34-9750-25b7aeca6add,c9549b4e-052f-421d-b8f7-e4aa2078007e,2026-04-29T12:52:37.815Z,64,,32.783851623535156,57.96484375,32.59550476074219,100146.046875,32.28245544433594,100439.578125,46.304107666015625,100350.3125,18.89113998413086,0,-0.02880859375,1.060791015625,-0.310546875,127473,131376,-7.01904296875,3.72314453125,4.94384765625,99,386.4,"0",full
7a09a483-c77d-4a34-9750-25b7aeca6add,c9549b4e-052f-421d-b8f7-e4aa2078007e,2026-04-29T12:52:37.920Z,64,,32.77312469482422,58.32342529296875,32.59519958496094,100148.171875,32.28215026855469,100439.65625,46.30445861816406,100350.28125,18.862659454345703,0,-0.025634765625,1.057373046875,-0.32373046875,127032,131037,-8.11767578125,5.859375,7.2021484375,99,386.4,"0",full
7a09a483-c77d-4a34-9750-25b7aeca6add,c9549b4e-052f-421d-b8f7-e4aa2078007e,2026-04-29T12:52:38.025Z,64,,32.77312469482422,58.32342529296875,32.59519958496094,100148.171875,32.28215026855469,100439.65625,46.305389404296875,100350.3125,18.862659454345703,0,-0.025634765625,1.057373046875,-0.32373046875,127032,131037,-8.11767578125,5.859375,7.2021484375,99,386.4,"0",full
7a09a483-c77d-4a34-9750-25b7aeca6add,c9549b4e-052f-421d-b8f7-e4aa2078007e,2026-04-29T12:52:38.085Z,64,,32.77312469482422,58.32342529296875,32.59979248046875,100174.859375,32.281646728515625,100440.5,46.30372619628906,100350.34375,18.862659454345703,0,0.064697265625,1.083740234375,-0.2470703125,127032,131037,-20.20263671875,19.4091796875,28.50341796875,99,386.4,"0",full
7a09a483-c77d-4a34-9750-25b7aeca6add,c9549b4e-052f-421d-b8f7-e4aa2078007e,2026-04-29T12:52:38.099Z,64,,32.77312469482422,57.9801025390625,32.59979248046875,100174.859375,32.280853271484375,100440.578125,46.30372619628906,100350.34375,18.83418083190918,0,0.064697265625,1.083740234375,-0.2470703125,127047,131011,-20.20263671875,19.4091796875,28.50341796875,99,386.4,"0",full
7a09a483-c77d-4a34-9750-25b7aeca6add,c9549b4e-052f-421d-b8f7-e4aa2078007e,2026-04-29T12:52:38.176Z,64,,32.77312469482422,57.9801025390625,32.59979248046875,100174.859375,32.280853271484375,100440.578125,46.299163818359375,100350.34375,18.83418083190918,0,0.064697265625,1.083740234375,-0.2470703125,127047,131011,-20.20263671875,19.4091796875,28.50341796875,99,386.4,"0",full
7a09a483-c77d-4a34-9750-25b7aeca6add,c9549b4e-052f-421d-b8f7-e4aa2078007e,2026-04-29T12:52:38.221Z,64,,32.77312469482422,57.9801025390625,32.59580993652344,100183.96875,32.283233642578125,100440.921875,46.299163818359375,100350.34375,18.83418083190918,0,-0.069580078125,0.978515625,-0.247802734375,127047,131011,3.84521484375,-5.31005859375,-8.1787109375,99,386.4,"0",full
7a09a483-c77d-4a34-9750-25b7aeca6add,c9549b4e-052f-421d-b8f7-e4aa2078007e,2026-04-29T12:52:38.295Z,64,,32.77312469482422,57.9801025390625,32.59580993652344,100183.96875,32.283233642578125,100440.921875,46.29632568359375,100350.40625,18.83418083190918,0,-0.069580078125,0.978515625,-0.247802734375,127047,131011,3.84521484375,-5.31005859375,-8.1787109375,99,386.4,"0",full
7a09a483-c77d-4a34-9750-25b7aeca6add,c9549b4e-052f-421d-b8f7-e4aa2078007e,2026-04-29T12:52:38.369Z,64,,32.77312469482422,57.9801025390625,32.59283447265625,100195.859375,32.28070068359375,100441.5,46.29597473144531,100350.4375,18.83418083190918,0,-0.0244140625,0.888671875,-0.141357421875,127047,131011,10.92529296875,1.220703125,-9.521484375,99,386.4,"0",full
7a09a483-c77d-4a34-9750-25b7aeca6add,c9549b4e-052f-421d-b8f7-e4aa2078007e,2026-04-29T12:52:38.460Z,64,,32.76240539550781,57.5223388671875,32.59283447265625,100195.859375,32.28070068359375,100441.5,46.29570007324219,100350.5,18.798580169677734,0,-0.083984375,0.849609375,-0.139892578125,126948,130932,17.578125,-4.82177734375,-20.5078125,99,386.4,"0",full
7a09a483-c77d-4a34-9750-25b7aeca6add,c9549b4e-052f-421d-b8f7-e4aa2078007e,2026-04-29T12:52:38.576Z,63,,32.76240539550781,57.5223388671875,32.59162902832031,100202.484375,32.28211975097656,100441.765625,46.29444885253906,100350.5,18.798580169677734,0,0.016845703125,1.11474609375,-0.30078125,126948,130932,-10.43701171875,-0.06103515625,9.82666015625,99,386.4,"0",full
7a09a483-c77d-4a34-9750-25b7aeca6add,c9549b4e-052f-421d-b8f7-e4aa2078007e,2026-04-29T12:52:38.577Z,63,,32.76240539550781,57.5223388671875,32.59162902832031,100202.484375,32.28211975097656,100441.765625,46.29254150390625,100350.46875,18.798580169677734,0,0.016845703125,1.11474609375,-0.30078125,126948,130932,-10.43701171875,-0.06103515625,9.82666015625,99,386.4,"0",full
7a09a483-c77d-4a34-9750-25b7aeca6add,c9549b4e-052f-421d-b8f7-e4aa2078007e,2026-04-29T12:52:38.623Z,63,,32.76240539550781,57.5223388671875,32.59428405761719,100212.5,32.28309631347656,100442.15625,46.29124450683594,100350.46875,18.798580169677734,0,-0.044677734375,0.949951171875,-0.23779296875,126948,130932,4.94384765625,-5.9814453125,-9.46044921875,99,386.4,"0",full
7a09a483-c77d-4a34-9750-25b7aeca6add,c9549b4e-052f-421d-b8f7-e4aa2078007e,2026-04-29T12:52:38.639Z,63,,32.76240539550781,56.7899169921875,32.59428405761719,100212.5,32.28269958496094,100442.21875,46.29124450683594,100350.46875,18.89113998413086,0,-0.014892578125,0.970458984375,-0.26904296875,126734,130728,-0.42724609375,-3.47900390625,-2.01416015625,99,386.4,"0",full
7a09a483-c77d-4a34-9750-25b7aeca6add,c9549b4e-052f-421d-b8f7-e4aa2078007e,2026-04-29T12:52:38.745Z,63,,32.76240539550781,56.7899169921875,32.59428405761719,100212.5,32.28269958496094,100442.21875,46.29261779785156,100350.59375,18.89113998413086,0,-0.014892578125,0.970458984375,-0.26904296875,126734,130728,-0.42724609375,-3.47900390625,-2.01416015625,99,386.4,"0",full
7a09a483-c77d-4a34-9750-25b7aeca6add,c9549b4e-052f-421d-b8f7-e4aa2078007e,2026-04-29T12:52:38.773Z,63,,32.76240539550781,56.7899169921875,32.5950927734375,100217,32.283477783203125,100442.375,46.29261779785156,100350.59375,18.89113998413086,0,0.0478515625,0.9482421875,-0.176513671875,126734,130728,-0.06103515625,0.1220703125,4.69970703125,99,386.4,"0",full
7a09a483-c77d-4a34-9750-25b7aeca6add,c9549b4e-052f-421d-b8f7-e4aa2078007e,2026-04-29T12:52:38.834Z,63,,32.76240539550781,56.7899169921875,32.5950927734375,100217,32.283477783203125,100442.375,46.28977966308594,100350.578125,18.89113998413086,0,0.0478515625,0.9482421875,-0.176513671875,126734,130728,-0.06103515625,0.1220703125,4.69970703125,99,386.4,"0",full
7a09a483-c77d-4a34-9750-25b7aeca6add,c9549b4e-052f-421d-b8f7-e4aa2078007e,2026-04-29T12:52:38.895Z,63,,32.76240539550781,56.7899169921875,32.59394836425781,100222.359375,32.28009033203125,100442.625,46.28962707519531,100350.578125,18.89113998413086,0,0.0234375,0.996337890625,-0.2646484375,126734,130728,-8.9111328125,6.04248046875,7.080078125,99,386.4,"0",full
7a09a483-c77d-4a34-9750-25b7aeca6add,c9549b4e-052f-421d-b8f7-e4aa2078007e,2026-04-29T12:52:38.925Z,63,,32.751678466796875,56.07275390625,32.59321594238281,100223.09375,32.28009033203125,100442.625,46.289947509765625,100350.5625,18.805700302124023,0,0.0234375,0.996337890625,-0.2646484375,126570,130574,-8.9111328125,6.04248046875,7.080078125,99,386.4,"0",full
7a09a483-c77d-4a34-9750-25b7aeca6add,c9549b4e-052f-421d-b8f7-e4aa2078007e,2026-04-29T12:52:39.000Z,63,,32.751678466796875,56.07275390625,32.59321594238281,100223.09375,32.28009033203125,100442.625,46.28929138183594,100350.609375,18.805700302124023,0,0.0234375,0.996337890625,-0.2646484375,126570,130574,-8.9111328125,6.04248046875,7.080078125,99,386.4,"0",full
7a09a483-c77d-4a34-9750-25b7aeca6add,c9549b4e-052f-421d-b8f7-e4aa2078007e,2026-04-29T12:52:39.135Z,63,,32.751678466796875,56.07275390625,32.59321594238281,100223.09375,32.28009033203125,100442.625,46.28739929199219,100350.59375,18.805700302124023,0,0.0234375,0.996337890625,-0.2646484375,126570,130574,-8.9111328125,6.04248046875,7.080078125,99,386.4,"0",full
7a09a483-c77d-4a34-9750-25b7aeca6add,c9549b4e-052f-421d-b8f7-e4aa2078007e,2026-04-29T12:52:39.165Z,63,,32.751678466796875,56.07275390625,32.591400146484375,100229.671875,32.28163146972656,100443.15625,46.28773498535156,100350.578125,18.805700302124023,0,-0.0068359375,0.96240234375,-0.236572265625,126570,130574,0.79345703125,-1.0986328125,-1.708984375,99,386.4,"0",full
7a09a483-c77d-4a34-9750-25b7aeca6add,c9549b4e-052f-421d-b8f7-e4aa2078007e,2026-04-29T12:52:39.179Z,63,,32.751678466796875,55.4776611328125,32.591339111328125,100230.21875,32.28163146972656,100443.15625,46.28639221191406,100350.5625,18.976579666137695,0,-0.0478515625,0.95263671875,-0.28515625,126498,130528,-0.3662109375,-1.5869140625,-1.0986328125,99,386.4,"0",full
7a09a483-c77d-4a34-9750-25b7aeca6add,c9549b4e-052f-421d-b8f7-e4aa2078007e,2026-04-29T12:52:39.316Z,63,,32.751678466796875,55.4776611328125,32.591339111328125,100230.21875,32.28163146972656,100443.15625,46.285736083984375,100350.59375,18.976579666137695,0,-0.0478515625,0.95263671875,-0.28515625,126498,130528,-0.3662109375,-1.5869140625,-1.0986328125,99,386.4,"0",full
7a09a483-c77d-4a34-9750-25b7aeca6add,c9549b4e-052f-421d-b8f7-e4aa2078007e,2026-04-29T12:52:39.374Z,63,,32.751678466796875,55.4776611328125,32.59013366699219,100232.828125,32.28106689453125,100443.421875,46.28436279296875,100350.671875,18.976579666137695,0,-0.017333984375,0.977294921875,-0.275146484375,126498,130528,-3.7841796875,1.15966796875,5.0048828125,99,386.4,"0",full
7a09a483-c77d-4a34-9750-25b7aeca6add,c9549b4e-052f-421d-b8f7-e4aa2078007e,2026-04-29T12:52:39.435Z,63,,32.751678466796875,55.4776611328125,32.59150695800781,100240.15625,32.28077697753906,100444.015625,46.2823486328125,100350.703125,18.976579666137695,0,-0.044921875,0.9609375,-0.2841796875,126498,130528,1.64794921875,-2.62451171875,-2.44140625,99,386.4,"0",full
7a09a483-c77d-4a34-9750-25b7aeca6add,c9549b4e-052f-421d-b8f7-e4aa2078007e,2026-04-29T12:52:39.464Z,63,,32.77312469482422,55.187744140625,32.59150695800781,100240.15625,32.280975341796875,100444.125,46.2823486328125,100350.703125,18.83418083190918,0,-0.03173828125,1.009521484375,-0.282470703125,126325,130426,0.1220703125,-1.708984375,0.06103515625,99,386.4,"0",full
7a09a483-c77d-4a34-9750-25b7aeca6add,c9549b4e-052f-421d-b8f7-e4aa2078007e,2026-04-29T12:52:39.631Z,62,,32.77312469482422,55.187744140625,32.59150695800781,100240.15625,32.280975341796875,100444.125,46.280517578125,100350.65625,18.83418083190918,0,-0.03173828125,1.009521484375,-0.282470703125,126325,130426,0.1220703125,-1.708984375,0.06103515625,99,386.4,"0",full
7a09a483-c77d-4a34-9750-25b7aeca6add,c9549b4e-052f-421d-b8f7-e4aa2078007e,2026-04-29T12:52:39.632Z,62,,32.77312469482422,55.187744140625,32.59149169921875,100247.34375,32.279327392578125,100444.53125,46.280517578125,100350.65625,18.83418083190918,0,-0.052978515625,0.98583984375,-0.282958984375,126325,130426,0.244140625,-0.732421875,0.91552734375,99,386.4,"0",full
7a09a483-c77d-4a34-9750-25b7aeca6add,c9549b4e-052f-421d-b8f7-e4aa2078007e,2026-04-29T12:52:39.690Z,62,,32.77312469482422,55.187744140625,32.59149169921875,100247.34375,32.279327392578125,100444.53125,46.27964782714844,100350.671875,18.83418083190918,0,-0.052978515625,0.98583984375,-0.282958984375,126325,130426,0.244140625,-0.732421875,0.91552734375,99,386.4,"0",full
7a09a483-c77d-4a34-9750-25b7aeca6add,c9549b4e-052f-421d-b8f7-e4aa2078007e,2026-04-29T12:52:39.718Z,62,,32.77312469482422,55.187744140625,32.59175109863281,100264.0625,32.2802734375,100445.65625,46.27897644042969,100350.671875,18.83418083190918,0,-0.051513671875,0.974853515625,-0.27587890625,126325,130426,4.7607421875,-0.91552734375,-1.28173828125,99,386.4,"0",full
7a09a483-c77d-4a34-9750-25b7aeca6add,c9549b4e-052f-421d-b8f7-e4aa2078007e,2026-04-29T12:52:39.720Z,62,,32.76240539550781,54.32562255859375,32.591644287109375,100267.140625,32.2802734375,100445.65625,46.27876281738281,100350.671875,18.89113998413086,0,-0.051513671875,0.974853515625,-0.27587890625,125970,130183,4.7607421875,-0.91552734375,-1.28173828125,99,386.4,"0",full
7a09a483-c77d-4a34-9750-25b7aeca6add,c9549b4e-052f-421d-b8f7-e4aa2078007e,2026-04-29T12:52:39.825Z,62,,32.76240539550781,54.32562255859375,32.591644287109375,100267.140625,32.2802734375,100445.65625,46.27699279785156,100350.65625,18.89113998413086,0,-0.051513671875,0.974853515625,-0.27587890625,125970,130183,4.7607421875,-0.91552734375,-1.28173828125,99,386.4,"0",full
7a09a483-c77d-4a34-9750-25b7aeca6add,c9549b4e-052f-421d-b8f7-e4aa2078007e,2026-04-29T12:52:39.853Z,62,,32.76240539550781,54.32562255859375,32.590545654296875,100285,32.27970886230469,100446.453125,46.276580810546875,100350.6875,18.89113998413086,0,-0.012451171875,0.97314453125,-0.2373046875,125970,130183,2.5634765625,2.13623046875,2.99072265625,99,386.4,"0",full
7a09a483-c77d-4a34-9750-25b7aeca6add,c9549b4e-052f-421d-b8f7-e4aa2078007e,2026-04-29T12:52:39.914Z,62,,32.76240539550781,54.32562255859375,32.590545654296875,100285,32.27970886230469,100446.453125,46.27496337890625,100350.671875,18.89113998413086,0,-0.012451171875,0.97314453125,-0.2373046875,125970,130183,2.5634765625,2.13623046875,2.99072265625,99,386.4,"0",full
7a09a483-c77d-4a34-9750-25b7aeca6add,c9549b4e-052f-421d-b8f7-e4aa2078007e,2026-04-29T12:52:39.975Z,62,,32.76240539550781,54.32562255859375,32.589080810546875,100315.125,32.279449462890625,100447.734375,46.27557373046875,100350.703125,18.89113998413086,0,-0.02197265625,0.97802734375,-0.239013671875,125970,130183,3.0517578125,-1.220703125,-2.74658203125,99,386.4,"0",full
7a09a483-c77d-4a34-9750-25b7aeca6add,c9549b4e-052f-421d-b8f7-e4aa2078007e,2026-04-29T12:52:40.005Z,62,,32.74095153808594,52.15887451171875,32.589080810546875,100315.125,32.280059814453125,100447.90625,46.27557373046875,100350.703125,18.98904037475586,0,-0.01123046875,0.988037109375,-0.238525390625,117283,124555,2.86865234375,-1.52587890625,-2.197265625,99,386.4,"0",full
7a09a483-c77d-4a34-9750-25b7aeca6add,c9549b4e-052f-421d-b8f7-e4aa2078007e,2026-04-29T12:52:40.095Z,62,,32.74095153808594,52.15887451171875,32.589080810546875,100315.125,32.280059814453125,100447.90625,46.27366638183594,100350.6875,18.98904037475586,0,-0.01123046875,0.988037109375,-0.238525390625,117283,124555,2.86865234375,-1.52587890625,-2.197265625,99,386.4,"0",full
7a09a483-c77d-4a34-9750-25b7aeca6add,c9549b4e-052f-421d-b8f7-e4aa2078007e,2026-04-29T12:52:40.200Z,62,,32.74095153808594,52.15887451171875,32.589080810546875,100315.125,32.280059814453125,100447.90625,46.27325439453125,100350.6875,18.98904037475586,0,-0.01123046875,0.988037109375,-0.238525390625,117283,124555,2.86865234375,-1.52587890625,-2.197265625,99,386.4,"0",full
7a09a483-c77d-4a34-9750-25b7aeca6add,c9549b4e-052f-421d-b8f7-e4aa2078007e,2026-04-29T12:52:40.279Z,62,,32.74095153808594,52.15887451171875,32.58544921875,100367.703125,32.277130126953125,100450.140625,46.27046203613281,100350.671875,18.98904037475586,0,-0.04931640625,1.140625,-0.367431640625,117283,124555,-2.38037109375,1.708984375,4.39453125,99,386.4,"0",full
7a09a483-c77d-4a34-9750-25b7aeca6add,c9549b4e-052f-421d-b8f7-e4aa2078007e,2026-04-29T12:52:40.364Z,62,,32.74095153808594,49.06134033203125,32.584320068359375,100371.671875,32.277740478515625,100450.375,46.2694091796875,100350.6875,19.035320281982422,0,-0.04931640625,1.140625,-0.367431640625,117070,124469,-2.38037109375,1.708984375,4.39453125,99,386.4,"0",full
7a09a483-c77d-4a34-9750-25b7aeca6add,c9549b4e-052f-421d-b8f7-e4aa2078007e,2026-04-29T12:52:40.393Z,62,,32.74095153808594,49.06134033203125,32.58427429199219,100390.4375,32.27772521972656,100451.359375,46.2694091796875,100350.6875,19.035320281982422,0,-0.004150390625,0.923095703125,-0.150146484375,117070,124469,27.40478515625,-12.87841796875,-38.14697265625,99,386.4,"0",full
7a09a483-c77d-4a34-9750-25b7aeca6add,c9549b4e-052f-421d-b8f7-e4aa2078007e,2026-04-29T12:52:40.484Z,62,,32.74095153808594,49.06134033203125,32.58427429199219,100390.4375,32.27772521972656,100451.359375,46.268035888671875,100350.671875,19.035320281982422,0,-0.004150390625,0.923095703125,-0.150146484375,117070,124469,27.40478515625,-12.87841796875,-38.14697265625,99,386.4,"0",full
7a09a483-c77d-4a34-9750-25b7aeca6add,c9549b4e-052f-421d-b8f7-e4aa2078007e,2026-04-29T12:52:40.514Z,62,,32.74095153808594,49.06134033203125,32.58387756347656,100414.796875,32.27992248535156,100452.28125,46.268402099609375,100350.65625,19.035320281982422,0,0.00732421875,0.935791015625,-0.202392578125,117070,124469,-0.6103515625,-0.67138671875,0.54931640625,99,386.4,"0",full
7a09a483-c77d-4a34-9750-25b7aeca6add,c9549b4e-052f-421d-b8f7-e4aa2078007e,2026-04-29T12:52:40.638Z,62,,32.730224609375,46.25372314453125,32.58387756347656,100414.796875,32.27992248535156,100452.28125,46.267181396484375,100350.65625,19.263160705566406,0,0.00732421875,0.935791015625,-0.202392578125,116523,124054,-0.6103515625,-0.67138671875,0.54931640625,99,386.4,"0",full
7a09a483-c77d-4a34-9750-25b7aeca6add,c9549b4e-052f-421d-b8f7-e4aa2078007e,2026-04-29T12:52:40.640Z,62,,32.730224609375,46.25372314453125,32.58387756347656,100414.796875,32.27992248535156,100452.28125,46.265411376953125,100350.671875,19.263160705566406,0,0.00732421875,0.935791015625,-0.202392578125,116523,124054,-0.6103515625,-0.67138671875,0.54931640625,99,386.4,"0",full
7a09a483-c77d-4a34-9750-25b7aeca6add,c9549b4e-052f-421d-b8f7-e4aa2078007e,2026-04-29T12:52:40.669Z,62,,32.730224609375,46.25372314453125,32.58418273925781,100424.890625,32.27790832519531,100452.71875,46.264984130859375,100350.703125,19.263160705566406,0,0.0185546875,0.998046875,-0.230712890625,116523,124054,-5.9814453125,3.0517578125,8.97216796875,99,386.4,"0",full
7a09a483-c77d-4a34-9750-25b7aeca6add,c9549b4e-052f-421d-b8f7-e4aa2078007e,2026-04-29T12:52:40.739Z,62,,32.730224609375,46.25372314453125,32.58418273925781,100424.890625,32.27790832519531,100452.71875,46.263458251953125,100350.765625,19.263160705566406,0,0.0185546875,0.998046875,-0.230712890625,116523,124054,-5.9814453125,3.0517578125,8.97216796875,99,386.4,"0",full
7a09a483-c77d-4a34-9750-25b7aeca6add,c9549b4e-052f-421d-b8f7-e4aa2078007e,2026-04-29T12:52:40.799Z,62,,32.730224609375,46.25372314453125,32.58317565917969,100404.4375,32.27735900878906,100452.953125,46.261993408203125,100350.765625,19.263160705566406,0,0.07080078125,1.0078125,-0.219970703125,116523,124054,0,-4.5166015625,-3.47900390625,99,386.4,"0",full
7a09a483-c77d-4a34-9750-25b7aeca6add,c9549b4e-052f-421d-b8f7-e4aa2078007e,2026-04-29T12:52:40.825Z,62,,32.74095153808594,44.506591796875,32.583160400390625,100399.25,32.27748107910156,100452.921875,46.261993408203125,100350.765625,19.263160705566406,0,0.078369140625,0.972900390625,-0.201416015625,116620,124087,1.77001953125,-3.96728515625,-5.43212890625,99,386.4,"0",full
7a09a483-c77d-4a34-9750-25b7aeca6add,c9549b4e-052f-421d-b8f7-e4aa2078007e,2026-04-29T12:52:40.920Z,62,,32.74095153808594,44.506591796875,32.583160400390625,100399.25,32.27748107910156,100452.921875,46.26042175292969,100350.765625,19.263160705566406,0,0.078369140625,0.972900390625,-0.201416015625,116620,124087,1.77001953125,-3.96728515625,-5.43212890625,99,386.4,"0",full
7a09a483-c77d-4a34-9750-25b7aeca6add,c9549b4e-052f-421d-b8f7-e4aa2078007e,2026-04-29T12:52:41.054Z,62,,32.74095153808594,44.506591796875,32.583160400390625,100399.25,32.27748107910156,100452.921875,46.25767517089844,100350.734375,19.263160705566406,0,0.078369140625,0.972900390625,-0.201416015625,116620,124087,1.77001953125,-3.96728515625,-5.43212890625,99,386.4,"0",full
7a09a483-c77d-4a34-9750-25b7aeca6add,c9549b4e-052f-421d-b8f7-e4aa2078007e,2026-04-29T12:52:41.085Z,62,,32.76240539550781,45.65863037109375,32.582305908203125,100324.3125,32.27766418457031,100450.703125,46.25798034667969,100350.734375,19.3770809173584,0,0.01123046875,0.98193359375,-0.2333984375,116841,124291,1.15966796875,-0.732421875,-0.6103515625,99,386.4,"0",full
7a09a483-c77d-4a34-9750-25b7aeca6add,c9549b4e-052f-421d-b8f7-e4aa2078007e,2026-04-29T12:52:41.176Z,62,,32.76240539550781,45.65863037109375,32.582305908203125,100324.3125,32.27766418457031,100450.703125,46.256195068359375,100350.734375,19.3770809173584,0,0.01123046875,0.98193359375,-0.2333984375,116841,124291,1.15966796875,-0.732421875,-0.6103515625,99,386.4,"0",full
7a09a483-c77d-4a34-9750-25b7aeca6add,c9549b4e-052f-421d-b8f7-e4aa2078007e,2026-04-29T12:52:41.205Z,62,,32.76240539550781,45.65863037109375,32.583709716796875,100294.078125,32.27833557128906,100449.59375,46.256195068359375,100350.734375,19.3770809173584,0,0.029541015625,0.9853515625,-0.2236328125,116841,124291,-0.732421875,-0.91552734375,1.28173828125,99,386.4,"0",full
7a09a483-c77d-4a34-9750-25b7aeca6add,c9549b4e-052f-421d-b8f7-e4aa2078007e,2026-04-29T12:52:41.279Z,62,,32.76240539550781,45.65863037109375,32.583709716796875,100294.078125,32.27833557128906,100449.59375,46.25465393066406,100350.78125,19.3770809173584,0,0.029541015625,0.9853515625,-0.2236328125,116841,124291,-0.732421875,-0.91552734375,1.28173828125,99,386.4,"0",full
7a09a483-c77d-4a34-9750-25b7aeca6add,c9549b4e-052f-421d-b8f7-e4aa2078007e,2026-04-29T12:52:41.339Z,62,,32.76240539550781,45.65863037109375,32.58613586425781,100251.6875,32.27723693847656,100447.796875,46.2535400390625,100350.828125,19.3770809173584,0,0.01904296875,0.96875,-0.223876953125,116841,124291,0.1220703125,-0.244140625,0.06103515625,99,386.4,"0",full
7a09a483-c77d-4a34-9750-25b7aeca6add,c9549b4e-052f-421d-b8f7-e4aa2078007e,2026-04-29T12:52:41.354Z,62,,32.76240539550781,48.49676513671875,32.586181640625,100245.765625,32.27723693847656,100447.796875,46.2535400390625,100350.828125,19.462520599365234,0,0.01904296875,0.96875,-0.223876953125,116867,124301,0.1220703125,-0.244140625,0.06103515625,99,386.4,"0",full
7a09a483-c77d-4a34-9750-25b7aeca6add,c9549b4e-052f-421d-b8f7-e4aa2078007e,2026-04-29T12:52:41.460Z,62,,32.76240539550781,48.49676513671875,32.586181640625,100245.765625,32.27723693847656,100447.796875,46.253082275390625,100350.796875,19.462520599365234,0,0.01904296875,0.96875,-0.223876953125,116867,124301,0.1220703125,-0.244140625,0.06103515625,99,386.4,"0",full
7a09a483-c77d-4a34-9750-25b7aeca6add,c9549b4e-052f-421d-b8f7-e4aa2078007e,2026-04-29T12:52:41.493Z,62,,32.76240539550781,48.49676513671875,32.58699035644531,100217.546875,32.278289794921875,100446.40625,46.253082275390625,100350.796875,19.462520599365234,0,0.09814453125,0.98046875,-0.1669921875,116867,124301,4.57763671875,0.48828125,-3.47900390625,99,386.4,"0",full
7a09a483-c77d-4a34-9750-25b7aeca6add,c9549b4e-052f-421d-b8f7-e4aa2078007e,2026-04-29T12:52:41.651Z,69,,32.76240539550781,48.49676513671875,32.58699035644531,100217.546875,32.278289794921875,100446.40625,46.25245666503906,100350.765625,19.462520599365234,0,0.09814453125,0.98046875,-0.1669921875,116867,124301,4.57763671875,0.48828125,-3.47900390625,99,386.4,"0",full
7a09a483-c77d-4a34-9750-25b7aeca6add,c9549b4e-052f-421d-b8f7-e4aa2078007e,2026-04-29T12:52:41.652Z,69,,32.76240539550781,48.49676513671875,32.587127685546875,100182.765625,32.27915954589844,100444.5625,46.25163269042969,100350.765625,19.462520599365234,0,0.055908203125,1.024169921875,-0.242431640625,116867,124301,-8.544921875,9.8876953125,14.83154296875,99,386.4,"0",full
7a09a483-c77d-4a34-9750-25b7aeca6add,c9549b4e-052f-421d-b8f7-e4aa2078007e,2026-04-29T12:52:41.714Z,69,,32.751678466796875,51.7392578125,32.587127685546875,100182.765625,32.27915954589844,100444.5625,46.249725341796875,100350.75,19.54796028137207,0,0.0849609375,0.99609375,-0.193359375,116979,124402,-7.01904296875,7.8125,12.39013671875,99,386.4,"0",full
7a09a483-c77d-4a34-9750-25b7aeca6add,c9549b4e-052f-421d-b8f7-e4aa2078007e,2026-04-29T12:52:41.745Z,69,,32.751678466796875,51.7392578125,32.59002685546875,100170.546875,32.27812194824219,100444.421875,46.249725341796875,100350.75,19.54796028137207,0,0.013916015625,0.99267578125,-0.244384765625,116979,124402,0.9765625,-5.79833984375,-4.5166015625,99,386.4,"0",full
7a09a483-c77d-4a34-9750-25b7aeca6add,c9549b4e-052f-421d-b8f7-e4aa2078007e,2026-04-29T12:52:41.835Z,69,,32.751678466796875,51.7392578125,32.59002685546875,100170.546875,32.27812194824219,100444.421875,46.24986267089844,100350.78125,19.54796028137207,0,0.013916015625,0.99267578125,-0.244384765625,116979,124402,0.9765625,-5.79833984375,-4.5166015625,99,386.4,"0",full
7a09a483-c77d-4a34-9750-25b7aeca6add,c9549b4e-052f-421d-b8f7-e4aa2078007e,2026-04-29T12:52:41.879Z,69,,32.751678466796875,51.7392578125,32.59089660644531,100174.46875,32.277496337890625,100446.0625,46.25048828125,100350.78125,19.54796028137207,0,0.014892578125,0.954833984375,-0.20751953125,116979,124402,1.220703125,-5.06591796875,-2.197265625,99,386.4,"0",full
7a09a483-c77d-4a34-9750-25b7aeca6add,c9549b4e-052f-421d-b8f7-e4aa2078007e,2026-04-29T12:52:41.894Z,69,,32.76240539550781,53.82208251953125,32.59083557128906,100176.78125,32.27818298339844,100446.40625,46.25019836425781,100350.796875,19.576440811157227,0,-0.003662109375,0.949951171875,-0.22412109375,116820,124317,0.18310546875,-4.638671875,-0.732421875,99,386.4,"0",full
7a09a483-c77d-4a34-9750-25b7aeca6add,c9549b4e-052f-421d-b8f7-e4aa2078007e,2026-04-29T12:52:42.000Z,69,,32.76240539550781,53.82208251953125,32.59083557128906,100176.78125,32.27818298339844,100446.40625,46.24836730957031,100350.796875,19.576440811157227,0,-0.003662109375,0.949951171875,-0.22412109375,116820,124317,0.18310546875,-4.638671875,-0.732421875,99,386.4,"0",full
7a09a483-c77d-4a34-9750-25b7aeca6add,c9549b4e-052f-421d-b8f7-e4aa2078007e,2026-04-29T12:52:42.105Z,69,,32.76240539550781,53.82208251953125,32.59083557128906,100176.78125,32.27818298339844,100446.40625,46.24385070800781,100350.78125,19.576440811157227,0,-0.003662109375,0.949951171875,-0.22412109375,116820,124317,0.18310546875,-4.638671875,-0.732421875,99,386.4,"0",full
7a09a483-c77d-4a34-9750-25b7aeca6add,c9549b4e-052f-421d-b8f7-e4aa2078007e,2026-04-29T12:52:42.194Z,69,,32.76240539550781,53.82208251953125,32.58589172363281,100248.859375,32.27699279785156,100451.53125,46.24249267578125,100350.78125,19.576440811157227,0,0.02392578125,0.9990234375,-0.227294921875,116820,124317,-1.953125,1.8310546875,4.45556640625,99,386.4,"0",full
7a09a483-c77d-4a34-9750-25b7aeca6add,c9549b4e-052f-421d-b8f7-e4aa2078007e,2026-04-29T12:52:42.271Z,69,,32.751678466796875,50.4117431640625,32.58589172363281,100248.859375,32.27699279785156,100451.53125,46.24229431152344,100350.84375,19.54796028137207,0,0.02392578125,0.9990234375,-0.227294921875,116946,124405,-1.953125,1.8310546875,4.45556640625,99,386.4,"0",full
7a09a483-c77d-4a34-9750-25b7aeca6add,c9549b4e-052f-421d-b8f7-e4aa2078007e,2026-04-29T12:52:42.303Z,69,,32.751678466796875,50.4117431640625,32.58583068847656,100289.328125,32.27752685546875,100453.421875,46.24229431152344,100350.84375,19.54796028137207,0,0.017578125,0.967529296875,-0.22265625,116946,124405,0.6103515625,-0.18310546875,-0.54931640625,99,386.4,"0",full
7a09a483-c77d-4a34-9750-25b7aeca6add,c9549b4e-052f-421d-b8f7-e4aa2078007e,2026-04-29T12:52:42.374Z,69,,32.751678466796875,50.4117431640625,32.58583068847656,100289.328125,32.27752685546875,100453.421875,46.24003601074219,100350.75,19.54796028137207,0,0.017578125,0.967529296875,-0.22265625,116946,124405,0.6103515625,-0.18310546875,-0.54931640625,99,386.4,"0",full
7a09a483-c77d-4a34-9750-25b7aeca6add,c9549b4e-052f-421d-b8f7-e4aa2078007e,2026-04-29T12:52:42.435Z,69,,32.751678466796875,50.4117431640625,32.58122253417969,100340.109375,32.2755126953125,100456.015625,46.23878479003906,100350.71875,19.54796028137207,0,0.0107421875,0.990478515625,-0.236572265625,116946,124405,0.9765625,0,-1.220703125,99,386.4,"0",full
7a09a483-c77d-4a34-9750-25b7aeca6add,c9549b4e-052f-421d-b8f7-e4aa2078007e,2026-04-29T12:52:42.464Z,69,,32.74095153808594,46.0477294921875,32.58113098144531,100346.421875,32.27513122558594,100456.3125,46.237823486328125,100350.71875,19.69036102294922,0,0.029541015625,1.014892578125,-0.23291015625,117175,124580,-0.42724609375,0.48828125,0.48828125,99,386.4,"0",full
7a09a483-c77d-4a34-9750-25b7aeca6add,c9549b4e-052f-421d-b8f7-e4aa2078007e,2026-04-29T12:52:42.541Z,69,,32.74095153808594,46.0477294921875,32.58113098144531,100346.421875,32.27513122558594,100456.3125,46.23731994628906,100350.71875,19.69036102294922,0,0.029541015625,1.014892578125,-0.23291015625,117175,124580,-0.42724609375,0.48828125,0.48828125,99,386.4,"0",full
7a09a483-c77d-4a34-9750-25b7aeca6add,c9549b4e-052f-421d-b8f7-e4aa2078007e,2026-04-29T12:52:42.658Z,71,,32.74095153808594,46.0477294921875,32.58050537109375,100368.625,32.27424621582031,100457.328125,46.23731994628906,100350.71875,19.69036102294922,0,0.0185546875,0.966796875,-0.22119140625,117175,124580,1.46484375,-1.28173828125,-1.8310546875,99,386.4,"0",full
7a09a483-c77d-4a34-9750-25b7aeca6add,c9549b4e-052f-421d-b8f7-e4aa2078007e,2026-04-29T12:52:42.704Z,71,,32.74095153808594,46.0477294921875,32.57786560058594,100401.1875,32.27362060546875,100458.578125,46.23529052734375,100350.765625,19.69036102294922,0,0.023193359375,1.00390625,-0.2294921875,117175,124580,-1.3427734375,1.64794921875,3.72314453125,99,386.4,"0",full
7a09a483-c77d-4a34-9750-25b7aeca6add,c9549b4e-052f-421d-b8f7-e4aa2078007e,2026-04-29T12:52:42.720Z,71,,32.74095153808594,42.80523681640625,32.57786560058594,100401.1875,32.2735595703125,100458.71875,46.23529052734375,100350.765625,19.576440811157227,0,0.023193359375,1.00390625,-0.2294921875,117512,124815,-1.3427734375,1.64794921875,3.72314453125,99,386.4,"0",full
7a09a483-c77d-4a34-9750-25b7aeca6add,c9549b4e-052f-421d-b8f7-e4aa2078007e,2026-04-29T12:52:42.839Z,71,,32.74095153808594,42.80523681640625,32.57786560058594,100401.1875,32.2735595703125,100458.71875,46.23222351074219,100350.78125,19.576440811157227,0,0.023193359375,1.00390625,-0.2294921875,117512,124815,-1.3427734375,1.64794921875,3.72314453125,99,386.4,"0",full
7a09a483-c77d-4a34-9750-25b7aeca6add,c9549b4e-052f-421d-b8f7-e4aa2078007e,2026-04-29T12:52:42.914Z,71,,32.74095153808594,42.80523681640625,32.57823181152344,100416.546875,32.27227783203125,100459.1875,46.23051452636719,100350.75,19.576440811157227,0,0.00537109375,1.019775390625,-0.224853515625,117512,124815,0.1220703125,0.48828125,6.28662109375,99,386.4,"0",full
7a09a483-c77d-4a34-9750-25b7aeca6add,c9549b4e-052f-421d-b8f7-e4aa2078007e,2026-04-29T12:52:42.975Z,71,,32.74095153808594,42.80523681640625,32.57598876953125,100420.09375,32.27171325683594,100459.078125,46.22868347167969,100350.796875,19.576440811157227,0,0.037841796875,1.016357421875,-0.2255859375,117512,124815,-1.03759765625,0.9765625,7.01904296875,99,386.4,"0",full
7a09a483-c77d-4a34-9750-25b7aeca6add,c9549b4e-052f-421d-b8f7-e4aa2078007e,2026-04-29T12:52:43.004Z,71,,32.74095153808594,41.00469970703125,32.57554626464844,100415.828125,32.27171325683594,100459.078125,46.229095458984375,100350.765625,19.576440811157227,0,0.037841796875,1.016357421875,-0.2255859375,117799,125024,-1.03759765625,0.9765625,7.01904296875,99,386.4,"0",full
7a09a483-c77d-4a34-9750-25b7aeca6add,c9549b4e-052f-421d-b8f7-e4aa2078007e,2026-04-29T12:52:43.080Z,71,,32.74095153808594,41.00469970703125,32.57554626464844,100415.828125,32.27171325683594,100459.078125,46.22828674316406,100350.796875,19.576440811157227,0,0.037841796875,1.016357421875,-0.2255859375,117799,125024,-1.03759765625,0.9765625,7.01904296875,99,386.4,"0",full